-- phpMyAdmin SQL Dump
-- version 4.8.3
-- https://www.phpmyadmin.net/
--
-- Host: localhost
-- Generation Time: Nov 02, 2019 at 11:31 PM
-- Server version: 5.5.60-MariaDB
-- PHP Version: 7.2.11

SET SQL_MODE = "NO_AUTO_VALUE_ON_ZERO";
SET AUTOCOMMIT = 0;
START TRANSACTION;
SET time_zone = "+00:00";


/*!40101 SET @OLD_CHARACTER_SET_CLIENT=@@CHARACTER_SET_CLIENT */;
/*!40101 SET @OLD_CHARACTER_SET_RESULTS=@@CHARACTER_SET_RESULTS */;
/*!40101 SET @OLD_COLLATION_CONNECTION=@@COLLATION_CONNECTION */;
/*!40101 SET NAMES utf8mb4 */;

--
-- Database: `ad123in_innhanh`
--

-- --------------------------------------------------------

--
-- Table structure for table `caches`
--

CREATE TABLE `caches` (
  `name` varchar(191) NOT NULL,
  `data` mediumtext NOT NULL,
  `expires` datetime NOT NULL
) ENGINE=MyISAM DEFAULT CHARSET=utf8;

--
-- Dumping data for table `caches`
--

INSERT INTO `caches` (`name`, `data`, `expires`) VALUES
('Modules.wire/modules/', 'AdminTheme/AdminThemeDefault/AdminThemeDefault.module\nAdminTheme/AdminThemeReno/AdminThemeReno.module\nAdminTheme/AdminThemeUikit/AdminThemeUikit.module\nFieldtype/FieldtypeCache.module\nFieldtype/FieldtypeCheckbox.module\nFieldtype/FieldtypeComments/CommentFilterAkismet.module\nFieldtype/FieldtypeComments/FieldtypeComments.module\nFieldtype/FieldtypeComments/InputfieldCommentsAdmin.module\nFieldtype/FieldtypeDatetime.module\nFieldtype/FieldtypeEmail.module\nFieldtype/FieldtypeFieldsetClose.module\nFieldtype/FieldtypeFieldsetOpen.module\nFieldtype/FieldtypeFieldsetTabOpen.module\nFieldtype/FieldtypeFile.module\nFieldtype/FieldtypeFloat.module\nFieldtype/FieldtypeImage.module\nFieldtype/FieldtypeInteger.module\nFieldtype/FieldtypeModule.module\nFieldtype/FieldtypeOptions/FieldtypeOptions.module\nFieldtype/FieldtypePage.module\nFieldtype/FieldtypePageTable.module\nFieldtype/FieldtypePageTitle.module\nFieldtype/FieldtypePassword.module\nFieldtype/FieldtypeRepeater/FieldtypeFieldsetPage.module\nFieldtype/FieldtypeRepeater/FieldtypeRepeater.module\nFieldtype/FieldtypeRepeater/InputfieldRepeater.module\nFieldtype/FieldtypeSelector.module\nFieldtype/FieldtypeText.module\nFieldtype/FieldtypeTextarea.module\nFieldtype/FieldtypeURL.module\nFileCompilerTags.module\nImage/ImageSizerEngineAnimatedGif/ImageSizerEngineAnimatedGif.module\nImage/ImageSizerEngineIMagick/ImageSizerEngineIMagick.module\nInputfield/InputfieldAsmSelect/InputfieldAsmSelect.module\nInputfield/InputfieldButton.module\nInputfield/InputfieldCheckbox.module\nInputfield/InputfieldCheckboxes/InputfieldCheckboxes.module\nInputfield/InputfieldCKEditor/InputfieldCKEditor.module\nInputfield/InputfieldDatetime/InputfieldDatetime.module\nInputfield/InputfieldEmail.module\nInputfield/InputfieldFieldset.module\nInputfield/InputfieldFile/InputfieldFile.module\nInputfield/InputfieldFloat.module\nInputfield/InputfieldForm.module\nInputfield/InputfieldHidden.module\nInputfield/InputfieldIcon/InputfieldIcon.module\nInputfield/InputfieldImage/InputfieldImage.module\nInputfield/InputfieldInteger.module\nInputfield/InputfieldMarkup.module\nInputfield/InputfieldName.module\nInputfield/InputfieldPage/InputfieldPage.module\nInputfield/InputfieldPageAutocomplete/InputfieldPageAutocomplete.module\nInputfield/InputfieldPageListSelect/InputfieldPageListSelect.module\nInputfield/InputfieldPageListSelect/InputfieldPageListSelectMultiple.module\nInputfield/InputfieldPageName/InputfieldPageName.module\nInputfield/InputfieldPageTable/InputfieldPageTable.module\nInputfield/InputfieldPageTitle/InputfieldPageTitle.module\nInputfield/InputfieldPassword/InputfieldPassword.module\nInputfield/InputfieldRadios/InputfieldRadios.module\nInputfield/InputfieldSelect.module\nInputfield/InputfieldSelectMultiple.module\nInputfield/InputfieldSelector/InputfieldSelector.module\nInputfield/InputfieldSubmit/InputfieldSubmit.module\nInputfield/InputfieldText.module\nInputfield/InputfieldTextarea.module\nInputfield/InputfieldURL.module\nJquery/JqueryCore/JqueryCore.module\nJquery/JqueryMagnific/JqueryMagnific.module\nJquery/JqueryTableSorter/JqueryTableSorter.module\nJquery/JqueryUI/JqueryUI.module\nJquery/JqueryWireTabs/JqueryWireTabs.module\nLanguageSupport/FieldtypePageTitleLanguage.module\nLanguageSupport/FieldtypeTextareaLanguage.module\nLanguageSupport/FieldtypeTextLanguage.module\nLanguageSupport/LanguageSupport.module\nLanguageSupport/LanguageSupportFields.module\nLanguageSupport/LanguageSupportPageNames.module\nLanguageSupport/LanguageTabs.module\nLanguageSupport/ProcessLanguage.module\nLanguageSupport/ProcessLanguageTranslator.module\nLazyCron.module\nMarkup/MarkupAdminDataTable/MarkupAdminDataTable.module\nMarkup/MarkupCache.module\nMarkup/MarkupHTMLPurifier/MarkupHTMLPurifier.module\nMarkup/MarkupPageArray.module\nMarkup/MarkupPageFields.module\nMarkup/MarkupPagerNav/MarkupPagerNav.module\nMarkup/MarkupRSS.module\nPage/PageFrontEdit/PageFrontEdit.module\nPagePathHistory.module\nPagePaths.module\nPagePermissions.module\nPageRender.module\nProcess/ProcessCommentsManager/ProcessCommentsManager.module\nProcess/ProcessField/ProcessField.module\nProcess/ProcessForgotPassword.module\nProcess/ProcessHome.module\nProcess/ProcessList.module\nProcess/ProcessLogger/ProcessLogger.module\nProcess/ProcessLogin/ProcessLogin.module\nProcess/ProcessModule/ProcessModule.module\nProcess/ProcessPageAdd/ProcessPageAdd.module\nProcess/ProcessPageClone.module\nProcess/ProcessPageEdit/ProcessPageEdit.module\nProcess/ProcessPageEditImageSelect/ProcessPageEditImageSelect.module\nProcess/ProcessPageEditLink/ProcessPageEditLink.module\nProcess/ProcessPageList/ProcessPageList.module\nProcess/ProcessPageLister/ProcessPageLister.module\nProcess/ProcessPageSearch/ProcessPageSearch.module\nProcess/ProcessPagesExportImport/ProcessPagesExportImport.module\nProcess/ProcessPageSort.module\nProcess/ProcessPageTrash.module\nProcess/ProcessPageType/ProcessPageType.module\nProcess/ProcessPageView.module\nProcess/ProcessPermission/ProcessPermission.module\nProcess/ProcessProfile/ProcessProfile.module\nProcess/ProcessRecentPages/ProcessRecentPages.module\nProcess/ProcessRole/ProcessRole.module\nProcess/ProcessTemplate/ProcessTemplate.module\nProcess/ProcessUser/ProcessUser.module\nSession/SessionHandlerDB/ProcessSessionDB.module\nSession/SessionHandlerDB/SessionHandlerDB.module\nSession/SessionLoginThrottle/SessionLoginThrottle.module\nSystem/SystemNotifications/FieldtypeNotifications.module\nSystem/SystemNotifications/SystemNotifications.module\nSystem/SystemUpdater/SystemUpdater.module\nTextformatter/TextformatterEntities.module\nTextformatter/TextformatterMarkdownExtra/TextformatterMarkdownExtra.module\nTextformatter/TextformatterNewlineBR.module\nTextformatter/TextformatterNewlineUL.module\nTextformatter/TextformatterPstripper.module\nTextformatter/TextformatterSmartypants/TextformatterSmartypants.module\nTextformatter/TextformatterStripTags.module', '2010-04-08 03:10:10'),
('FileCompiler__3e9d39089f65a28c9119374898a42385', '{\"source\":{\"file\":\"\\/home\\/innhanh123\\/domains\\/innhanh123.vn\\/public_html\\/site\\/ready.php\",\"hash\":\"e8d5e2381de7ceb3fe1f2f66b7387728\",\"size\":1376,\"time\":1545420649,\"ns\":\"ProcessWire\"},\"target\":{\"file\":\"\\/home\\/innhanh123\\/domains\\/innhanh123.vn\\/public_html\\/site\\/assets\\/cache\\/FileCompiler\\/site\\/ready.php\",\"hash\":\"e8d5e2381de7ceb3fe1f2f66b7387728\",\"size\":1376,\"time\":1545420649}}', '2010-04-08 03:10:10'),
('FileCompiler__4f78727f9f4fe9e6b50bc297594f1d76', '{\"source\":{\"file\":\"\\/home\\/innhanh123\\/domains\\/in123.vn\\/public_html\\/site\\/modules\\/ProcessHannaCode\\/TextformatterHannaCode.module\",\"hash\":\"b7a615d3f3b56524d845f29f152bff8e\",\"size\":13771,\"time\":1571438902,\"ns\":\"\\\\\"},\"target\":{\"file\":\"\\/home\\/innhanh123\\/domains\\/in123.vn\\/public_html\\/site\\/assets\\/cache\\/FileCompiler\\/site\\/modules\\/ProcessHannaCode\\/TextformatterHannaCode.module\",\"hash\":\"904d85cee49835d43de61533e65251c9\",\"size\":14344,\"time\":1571438902}}', '2010-04-08 03:10:10'),
('FileCompiler__2dd5a7cabe54ba18e62bc2b22db6cf97', '{\"source\":{\"file\":\"\\/home\\/innhanh123\\/domains\\/in123.vn\\/public_html\\/site\\/templates\\/blocks\\/_basic-page-jumb.php\",\"hash\":\"ae713a4616f678c50cbeb7cfeb99323b\",\"size\":1168,\"time\":1570310829,\"ns\":\"\\\\\"},\"target\":{\"file\":\"\\/home\\/innhanh123\\/domains\\/in123.vn\\/public_html\\/site\\/assets\\/cache\\/FileCompiler\\/site\\/templates\\/blocks\\/_basic-page-jumb.php\",\"hash\":\"5ad8ac48e057aae83c975922bc9e4b23\",\"size\":1181,\"time\":1570310829}}', '2010-04-08 03:10:10'),
('ModulesUninstalled.info', '{\"AdminThemeReno\":{\"name\":\"AdminThemeReno\",\"title\":\"Reno\",\"version\":17,\"versionStr\":\"0.1.7\",\"author\":\"Tom Reno (Renobird)\",\"summary\":\"Admin theme for ProcessWire 2.5+ by Tom Reno (Renobird)\",\"requiresVersions\":{\"AdminThemeDefault\":[\">=\",0]},\"autoload\":\"template=admin\",\"created\":1545420650,\"installed\":false,\"configurable\":3,\"namespace\":\"ProcessWire\\\\\",\"core\":true},\"FieldtypeCache\":{\"name\":\"FieldtypeCache\",\"title\":\"Cache\",\"version\":102,\"versionStr\":\"1.0.2\",\"summary\":\"Caches the values of other fields for fewer runtime queries. Can also be used to combine multiple text fields and have them all be searchable under the cached field name.\",\"created\":1545420650,\"installed\":false,\"namespace\":\"ProcessWire\\\\\",\"core\":true},\"CommentFilterAkismet\":{\"name\":\"CommentFilterAkismet\",\"title\":\"Comment Filter: Akismet\",\"version\":102,\"versionStr\":\"1.0.2\",\"summary\":\"Uses the Akismet service to identify comment spam. Module plugin for the Comments Fieldtype.\",\"requiresVersions\":{\"FieldtypeComments\":[\">=\",0]},\"created\":1545420650,\"installed\":false,\"configurable\":3,\"namespace\":\"ProcessWire\\\\\",\"core\":true},\"FieldtypeOptions\":{\"name\":\"FieldtypeOptions\",\"title\":\"Select Options\",\"version\":1,\"versionStr\":\"0.0.1\",\"summary\":\"Field that stores single and multi select options.\",\"created\":1545420650,\"installed\":false,\"namespace\":\"ProcessWire\\\\\",\"core\":true},\"FieldtypePageTable\":{\"name\":\"FieldtypePageTable\",\"title\":\"ProFields: Page Table\",\"version\":8,\"versionStr\":\"0.0.8\",\"summary\":\"A fieldtype containing a group of editable pages.\",\"installs\":[\"InputfieldPageTable\"],\"autoload\":true,\"created\":1545420650,\"installed\":false,\"namespace\":\"ProcessWire\\\\\",\"core\":true},\"FieldtypeFieldsetPage\":{\"name\":\"FieldtypeFieldsetPage\",\"title\":\"Fieldset (Page)\",\"version\":1,\"versionStr\":\"0.0.1\",\"summary\":\"Fieldset with fields isolated to separate namespace (page), enabling re-use of fields.\",\"requiresVersions\":{\"FieldtypeRepeater\":[\">=\",0]},\"autoload\":true,\"created\":1545420650,\"installed\":false,\"configurable\":3,\"namespace\":\"ProcessWire\\\\\",\"core\":true},\"FieldtypeSelector\":{\"name\":\"FieldtypeSelector\",\"title\":\"Selector\",\"version\":13,\"versionStr\":\"0.1.3\",\"author\":\"Avoine + ProcessWire\",\"summary\":\"Build a page finding selector visually.\",\"created\":1545420650,\"installed\":false,\"namespace\":\"ProcessWire\\\\\",\"core\":true},\"FileCompilerTags\":{\"name\":\"FileCompilerTags\",\"title\":\"Tags File Compiler\",\"version\":1,\"versionStr\":\"0.0.1\",\"summary\":\"Enables {var} or {var.property} variables in markup sections of a file. Can be used with any API variable.\",\"created\":1545420650,\"installed\":false,\"configurable\":4,\"namespace\":\"ProcessWire\\\\\",\"core\":true},\"ImageSizerEngineAnimatedGif\":{\"name\":\"ImageSizerEngineAnimatedGif\",\"title\":\"Animated GIF Image Sizer\",\"version\":1,\"versionStr\":\"0.0.1\",\"author\":\"Horst Nogajski\",\"summary\":\"Upgrades image manipulations for animated GIFs.\",\"created\":1545420650,\"installed\":false,\"configurable\":4,\"namespace\":\"ProcessWire\\\\\",\"core\":true},\"ImageSizerEngineIMagick\":{\"name\":\"ImageSizerEngineIMagick\",\"title\":\"IMagick Image Sizer\",\"version\":2,\"versionStr\":\"0.0.2\",\"author\":\"Horst Nogajski\",\"summary\":\"Upgrades image manipulations to use PHP\'s ImageMagick library when possible.\",\"created\":1545420650,\"installed\":false,\"configurable\":4,\"namespace\":\"ProcessWire\\\\\",\"core\":true},\"InputfieldPageTable\":{\"name\":\"InputfieldPageTable\",\"title\":\"ProFields: Page Table\",\"version\":13,\"versionStr\":\"0.1.3\",\"summary\":\"Inputfield to accompany FieldtypePageTable\",\"requiresVersions\":{\"FieldtypePageTable\":[\">=\",0]},\"created\":1545420650,\"installed\":false,\"namespace\":\"ProcessWire\\\\\",\"core\":true},\"FieldtypePageTitleLanguage\":{\"name\":\"FieldtypePageTitleLanguage\",\"title\":\"Page Title (Multi-Language)\",\"version\":100,\"versionStr\":\"1.0.0\",\"author\":\"Ryan Cramer\",\"summary\":\"Field that stores a page title in multiple languages. Use this only if you want title inputs created for ALL languages on ALL pages. Otherwise create separate languaged-named title fields, i.e. title_fr, title_es, title_fi, etc. \",\"requiresVersions\":{\"LanguageSupportFields\":[\">=\",0],\"FieldtypeTextLanguage\":[\">=\",0]},\"created\":1545420650,\"installed\":false,\"namespace\":\"ProcessWire\\\\\",\"core\":true},\"FieldtypeTextareaLanguage\":{\"name\":\"FieldtypeTextareaLanguage\",\"title\":\"Textarea (Multi-language)\",\"version\":100,\"versionStr\":\"1.0.0\",\"summary\":\"Field that stores a multiple lines of text in multiple languages\",\"requiresVersions\":{\"LanguageSupportFields\":[\">=\",0]},\"created\":1545420650,\"installed\":false,\"namespace\":\"ProcessWire\\\\\",\"core\":true},\"FieldtypeTextLanguage\":{\"name\":\"FieldtypeTextLanguage\",\"title\":\"Text (Multi-language)\",\"version\":100,\"versionStr\":\"1.0.0\",\"summary\":\"Field that stores a single line of text in multiple languages\",\"requiresVersions\":{\"LanguageSupportFields\":[\">=\",0]},\"created\":1545420650,\"installed\":false,\"namespace\":\"ProcessWire\\\\\",\"core\":true},\"LanguageSupport\":{\"name\":\"LanguageSupport\",\"title\":\"Languages Support\",\"version\":103,\"versionStr\":\"1.0.3\",\"author\":\"Ryan Cramer\",\"summary\":\"ProcessWire multi-language support.\",\"installs\":[\"ProcessLanguage\",\"ProcessLanguageTranslator\"],\"autoload\":true,\"singular\":true,\"created\":1545420650,\"installed\":false,\"configurable\":3,\"namespace\":\"ProcessWire\\\\\",\"core\":true,\"addFlag\":32},\"LanguageSupportFields\":{\"name\":\"LanguageSupportFields\",\"title\":\"Languages Support - Fields\",\"version\":100,\"versionStr\":\"1.0.0\",\"author\":\"Ryan Cramer\",\"summary\":\"Required to use multi-language fields.\",\"requiresVersions\":{\"LanguageSupport\":[\">=\",0]},\"installs\":[\"FieldtypePageTitleLanguage\",\"FieldtypeTextareaLanguage\",\"FieldtypeTextLanguage\"],\"autoload\":true,\"singular\":true,\"created\":1545420650,\"installed\":false,\"namespace\":\"ProcessWire\\\\\",\"core\":true},\"LanguageSupportPageNames\":{\"name\":\"LanguageSupportPageNames\",\"title\":\"Languages Support - Page Names\",\"version\":10,\"versionStr\":\"0.1.0\",\"author\":\"Ryan Cramer\",\"summary\":\"Required to use multi-language page names.\",\"requiresVersions\":{\"LanguageSupport\":[\">=\",0],\"LanguageSupportFields\":[\">=\",0]},\"autoload\":true,\"singular\":true,\"created\":1545420650,\"installed\":false,\"configurable\":3,\"namespace\":\"ProcessWire\\\\\",\"core\":true},\"LanguageTabs\":{\"name\":\"LanguageTabs\",\"title\":\"Languages Support - Tabs\",\"version\":114,\"versionStr\":\"1.1.4\",\"author\":\"adamspruijt, ryan\",\"summary\":\"Organizes multi-language fields into tabs for a cleaner easier to use interface.\",\"requiresVersions\":{\"LanguageSupport\":[\">=\",0]},\"autoload\":\"template=admin\",\"singular\":true,\"created\":1545420650,\"installed\":false,\"configurable\":4,\"namespace\":\"ProcessWire\\\\\",\"core\":true},\"ProcessLanguage\":{\"name\":\"ProcessLanguage\",\"title\":\"Languages\",\"version\":103,\"versionStr\":\"1.0.3\",\"author\":\"Ryan Cramer\",\"summary\":\"Manage system languages\",\"icon\":\"language\",\"requiresVersions\":{\"LanguageSupport\":[\">=\",0]},\"permission\":\"lang-edit\",\"permissions\":{\"lang-edit\":\"Administer languages and static translation files\"},\"created\":1545420650,\"installed\":false,\"configurable\":3,\"namespace\":\"ProcessWire\\\\\",\"core\":true,\"useNavJSON\":true},\"ProcessLanguageTranslator\":{\"name\":\"ProcessLanguageTranslator\",\"title\":\"Language Translator\",\"version\":101,\"versionStr\":\"1.0.1\",\"author\":\"Ryan Cramer\",\"summary\":\"Provides language translation capabilities for ProcessWire core and modules.\",\"requiresVersions\":{\"LanguageSupport\":[\">=\",0]},\"permission\":\"lang-edit\",\"created\":1545420650,\"installed\":false,\"namespace\":\"ProcessWire\\\\\",\"core\":true},\"LazyCron\":{\"name\":\"LazyCron\",\"title\":\"Lazy Cron\",\"version\":102,\"versionStr\":\"1.0.2\",\"summary\":\"Provides hooks that are automatically executed at various intervals. It is called \'lazy\' because it\'s triggered by a pageview, so the interval is guaranteed to be at least the time requested, rather than exactly the time requested. This is fine for most cases, but you can make it not lazy by connecting this to a real CRON job. See the module file for details. \",\"href\":\"https:\\/\\/processwire.com\\/api\\/modules\\/lazy-cron\\/\",\"autoload\":true,\"singular\":true,\"created\":1545420650,\"installed\":false,\"namespace\":\"ProcessWire\\\\\",\"core\":true},\"MarkupCache\":{\"name\":\"MarkupCache\",\"title\":\"Markup Cache\",\"version\":101,\"versionStr\":\"1.0.1\",\"summary\":\"A simple way to cache segments of markup in your templates. \",\"href\":\"https:\\/\\/processwire.com\\/api\\/modules\\/markupcache\\/\",\"autoload\":true,\"singular\":true,\"created\":1545420650,\"installed\":false,\"configurable\":3,\"namespace\":\"ProcessWire\\\\\",\"core\":true},\"MarkupPageFields\":{\"name\":\"MarkupPageFields\",\"title\":\"Markup Page Fields\",\"version\":100,\"versionStr\":\"1.0.0\",\"summary\":\"Adds $page->renderFields() and $page->images->render() methods that return basic markup for output during development and debugging.\",\"autoload\":true,\"singular\":true,\"created\":1545420650,\"installed\":false,\"namespace\":\"ProcessWire\\\\\",\"core\":true,\"permanent\":true},\"MarkupRSS\":{\"name\":\"MarkupRSS\",\"title\":\"Markup RSS Feed\",\"version\":102,\"versionStr\":\"1.0.2\",\"summary\":\"Renders an RSS feed. Given a PageArray, renders an RSS feed of them.\",\"created\":1545420650,\"installed\":false,\"configurable\":3,\"namespace\":\"ProcessWire\\\\\",\"core\":true},\"PagePaths\":{\"name\":\"PagePaths\",\"title\":\"Page Paths\",\"version\":1,\"versionStr\":\"0.0.1\",\"summary\":\"Enables page paths\\/urls to be queryable by selectors. Also offers potential for improved load performance. Builds an index at install (may take time on a large site). Currently supports only single languages sites.\",\"autoload\":true,\"singular\":true,\"created\":1545420650,\"installed\":false,\"namespace\":\"ProcessWire\\\\\",\"core\":true},\"ProcessForgotPassword\":{\"name\":\"ProcessForgotPassword\",\"title\":\"Forgot Password\",\"version\":103,\"versionStr\":\"1.0.3\",\"summary\":\"Provides password reset\\/email capability for the Login process.\",\"permission\":\"page-view\",\"created\":1545420650,\"installed\":false,\"configurable\":4,\"namespace\":\"ProcessWire\\\\\",\"core\":true},\"ProcessPageClone\":{\"name\":\"ProcessPageClone\",\"title\":\"Page Clone\",\"version\":104,\"versionStr\":\"1.0.4\",\"summary\":\"Provides ability to clone\\/copy\\/duplicate pages in the admin. Adds a \\\"copy\\\" option to all applicable pages in the PageList.\",\"permission\":\"page-clone\",\"permissions\":{\"page-clone\":\"Clone a page\",\"page-clone-tree\":\"Clone a tree of pages\"},\"autoload\":\"template=admin\",\"created\":1545420650,\"installed\":false,\"namespace\":\"ProcessWire\\\\\",\"core\":true,\"page\":{\"name\":\"clone\",\"title\":\"Clone\",\"parent\":\"page\",\"status\":1024}},\"ProcessPagesExportImport\":{\"name\":\"ProcessPagesExportImport\",\"title\":\"Pages Export\\/Import\",\"version\":1,\"versionStr\":\"0.0.1\",\"author\":\"Ryan Cramer\",\"summary\":\"Enables exporting and importing of pages. Development version, not yet recommended for production use.\",\"icon\":\"paper-plane-o\",\"permission\":\"page-edit-export\",\"created\":1545420650,\"installed\":false,\"namespace\":\"ProcessWire\\\\\",\"core\":true,\"page\":{\"name\":\"export-import\",\"parent\":\"page\",\"title\":\"Export\\/Import\"}},\"ProcessSessionDB\":{\"name\":\"ProcessSessionDB\",\"title\":\"Sessions\",\"version\":3,\"versionStr\":\"0.0.3\",\"summary\":\"Enables you to browse active database sessions.\",\"icon\":\"dashboard\",\"requiresVersions\":{\"SessionHandlerDB\":[\">=\",0]},\"created\":1545420650,\"installed\":false,\"namespace\":\"ProcessWire\\\\\",\"core\":true},\"SessionHandlerDB\":{\"name\":\"SessionHandlerDB\",\"title\":\"Session Handler Database\",\"version\":5,\"versionStr\":\"0.0.5\",\"summary\":\"Installing this module makes ProcessWire store sessions in the database rather than the file system. Note that this module will log you out after install or uninstall.\",\"installs\":[\"ProcessSessionDB\"],\"created\":1545420650,\"installed\":false,\"configurable\":3,\"namespace\":\"ProcessWire\\\\\",\"core\":true},\"FieldtypeNotifications\":{\"name\":\"FieldtypeNotifications\",\"title\":\"Notifications\",\"version\":4,\"versionStr\":\"0.0.4\",\"summary\":\"Field that stores user notifications.\",\"requiresVersions\":{\"SystemNotifications\":[\">=\",0]},\"created\":1545420650,\"installed\":false,\"namespace\":\"ProcessWire\\\\\",\"core\":true},\"SystemNotifications\":{\"name\":\"SystemNotifications\",\"title\":\"System Notifications\",\"version\":12,\"versionStr\":\"0.1.2\",\"summary\":\"Adds support for notifications in ProcessWire (currently in development)\",\"icon\":\"bell\",\"installs\":[\"FieldtypeNotifications\"],\"autoload\":true,\"created\":1545420650,\"installed\":false,\"configurable\":\"SystemNotificationsConfig.php\",\"namespace\":\"ProcessWire\\\\\",\"core\":true},\"TextformatterMarkdownExtra\":{\"name\":\"TextformatterMarkdownExtra\",\"title\":\"Markdown\\/Parsedown Extra\",\"version\":130,\"versionStr\":\"1.3.0\",\"summary\":\"Markdown\\/Parsedown extra lightweight markup language by Emanuil Rusev. Based on Markdown by John Gruber.\",\"created\":1545420650,\"installed\":false,\"configurable\":3,\"namespace\":\"ProcessWire\\\\\",\"core\":true},\"TextformatterNewlineBR\":{\"name\":\"TextformatterNewlineBR\",\"title\":\"Newlines to XHTML Line Breaks\",\"version\":100,\"versionStr\":\"1.0.0\",\"summary\":\"Converts newlines to XHTML line break <br \\/> tags. \",\"created\":1545420650,\"installed\":false,\"namespace\":\"ProcessWire\\\\\",\"core\":true},\"TextformatterNewlineUL\":{\"name\":\"TextformatterNewlineUL\",\"title\":\"Newlines to Unordered List\",\"version\":100,\"versionStr\":\"1.0.0\",\"summary\":\"Converts newlines to <li> list items and surrounds in an <ul> unordered list. \",\"created\":1545420650,\"installed\":false,\"namespace\":\"ProcessWire\\\\\",\"core\":true},\"TextformatterPstripper\":{\"name\":\"TextformatterPstripper\",\"title\":\"Paragraph Stripper\",\"version\":100,\"versionStr\":\"1.0.0\",\"summary\":\"Strips paragraph <p> tags that may have been applied by other text formatters before it. \",\"created\":1545420650,\"installed\":false,\"namespace\":\"ProcessWire\\\\\",\"core\":true},\"TextformatterSmartypants\":{\"name\":\"TextformatterSmartypants\",\"title\":\"SmartyPants Typographer\",\"version\":171,\"versionStr\":\"1.7.1\",\"summary\":\"Smart typography for web sites, by Michel Fortin based on SmartyPants by John Gruber. If combined with Markdown, it should be applied AFTER Markdown.\",\"created\":1545420650,\"installed\":false,\"configurable\":4,\"namespace\":\"ProcessWire\\\\\",\"core\":true,\"url\":\"https:\\/\\/github.com\\/michelf\\/php-smartypants\"},\"TextformatterStripTags\":{\"name\":\"TextformatterStripTags\",\"title\":\"Strip Markup Tags\",\"version\":100,\"versionStr\":\"1.0.0\",\"summary\":\"Strips HTML\\/XHTML Markup Tags\",\"created\":1545420650,\"installed\":false,\"configurable\":3,\"namespace\":\"ProcessWire\\\\\",\"core\":true},\"Helloworld\":{\"name\":\"Helloworld\",\"title\":\"Hello World\",\"version\":3,\"versionStr\":\"0.0.3\",\"summary\":\"An example module used for demonstration purposes.\",\"href\":\"https:\\/\\/processwire.com\",\"icon\":\"smile-o\",\"autoload\":true,\"singular\":true,\"created\":1571874258,\"installed\":false},\"InputfieldFormBuilderPageBreak\":{\"name\":\"InputfieldFormBuilderPageBreak\",\"title\":\"Page Break (for FormBuilder)\",\"version\":1,\"versionStr\":\"0.0.1\",\"summary\":\"Enables you to create separate paginations of a form in FormBuilder.\",\"requiresVersions\":{\"FormBuilder\":[\">=\",0]},\"created\":1572043315,\"installed\":false},\"InputfieldFormBuilderForm\":{\"name\":\"InputfieldFormBuilderForm\",\"title\":\"Form (for FormBuilder)\",\"version\":1,\"versionStr\":\"0.0.1\",\"summary\":\"Enables you to include one FormBuilder form within another.\",\"requiresVersions\":{\"FormBuilder\":[\">=\",0]},\"created\":1572043315,\"installed\":false},\"MarkupGoogleCalendar\":{\"name\":\"MarkupGoogleCalendar\",\"title\":\"Google Calendar Markup\",\"version\":3,\"versionStr\":\"0.0.3\",\"author\":\"Ryan Cramer\",\"summary\":\"Renders a calendar with data from Google\",\"icon\":\"google\",\"requiresVersions\":{\"GoogleClientAPI\":[\">=\",0],\"PHP\":[\">=\",\"5.4.0\"],\"ProcessWire\":[\">=\",\"3.0.10\"]},\"created\":1572188960,\"installed\":false,\"license\":\"MPL 2.0\"}}', '2010-04-08 03:10:10'),
('Modules.site/modules/', 'FieldtypeMultiplier/FieldtypeMultiplier.module\nFieldtypeMultiplier/InputfieldMultiplier.module\nFieldtypeRepeaterMatrix/FieldtypeRepeaterMatrix.module\nFieldtypeRepeaterMatrix/InputfieldRepeaterMatrix.module\nFieldtypeTable/FieldtypeTable.module\nFieldtypeTable/InputfieldTable.module\nFieldtypeTextareas/FieldtypeTextareas.module\nFieldtypeTextareas/InputfieldTextareas.module\nHelloworld/Helloworld.module\nProcessHannaCode/ProcessHannaCode.module\nProcessHannaCode/TextformatterHannaCode.module\nFormBuilder/InputfieldFormBuilderPageBreak.module\nFormBuilder/FormBuilder.module\nFormBuilder/InputfieldFormBuilderFile.module\nFormBuilder/ProcessFormBuilder.module\nFormBuilder/InputfieldFormBuilderForm.module\nWireMailSmtp/WireMailSmtp.module\nGoogleClientAPI/GoogleClientAPI.module\nGoogleClientAPI/MarkupGoogleCalendar.module', '2010-04-08 03:10:10'),
('FileCompiler__ef0da723926b595c284380a7ce10eaff', '{\"source\":{\"file\":\"\\/home\\/innhanh123\\/domains\\/innhanh123.vn\\/public_html\\/site\\/templates\\/_init.php\",\"hash\":\"56291b4098bf889898a86fbdc6f91291\",\"size\":193,\"time\":1545420649,\"ns\":\"ProcessWire\"},\"target\":{\"file\":\"\\/home\\/innhanh123\\/domains\\/innhanh123.vn\\/public_html\\/site\\/assets\\/cache\\/FileCompiler\\/site\\/templates\\/_init.php\",\"hash\":\"56291b4098bf889898a86fbdc6f91291\",\"size\":193,\"time\":1545420649}}', '2010-04-08 03:10:10'),
('FileCompiler__589bc672abe7d43b64f7de8cff9f960f', '{\"source\":{\"file\":\"\\/home\\/innhanh123\\/domains\\/innhanh123.vn\\/public_html\\/site\\/templates\\/_main.php\",\"hash\":\"68217d3bb2e6de5a8121d1d042ccb109\",\"size\":4748,\"time\":1557500627,\"ns\":\"ProcessWire\"},\"target\":{\"file\":\"\\/home\\/innhanh123\\/domains\\/innhanh123.vn\\/public_html\\/site\\/assets\\/cache\\/FileCompiler\\/site\\/templates\\/_main.php\",\"hash\":\"68217d3bb2e6de5a8121d1d042ccb109\",\"size\":4748,\"time\":1557500627}}', '2010-04-08 03:10:10'),
('FileCompiler__09a365cf1c0f16e0e7ebe541ba23405a', '{\"source\":{\"file\":\"\\/home\\/innhanh123\\/domains\\/innhanh123.vn\\/public_html\\/site\\/templates\\/home.php\",\"hash\":\"974afae7c57a15c53979d029576f696d\",\"size\":759,\"time\":1557501220,\"ns\":\"ProcessWire\"},\"target\":{\"file\":\"\\/home\\/innhanh123\\/domains\\/innhanh123.vn\\/public_html\\/site\\/assets\\/cache\\/FileCompiler\\/site\\/templates\\/home.php\",\"hash\":\"974afae7c57a15c53979d029576f696d\",\"size\":759,\"time\":1557501220}}', '2010-04-08 03:10:10'),
('FileCompiler__4d148bbd620af2d75ed67ea43c1f61b8', '{\"source\":{\"file\":\"\\/home\\/innhanh123\\/domains\\/innhanh123.vn\\/public_html\\/site\\/templates\\/categories.php\",\"hash\":\"62fb430c1e455331b8e79da9718a33b8\",\"size\":650,\"time\":1557501048,\"ns\":\"ProcessWire\"},\"target\":{\"file\":\"\\/home\\/innhanh123\\/domains\\/innhanh123.vn\\/public_html\\/site\\/assets\\/cache\\/FileCompiler\\/site\\/templates\\/categories.php\",\"hash\":\"62fb430c1e455331b8e79da9718a33b8\",\"size\":650,\"time\":1557501048}}', '2010-04-08 03:10:10'),
('FileCompiler__db04dc81d1f184e8997e140fbd931edb', '{\"source\":{\"file\":\"\\/home\\/innhanh123\\/domains\\/innhanh123.vn\\/public_html\\/site\\/templates\\/blog.php\",\"hash\":\"c153d398ea902973649ec310d4e4b777\",\"size\":485,\"time\":1557446406,\"ns\":\"ProcessWire\"},\"target\":{\"file\":\"\\/home\\/innhanh123\\/domains\\/innhanh123.vn\\/public_html\\/site\\/assets\\/cache\\/FileCompiler\\/site\\/templates\\/blog.php\",\"hash\":\"c153d398ea902973649ec310d4e4b777\",\"size\":485,\"time\":1557446406}}', '2010-04-08 03:10:10'),
('FileCompiler__7afcaa506e2f732d0a7053dac2f2f8dc', '{\"source\":{\"file\":\"\\/home\\/innhanh123\\/domains\\/innhanh123.vn\\/public_html\\/site\\/templates\\/admin.php\",\"hash\":\"9636f854995462a4cb877cb1204bc2fe\",\"size\":467,\"time\":1545420649,\"ns\":\"ProcessWire\"},\"target\":{\"file\":\"\\/home\\/innhanh123\\/domains\\/innhanh123.vn\\/public_html\\/site\\/assets\\/cache\\/FileCompiler\\/site\\/templates\\/admin.php\",\"hash\":\"9636f854995462a4cb877cb1204bc2fe\",\"size\":467,\"time\":1545420649}}', '2010-04-08 03:10:10'),
('FileCompiler__2cbb071ced6d5d2651ea77acf62123fd', '{\"source\":{\"file\":\"\\/home\\/innhanh123\\/domains\\/innhanh123.vn\\/public_html\\/site\\/templates\\/blog-post.php\",\"hash\":\"5eed438f8b1d1e99712e3a62c2c64b70\",\"size\":1232,\"time\":1557500334,\"ns\":\"ProcessWire\"},\"target\":{\"file\":\"\\/home\\/innhanh123\\/domains\\/innhanh123.vn\\/public_html\\/site\\/assets\\/cache\\/FileCompiler\\/site\\/templates\\/blog-post.php\",\"hash\":\"5eed438f8b1d1e99712e3a62c2c64b70\",\"size\":1232,\"time\":1557500334}}', '2010-04-08 03:10:10'),
('FileCompiler__4c3178f203f72d8bc3f09905ffb0fefc', '{\"source\":{\"file\":\"\\/home\\/innhanh123\\/domains\\/innhanh123.vn\\/public_html\\/site\\/templates\\/category.php\",\"hash\":\"d941b5dc1747884b17b6da2e113b0ff1\",\"size\":331,\"time\":1557446316,\"ns\":\"ProcessWire\"},\"target\":{\"file\":\"\\/home\\/innhanh123\\/domains\\/innhanh123.vn\\/public_html\\/site\\/assets\\/cache\\/FileCompiler\\/site\\/templates\\/category.php\",\"hash\":\"d941b5dc1747884b17b6da2e113b0ff1\",\"size\":331,\"time\":1557446316}}', '2010-04-08 03:10:10'),
('FileCompiler__8a90c6bba698d33128f8952f07168867', '{\"source\":{\"file\":\"\\/home\\/innhanh123\\/domains\\/innhanh123.vn\\/public_html\\/site\\/templates\\/basic-page.php\",\"hash\":\"d856ad78c9165e2dbca9821cb16d7e8f\",\"size\":205,\"time\":1545420649,\"ns\":\"ProcessWire\"},\"target\":{\"file\":\"\\/home\\/innhanh123\\/domains\\/innhanh123.vn\\/public_html\\/site\\/assets\\/cache\\/FileCompiler\\/site\\/templates\\/basic-page.php\",\"hash\":\"d856ad78c9165e2dbca9821cb16d7e8f\",\"size\":205,\"time\":1545420649}}', '2010-04-08 03:10:10'),
('FileCompiler__83b88139f5d8f536b5cb61720bc31e6d', '{\"source\":{\"file\":\"\\/home\\/innhanh123\\/domains\\/innhanh123.vn\\/public_html\\/site\\/templates\\/sitemap.php\",\"hash\":\"1d83027b3d0fab97c43c85979be23ece\",\"size\":142,\"time\":1545420649,\"ns\":\"ProcessWire\"},\"target\":{\"file\":\"\\/home\\/innhanh123\\/domains\\/innhanh123.vn\\/public_html\\/site\\/assets\\/cache\\/FileCompiler\\/site\\/templates\\/sitemap.php\",\"hash\":\"1d83027b3d0fab97c43c85979be23ece\",\"size\":142,\"time\":1545420649}}', '2010-04-08 03:10:10'),
('FileCompiler__e6ae3b87c6ef5e7a70a047f5cb2bae6b', '{\"source\":{\"file\":\"\\/home\\/innhanh123\\/domains\\/innhanh123.vn\\/public_html\\/site\\/templates\\/blog-news.php\",\"hash\":\"d856ad78c9165e2dbca9821cb16d7e8f\",\"size\":205,\"time\":1557453494,\"ns\":\"ProcessWire\"},\"target\":{\"file\":\"\\/home\\/innhanh123\\/domains\\/innhanh123.vn\\/public_html\\/site\\/assets\\/cache\\/FileCompiler\\/site\\/templates\\/blog-news.php\",\"hash\":\"d856ad78c9165e2dbca9821cb16d7e8f\",\"size\":205,\"time\":1557453494}}', '2010-04-08 03:10:10'),
('FileCompiler__87918fe4b7613f123d51b76a5b48c3cb', '{\"source\":{\"file\":\"\\/home\\/innhanh123\\/domains\\/in123.vn\\/public_html\\/site\\/templates\\/_init.php\",\"hash\":\"2a392148e83dc43bef0557e871c92b05\",\"size\":223,\"time\":1570460720,\"ns\":\"ProcessWire\"},\"target\":{\"file\":\"\\/home\\/innhanh123\\/domains\\/in123.vn\\/public_html\\/site\\/assets\\/cache\\/FileCompiler\\/site\\/templates\\/_init.php\",\"hash\":\"2a392148e83dc43bef0557e871c92b05\",\"size\":223,\"time\":1570460720}}', '2010-04-08 03:10:10'),
('FileCompiler__98eb1f3410e36318f7642f504ee233e8', '{\"source\":{\"file\":\"\\/home\\/innhanh123\\/domains\\/in123.vn\\/public_html\\/site\\/templates\\/_main.php\",\"hash\":\"c25262409b0bdb78d7e14473edd86c6c\",\"size\":9652,\"time\":1571715439,\"ns\":\"ProcessWire\"},\"target\":{\"file\":\"\\/home\\/innhanh123\\/domains\\/in123.vn\\/public_html\\/site\\/assets\\/cache\\/FileCompiler\\/site\\/templates\\/_main.php\",\"hash\":\"c25262409b0bdb78d7e14473edd86c6c\",\"size\":9652,\"time\":1571715439}}', '2010-04-08 03:10:10'),
('FileCompiler__8acb622fb3a60ddc921e8407819efcb5', '{\"source\":{\"file\":\"\\/home\\/innhanh123\\/domains\\/in123.vn\\/public_html\\/site\\/templates\\/home.php\",\"hash\":\"9f2a31d3db48d5cb6099decece0451ef\",\"size\":9453,\"time\":1571528987,\"ns\":\"ProcessWire\"},\"target\":{\"file\":\"\\/home\\/innhanh123\\/domains\\/in123.vn\\/public_html\\/site\\/assets\\/cache\\/FileCompiler\\/site\\/templates\\/home.php\",\"hash\":\"9f2a31d3db48d5cb6099decece0451ef\",\"size\":9453,\"time\":1571528987}}', '2010-04-08 03:10:10'),
('FileCompiler__bb5a947da97452124e172fc2bdee6ae9', '{\"source\":{\"file\":\"\\/home\\/innhanh123\\/domains\\/innhanh123.vn\\/public_html\\/site\\/templates\\/basic-page-edit.php\",\"hash\":\"62228297006ad3e960103a9c9e0ccb19\",\"size\":585,\"time\":1545420649,\"ns\":\"ProcessWire\"},\"target\":{\"file\":\"\\/home\\/innhanh123\\/domains\\/innhanh123.vn\\/public_html\\/site\\/assets\\/cache\\/FileCompiler\\/site\\/templates\\/basic-page-edit.php\",\"hash\":\"62228297006ad3e960103a9c9e0ccb19\",\"size\":585,\"time\":1545420649}}', '2010-04-08 03:10:10'),
('FileCompiler__ea1f2e18963d9e0e65c1803f6531ba55', '{\"source\":{\"file\":\"\\/home\\/innhanh123\\/domains\\/innhanh123.vn\\/public_html\\/site\\/templates\\/search.php\",\"hash\":\"0e6bc2e74dfc038ddeb20ac01a8fb661\",\"size\":1564,\"time\":1545420649,\"ns\":\"ProcessWire\"},\"target\":{\"file\":\"\\/home\\/innhanh123\\/domains\\/innhanh123.vn\\/public_html\\/site\\/assets\\/cache\\/FileCompiler\\/site\\/templates\\/search.php\",\"hash\":\"0e6bc2e74dfc038ddeb20ac01a8fb661\",\"size\":1564,\"time\":1545420649}}', '2010-04-08 03:10:10'),
('FileCompiler__4ca1fbe76905191a8b77ba49ba7d7f4d', '{\"source\":{\"file\":\"\\/home\\/innhanh123\\/domains\\/in123.vn\\/public_html\\/site\\/ready.php\",\"hash\":\"e8d5e2381de7ceb3fe1f2f66b7387728\",\"size\":1376,\"time\":1545420649,\"ns\":\"ProcessWire\"},\"target\":{\"file\":\"\\/home\\/innhanh123\\/domains\\/in123.vn\\/public_html\\/site\\/assets\\/cache\\/FileCompiler\\/site\\/ready.php\",\"hash\":\"e8d5e2381de7ceb3fe1f2f66b7387728\",\"size\":1376,\"time\":1545420649}}', '2010-04-08 03:10:10'),
('FileCompiler__cd30b02c31bf3ccb6b1765ef9ba5be5a', '{\"source\":{\"file\":\"\\/home\\/innhanh123\\/domains\\/in123.vn\\/public_html\\/site\\/templates\\/print-service-cates.php\",\"hash\":\"2770c3145045e986de6c9b6484c8e5b0\",\"size\":4234,\"time\":1570811268,\"ns\":\"ProcessWire\"},\"target\":{\"file\":\"\\/home\\/innhanh123\\/domains\\/in123.vn\\/public_html\\/site\\/assets\\/cache\\/FileCompiler\\/site\\/templates\\/print-service-cates.php\",\"hash\":\"2770c3145045e986de6c9b6484c8e5b0\",\"size\":4234,\"time\":1570811268}}', '2010-04-08 03:10:10'),
('FileCompiler__4a43d0bc865c5e62b272b0c3e1c1f829', '{\"source\":{\"file\":\"\\/home\\/innhanh123\\/domains\\/in123.vn\\/public_html\\/site\\/templates\\/basic-page.php\",\"hash\":\"f0034d35af72301c07dcb90c86708033\",\"size\":8748,\"time\":1570260798,\"ns\":\"\\\\\"},\"target\":{\"file\":\"\\/home\\/innhanh123\\/domains\\/in123.vn\\/public_html\\/site\\/assets\\/cache\\/FileCompiler\\/site\\/templates\\/basic-page.php\",\"hash\":\"f9c84b8567953ccbc085721262b25652\",\"size\":8922,\"time\":1570260798}}', '2010-04-08 03:10:10'),
('FileCompiler__2f58d443ae0e3950a598a2bff0dff649', '{\"source\":{\"file\":\"\\/home\\/innhanh123\\/domains\\/in123.vn\\/public_html\\/site\\/templates\\/admin.php\",\"hash\":\"9636f854995462a4cb877cb1204bc2fe\",\"size\":467,\"time\":1545420649,\"ns\":\"ProcessWire\"},\"target\":{\"file\":\"\\/home\\/innhanh123\\/domains\\/in123.vn\\/public_html\\/site\\/assets\\/cache\\/FileCompiler\\/site\\/templates\\/admin.php\",\"hash\":\"9636f854995462a4cb877cb1204bc2fe\",\"size\":467,\"time\":1545420649}}', '2010-04-08 03:10:10'),
('FileCompiler__c02db746f63f355c5e3904890ac1b62d', '{\"source\":{\"file\":\"\\/home\\/innhanh123\\/domains\\/in123.vn\\/public_html\\/site\\/templates\\/print-product-cates.php\",\"hash\":\"ae3405ad3524e8b896c422e99162319c\",\"size\":3470,\"time\":1570811264,\"ns\":\"ProcessWire\"},\"target\":{\"file\":\"\\/home\\/innhanh123\\/domains\\/in123.vn\\/public_html\\/site\\/assets\\/cache\\/FileCompiler\\/site\\/templates\\/print-product-cates.php\",\"hash\":\"ae3405ad3524e8b896c422e99162319c\",\"size\":3470,\"time\":1570811264}}', '2010-04-08 03:10:10'),
('FileCompiler__e46fff5d8b03bf286f942369a0972eba', '{\"source\":{\"file\":\"\\/home\\/innhanh123\\/domains\\/in123.vn\\/public_html\\/site\\/templates\\/print-service-cate.php\",\"hash\":\"493789a6fde543b11e0caf5bd9c872fb\",\"size\":2526,\"time\":1570551032,\"ns\":\"ProcessWire\"},\"target\":{\"file\":\"\\/home\\/innhanh123\\/domains\\/in123.vn\\/public_html\\/site\\/assets\\/cache\\/FileCompiler\\/site\\/templates\\/print-service-cate.php\",\"hash\":\"493789a6fde543b11e0caf5bd9c872fb\",\"size\":2526,\"time\":1570551032}}', '2010-04-08 03:10:10'),
('FileCompiler__f9e03f30163b7270c3425fc7fc5f2902', '{\"source\":{\"file\":\"\\/home\\/innhanh123\\/domains\\/in123.vn\\/public_html\\/site\\/templates\\/print-service-page.php\",\"hash\":\"be054e74740de56c9417da2fc19c0f06\",\"size\":4055,\"time\":1571719271,\"ns\":\"ProcessWire\"},\"target\":{\"file\":\"\\/home\\/innhanh123\\/domains\\/in123.vn\\/public_html\\/site\\/assets\\/cache\\/FileCompiler\\/site\\/templates\\/print-service-page.php\",\"hash\":\"be054e74740de56c9417da2fc19c0f06\",\"size\":4055,\"time\":1571719271}}', '2010-04-08 03:10:10'),
('FileCompiler__2405b8c700922d5c724cb8947e0cda32', '{\"source\":{\"file\":\"\\/home\\/innhanh123\\/domains\\/in123.vn\\/public_html\\/site\\/templates\\/print-service-all.php\",\"hash\":\"1740e6e00c2d126d242493fdfa10785c\",\"size\":2542,\"time\":1570550409,\"ns\":\"ProcessWire\"},\"target\":{\"file\":\"\\/home\\/innhanh123\\/domains\\/in123.vn\\/public_html\\/site\\/assets\\/cache\\/FileCompiler\\/site\\/templates\\/print-service-all.php\",\"hash\":\"1740e6e00c2d126d242493fdfa10785c\",\"size\":2542,\"time\":1570550409}}', '2010-04-08 03:10:10'),
('FileCompiler__214e53c9d014c6a689a29e7c50e26230', '{\"source\":{\"file\":\"\\/home\\/innhanh123\\/domains\\/in123.vn\\/public_html\\/site\\/templates\\/blog-news.php\",\"hash\":\"d856ad78c9165e2dbca9821cb16d7e8f\",\"size\":205,\"time\":1557453494,\"ns\":\"ProcessWire\"},\"target\":{\"file\":\"\\/home\\/innhanh123\\/domains\\/in123.vn\\/public_html\\/site\\/assets\\/cache\\/FileCompiler\\/site\\/templates\\/blog-news.php\",\"hash\":\"d856ad78c9165e2dbca9821cb16d7e8f\",\"size\":205,\"time\":1557453494}}', '2010-04-08 03:10:10'),
('FileCompiler__0211c0ad5896c5c3946c0b6c5f354908', '{\"source\":{\"file\":\"\\/home\\/innhanh123\\/domains\\/in123.vn\\/public_html\\/site\\/templates\\/sitemap.php\",\"hash\":\"9ee16ecb977dd0afa47d9175abb5b8dc\",\"size\":534,\"time\":1570421292,\"ns\":\"ProcessWire\"},\"target\":{\"file\":\"\\/home\\/innhanh123\\/domains\\/in123.vn\\/public_html\\/site\\/assets\\/cache\\/FileCompiler\\/site\\/templates\\/sitemap.php\",\"hash\":\"9ee16ecb977dd0afa47d9175abb5b8dc\",\"size\":534,\"time\":1570421292}}', '2010-04-08 03:10:10'),
('FileCompiler__aa538d8efd80d9fcda32733fd1156e15', '{\"source\":{\"file\":\"\\/home\\/innhanh123\\/domains\\/in123.vn\\/public_html\\/site\\/templates\\/contact-page.php\",\"hash\":\"7220a63f90de7b099fb3f564fdf1104b\",\"size\":6360,\"time\":1570379043,\"ns\":\"\\\\\"},\"target\":{\"file\":\"\\/home\\/innhanh123\\/domains\\/in123.vn\\/public_html\\/site\\/assets\\/cache\\/FileCompiler\\/site\\/templates\\/contact-page.php\",\"hash\":\"32767a66a4483c50674a909cf9d4b133\",\"size\":6534,\"time\":1570379043}}', '2010-04-08 03:10:10'),
('FileCompiler__9a75a2d37bea4e6a7a5da80e3407416e', '{\"source\":{\"file\":\"\\/home\\/innhanh123\\/domains\\/in123.vn\\/public_html\\/site\\/modules\\/ProcessHannaCode\\/ProcessHannaCode.module\",\"hash\":\"f044bdc8fec27179ae7d157d3118deaf\",\"size\":27541,\"time\":1571438902,\"ns\":\"\\\\\"},\"target\":{\"file\":\"\\/home\\/innhanh123\\/domains\\/in123.vn\\/public_html\\/site\\/assets\\/cache\\/FileCompiler\\/site\\/modules\\/ProcessHannaCode\\/ProcessHannaCode.module\",\"hash\":\"5ba26ac0990f6ccece4bf07447880964\",\"size\":28312,\"time\":1571438902}}', '2010-04-08 03:10:10'),
('FileCompiler__c916404c4d6f3effa64486e488957140', '{\"source\":{\"file\":\"\\/home\\/innhanh123\\/domains\\/in123.vn\\/public_html\\/site\\/templates\\/print-product-page.php\",\"hash\":\"863a687fa83cf3e43573af73ddb8ecc9\",\"size\":3908,\"time\":1570735833,\"ns\":\"ProcessWire\"},\"target\":{\"file\":\"\\/home\\/innhanh123\\/domains\\/in123.vn\\/public_html\\/site\\/assets\\/cache\\/FileCompiler\\/site\\/templates\\/print-product-page.php\",\"hash\":\"863a687fa83cf3e43573af73ddb8ecc9\",\"size\":3908,\"time\":1570735833}}', '2010-04-08 03:10:10'),
('FileCompiler__6814ccae4eeb5e1ccf416e8731f867a6', '{\"source\":{\"file\":\"\\/home\\/innhanh123\\/domains\\/in123.vn\\/public_html\\/site\\/templates\\/about-page.php\",\"hash\":\"21816fbf90aad725ff28042dcb4ac12c\",\"size\":3008,\"time\":1570449489,\"ns\":\"ProcessWire\"},\"target\":{\"file\":\"\\/home\\/innhanh123\\/domains\\/in123.vn\\/public_html\\/site\\/assets\\/cache\\/FileCompiler\\/site\\/templates\\/about-page.php\",\"hash\":\"21816fbf90aad725ff28042dcb4ac12c\",\"size\":3008,\"time\":1570449489}}', '2010-04-08 03:10:10'),
('FileCompiler__d49e0d654e25ef468309efbd8f15b227', '{\"source\":{\"file\":\"\\/home\\/innhanh123\\/domains\\/in123.vn\\/public_html\\/site\\/templates\\/in123-page.php\",\"hash\":\"5eeecfbbfaa4856da92d579190866cf0\",\"size\":1152,\"time\":1570460133,\"ns\":\"ProcessWire\"},\"target\":{\"file\":\"\\/home\\/innhanh123\\/domains\\/in123.vn\\/public_html\\/site\\/assets\\/cache\\/FileCompiler\\/site\\/templates\\/in123-page.php\",\"hash\":\"5eeecfbbfaa4856da92d579190866cf0\",\"size\":1152,\"time\":1570460133}}', '2010-04-08 03:10:10'),
('FileCompiler__41699b3689d2d93f6132f043cb134201', '{\"source\":{\"file\":\"\\/home\\/innhanh123\\/domains\\/in123.vn\\/public_html\\/site\\/templates\\/blog-post.php\",\"hash\":\"5eed438f8b1d1e99712e3a62c2c64b70\",\"size\":1232,\"time\":1557500334,\"ns\":\"ProcessWire\"},\"target\":{\"file\":\"\\/home\\/innhanh123\\/domains\\/in123.vn\\/public_html\\/site\\/assets\\/cache\\/FileCompiler\\/site\\/templates\\/blog-post.php\",\"hash\":\"5eed438f8b1d1e99712e3a62c2c64b70\",\"size\":1232,\"time\":1557500334}}', '2010-04-08 03:10:10');
INSERT INTO `caches` (`name`, `data`, `expires`) VALUES
('ModulesVerbose.info', '{\"148\":{\"summary\":\"Minimal admin theme that supports all ProcessWire features.\",\"core\":true,\"versionStr\":\"0.1.4\"},\"167\":{\"summary\":\"Uikit v3 admin theme\",\"core\":true,\"versionStr\":\"0.3.0\"},\"97\":{\"summary\":\"This Fieldtype stores an ON\\/OFF toggle via a single checkbox. The ON value is 1 and OFF value is 0.\",\"core\":true,\"versionStr\":\"1.0.1\"},\"161\":{\"summary\":\"Field that stores user posted comments for a single Page\",\"core\":true,\"versionStr\":\"1.0.7\"},\"162\":{\"summary\":\"Provides an administrative interface for working with comments\",\"core\":true,\"versionStr\":\"1.0.4\"},\"28\":{\"summary\":\"Field that stores a date and optionally time\",\"core\":true,\"versionStr\":\"1.0.4\"},\"29\":{\"summary\":\"Field that stores an e-mail address\",\"core\":true,\"versionStr\":\"1.0.0\"},\"106\":{\"summary\":\"Close a fieldset opened by FieldsetOpen. \",\"core\":true,\"versionStr\":\"1.0.0\"},\"105\":{\"summary\":\"Open a fieldset to group fields. Should be followed by a Fieldset (Close) after one or more fields.\",\"core\":true,\"versionStr\":\"1.0.1\"},\"107\":{\"summary\":\"Open a fieldset to group fields. Same as Fieldset (Open) except that it displays in a tab instead.\",\"core\":true,\"versionStr\":\"1.0.0\"},\"6\":{\"summary\":\"Field that stores one or more files\",\"core\":true,\"versionStr\":\"1.0.5\"},\"89\":{\"summary\":\"Field that stores a floating point (decimal) number\",\"core\":true,\"versionStr\":\"1.0.5\"},\"57\":{\"summary\":\"Field that stores one or more GIF, JPG, or PNG images\",\"core\":true,\"versionStr\":\"1.0.1\"},\"84\":{\"summary\":\"Field that stores an integer\",\"core\":true,\"versionStr\":\"1.0.1\"},\"27\":{\"summary\":\"Field that stores a reference to another module\",\"core\":true,\"versionStr\":\"1.0.1\"},\"4\":{\"summary\":\"Field that stores one or more references to ProcessWire pages\",\"core\":true,\"versionStr\":\"1.0.5\"},\"111\":{\"summary\":\"Field that stores a page title\",\"core\":true,\"versionStr\":\"1.0.0\"},\"133\":{\"summary\":\"Field that stores a hashed and salted password\",\"core\":true,\"versionStr\":\"1.0.1\"},\"168\":{\"summary\":\"Maintains a collection of fields that are repeated for any number of times.\",\"core\":true,\"versionStr\":\"1.0.6\"},\"169\":{\"summary\":\"Repeats fields from another template. Provides the input for FieldtypeRepeater.\",\"core\":true,\"versionStr\":\"1.0.6\"},\"3\":{\"summary\":\"Field that stores a single line of text\",\"core\":true,\"versionStr\":\"1.0.0\"},\"1\":{\"summary\":\"Field that stores multiple lines of text\",\"core\":true,\"versionStr\":\"1.0.7\"},\"135\":{\"summary\":\"Field that stores a URL\",\"core\":true,\"versionStr\":\"1.0.1\"},\"25\":{\"summary\":\"Multiple selection, progressive enhancement to select multiple\",\"core\":true,\"versionStr\":\"1.2.1\"},\"131\":{\"summary\":\"Form button element that you can optionally pass an href attribute to.\",\"core\":true,\"versionStr\":\"1.0.0\"},\"37\":{\"summary\":\"Single checkbox toggle\",\"core\":true,\"versionStr\":\"1.0.5\"},\"38\":{\"summary\":\"Multiple checkbox toggles\",\"core\":true,\"versionStr\":\"1.0.7\"},\"155\":{\"summary\":\"CKEditor textarea rich text editor.\",\"core\":true,\"versionStr\":\"1.6.1\"},\"94\":{\"summary\":\"Inputfield that accepts date and optionally time\",\"core\":true,\"versionStr\":\"1.0.6\"},\"80\":{\"summary\":\"E-Mail address in valid format\",\"core\":true,\"versionStr\":\"1.0.1\"},\"78\":{\"summary\":\"Groups one or more fields together in a container\",\"core\":true,\"versionStr\":\"1.0.1\"},\"55\":{\"summary\":\"One or more file uploads (sortable)\",\"core\":true,\"versionStr\":\"1.2.5\"},\"90\":{\"summary\":\"Floating point number with precision\",\"core\":true,\"versionStr\":\"1.0.3\"},\"30\":{\"summary\":\"Contains one or more fields in a form\",\"core\":true,\"versionStr\":\"1.0.7\"},\"40\":{\"summary\":\"Hidden value in a form\",\"core\":true,\"versionStr\":\"1.0.1\"},\"160\":{\"summary\":\"Select an icon\",\"core\":true,\"versionStr\":\"0.0.2\"},\"56\":{\"summary\":\"One or more image uploads (sortable)\",\"core\":true,\"versionStr\":\"1.2.2\"},\"85\":{\"summary\":\"Integer (positive or negative)\",\"core\":true,\"versionStr\":\"1.0.4\"},\"79\":{\"summary\":\"Contains any other markup and optionally child Inputfields\",\"core\":true,\"versionStr\":\"1.0.2\"},\"41\":{\"summary\":\"Text input validated as a ProcessWire name field\",\"core\":true,\"versionStr\":\"1.0.0\"},\"60\":{\"summary\":\"Select one or more pages\",\"core\":true,\"versionStr\":\"1.0.7\"},\"163\":{\"summary\":\"Multiple Page selection using auto completion and sorting capability. Intended for use as an input field for Page reference fields.\",\"core\":true,\"versionStr\":\"1.1.2\"},\"15\":{\"summary\":\"Selection of a single page from a ProcessWire page tree list\",\"core\":true,\"versionStr\":\"1.0.1\"},\"137\":{\"summary\":\"Selection of multiple pages from a ProcessWire page tree list\",\"core\":true,\"versionStr\":\"1.0.2\"},\"86\":{\"summary\":\"Text input validated as a ProcessWire Page name field\",\"core\":true,\"versionStr\":\"1.0.6\"},\"112\":{\"summary\":\"Handles input of Page Title and auto-generation of Page Name (when name is blank)\",\"core\":true,\"versionStr\":\"1.0.2\"},\"122\":{\"summary\":\"Password input with confirmation field that doesn\'t ever echo the input back.\",\"core\":true,\"versionStr\":\"1.0.2\"},\"39\":{\"summary\":\"Radio buttons for selection of a single item\",\"core\":true,\"versionStr\":\"1.0.5\"},\"36\":{\"summary\":\"Selection of a single value from a select pulldown\",\"core\":true,\"versionStr\":\"1.0.2\"},\"43\":{\"summary\":\"Select multiple items from a list\",\"core\":true,\"versionStr\":\"1.0.1\"},\"149\":{\"summary\":\"Build a page finding selector visually.\",\"author\":\"Avoine + ProcessWire\",\"core\":true,\"versionStr\":\"0.2.7\"},\"32\":{\"summary\":\"Form submit button\",\"core\":true,\"versionStr\":\"1.0.2\"},\"34\":{\"summary\":\"Single line of text\",\"core\":true,\"versionStr\":\"1.0.6\"},\"35\":{\"summary\":\"Multiple lines of text\",\"core\":true,\"versionStr\":\"1.0.3\"},\"108\":{\"summary\":\"URL in valid format\",\"core\":true,\"versionStr\":\"1.0.2\"},\"116\":{\"summary\":\"jQuery Core as required by ProcessWire Admin and plugins\",\"href\":\"http:\\/\\/jquery.com\",\"core\":true,\"versionStr\":\"1.8.3\"},\"151\":{\"summary\":\"Provides lightbox capability for image galleries. Replacement for FancyBox. Uses Magnific Popup by @dimsemenov.\",\"href\":\"http:\\/\\/dimsemenov.com\\/plugins\\/magnific-popup\\/\",\"core\":true,\"versionStr\":\"0.0.1\"},\"103\":{\"summary\":\"Provides a jQuery plugin for sorting tables.\",\"href\":\"http:\\/\\/mottie.github.io\\/tablesorter\\/\",\"core\":true,\"versionStr\":\"2.2.1\"},\"117\":{\"summary\":\"jQuery UI as required by ProcessWire and plugins\",\"href\":\"http:\\/\\/ui.jquery.com\",\"core\":true,\"versionStr\":\"1.9.6\"},\"45\":{\"summary\":\"Provides a jQuery plugin for generating tabs in ProcessWire.\",\"core\":true,\"versionStr\":\"1.0.8\"},\"67\":{\"summary\":\"Generates markup for data tables used by ProcessWire admin\",\"core\":true,\"versionStr\":\"1.0.7\"},\"156\":{\"summary\":\"Front-end to the HTML Purifier library.\",\"core\":true,\"versionStr\":\"4.9.2\"},\"113\":{\"summary\":\"Adds renderPager() method to all PaginatedArray types, for easy pagination output. Plus a render() method to PageArray instances.\",\"core\":true,\"versionStr\":\"1.0.0\"},\"98\":{\"summary\":\"Generates markup for pagination navigation\",\"core\":true,\"versionStr\":\"1.0.5\"},\"164\":{\"summary\":\"Enables front-end editing of page fields.\",\"author\":\"Ryan Cramer\",\"core\":true,\"versionStr\":\"0.0.3\",\"permissions\":{\"page-edit-front\":\"Use the front-end page editor\"}},\"152\":{\"summary\":\"Keeps track of past URLs where pages have lived and automatically redirects (301 permament) to the new location whenever the past URL is accessed.\",\"core\":true,\"versionStr\":\"0.0.4\"},\"114\":{\"summary\":\"Adds various permission methods to Page objects that are used by Process modules.\",\"core\":true,\"versionStr\":\"1.0.5\"},\"115\":{\"summary\":\"Adds a render method to Page and caches page output.\",\"core\":true,\"versionStr\":\"1.0.5\"},\"165\":{\"summary\":\"Manage comments in your site outside of the page editor.\",\"author\":\"Ryan Cramer\",\"core\":true,\"versionStr\":\"0.0.8\",\"permissions\":{\"comments-manager\":\"Use the comments manager\"},\"searchable\":\"comments\",\"page\":{\"name\":\"comments\",\"parent\":\"setup\",\"title\":\"Comments\"}},\"48\":{\"summary\":\"Edit individual fields that hold page data\",\"core\":true,\"versionStr\":\"1.1.3\",\"searchable\":\"fields\"},\"87\":{\"summary\":\"Acts as a placeholder Process for the admin root. Ensures proper flow control after login.\",\"core\":true,\"versionStr\":\"1.0.1\"},\"76\":{\"summary\":\"Lists the Process assigned to each child page of the current\",\"core\":true,\"versionStr\":\"1.0.1\"},\"159\":{\"summary\":\"View and manage system logs.\",\"author\":\"Ryan Cramer\",\"core\":true,\"versionStr\":\"0.0.1\",\"permissions\":{\"logs-view\":\"Can view system logs\",\"logs-edit\":\"Can manage system logs\"},\"page\":{\"name\":\"logs\",\"parent\":\"setup\",\"title\":\"Logs\"}},\"10\":{\"summary\":\"Login to ProcessWire\",\"core\":true,\"versionStr\":\"1.0.6\"},\"50\":{\"summary\":\"List, edit or install\\/uninstall modules\",\"core\":true,\"versionStr\":\"1.1.8\"},\"17\":{\"summary\":\"Add a new page\",\"core\":true,\"versionStr\":\"1.0.8\"},\"7\":{\"summary\":\"Edit a Page\",\"core\":true,\"versionStr\":\"1.0.9\"},\"129\":{\"summary\":\"Provides image manipulation functions for image fields and rich text editors.\",\"core\":true,\"versionStr\":\"1.2.0\"},\"121\":{\"summary\":\"Provides a link capability as used by some Fieldtype modules (like rich text editors).\",\"core\":true,\"versionStr\":\"1.0.8\"},\"12\":{\"summary\":\"List pages in a hierarchal tree structure\",\"core\":true,\"versionStr\":\"1.2.2\"},\"150\":{\"summary\":\"Admin tool for finding and listing pages by any property.\",\"author\":\"Ryan Cramer\",\"core\":true,\"versionStr\":\"0.2.4\",\"permissions\":{\"page-lister\":\"Use Page Lister\"}},\"104\":{\"summary\":\"Provides a page search engine for admin use.\",\"core\":true,\"versionStr\":\"1.0.6\"},\"14\":{\"summary\":\"Handles page sorting and moving for PageList\",\"core\":true,\"versionStr\":\"1.0.0\"},\"109\":{\"summary\":\"Handles emptying of Page trash\",\"core\":true,\"versionStr\":\"1.0.3\"},\"134\":{\"summary\":\"List, Edit and Add pages of a specific type\",\"core\":true,\"versionStr\":\"1.0.1\"},\"83\":{\"summary\":\"All page views are routed through this Process\",\"core\":true,\"versionStr\":\"1.0.4\"},\"136\":{\"summary\":\"Manage system permissions\",\"core\":true,\"versionStr\":\"1.0.1\"},\"138\":{\"summary\":\"Enables user to change their password, email address and other settings that you define.\",\"core\":true,\"versionStr\":\"1.0.4\"},\"158\":{\"summary\":\"Shows a list of recently edited pages in your admin.\",\"author\":\"Ryan Cramer\",\"href\":\"http:\\/\\/modules.processwire.com\\/\",\"core\":true,\"versionStr\":\"0.0.2\",\"permissions\":{\"page-edit-recent\":\"Can see recently edited pages\"},\"page\":{\"name\":\"recent-pages\",\"parent\":\"page\",\"title\":\"Recent\"}},\"68\":{\"summary\":\"Manage user roles and what permissions are attached\",\"core\":true,\"versionStr\":\"1.0.4\"},\"47\":{\"summary\":\"List and edit the templates that control page output\",\"core\":true,\"versionStr\":\"1.1.4\",\"searchable\":\"templates\"},\"66\":{\"summary\":\"Manage system users\",\"core\":true,\"versionStr\":\"1.0.7\",\"searchable\":\"users\"},\"125\":{\"summary\":\"Throttles login attempts to help prevent dictionary attacks.\",\"core\":true,\"versionStr\":\"1.0.3\"},\"139\":{\"summary\":\"Manages system versions and upgrades.\",\"core\":true,\"versionStr\":\"0.1.6\"},\"61\":{\"summary\":\"Entity encode ampersands, quotes (single and double) and greater-than\\/less-than signs using htmlspecialchars(str, ENT_QUOTES). It is recommended that you use this on all text\\/textarea fields except those using a rich text editor or a markup language like Markdown.\",\"core\":true,\"versionStr\":\"1.0.0\"},\"174\":{\"summary\":\"Turns any Fieldtype into a multiple-value version of itself.\",\"versionStr\":\"0.1.3\"},\"175\":{\"summary\":\"Multiplies single inputs with a fixed quantity.\",\"versionStr\":\"0.1.1\"},\"170\":{\"summary\":\"Commercial module (Fieldtype) providing multi-type repeaters.\",\"versionStr\":\"0.0.4\"},\"171\":{\"summary\":\"Commercial module (Inputfield) providing multi-type repeaters.\",\"versionStr\":\"0.0.4\"},\"179\":{\"summary\":\"Field that lets you define a database table of custom fields.\",\"versionStr\":\"0.1.9\"},\"178\":{\"summary\":\"Field that lets you define a database table of custom inputs.\",\"versionStr\":\"0.1.9\"},\"172\":{\"summary\":\"Multiple text\\/textarea fields combined into one field.\",\"versionStr\":\"0.0.8\"},\"173\":{\"summary\":\"Multiple text\\/textarea fields combined into one field.\",\"versionStr\":\"0.0.7\"},\"177\":{\"summary\":\"Easily insert any complex HTML, Javascript or PHP output in your ProcessWire content by creating your own Hanna code tags.\",\"versionStr\":\"0.2.0\",\"permissions\":{\"hanna-code\":\"List and view Hanna Codes\",\"hanna-code-edit\":\"Add\\/edit\\/delete Hanna Codes (text\\/html, javascript only)\",\"hanna-code-php\":\"Add\\/edit\\/delete Hanna Codes (text\\/html, javascript and PHP)\"}},\"176\":{\"summary\":\"Easily insert any complex HTML, Javascript or PHP output in your ProcessWire content by creating your own Hanna code tags.\",\"versionStr\":\"0.2.0\"},\"180\":{\"summary\":\"Create or edit forms and manage submitted entries.\",\"versionStr\":\"0.3.9\"},\"182\":{\"summary\":\"Form Builder file upload input (alpha test)\",\"versionStr\":\"0.0.2\"},\"181\":{\"summary\":\"Create or edit forms and manage submitted entries.\",\"versionStr\":\"0.3.9\"},\"183\":{\"summary\":\"Extends WireMail, uses SMTP protocol (plain | SSL | TLS), provides: to, cc, bcc, attachments, priority, disposition notification, bulksending, ...\",\"author\":\"horst\",\"href\":\"https:\\/\\/processwire.com\\/talk\\/topic\\/5704-module-wiremailsmtp\\/\",\"versionStr\":\"0.4.2\"},\"184\":{\"summary\":\"Connects ProcessWire with the Google Client Library and manages authentication.\",\"author\":\"Ryan Cramer\",\"versionStr\":\"0.0.4\"}}', '2010-04-08 03:10:10'),
('FileCompiler__717068c928242dcf9e65b933d892408f', '{\"source\":{\"file\":\"\\/home\\/innhanh123\\/domains\\/in123.vn\\/public_html\\/site\\/templates\\/print-product-all.php\",\"hash\":\"4ef058d5229f8222ebf2669b9aa1a13d\",\"size\":2588,\"time\":1570735537,\"ns\":\"ProcessWire\"},\"target\":{\"file\":\"\\/home\\/innhanh123\\/domains\\/in123.vn\\/public_html\\/site\\/assets\\/cache\\/FileCompiler\\/site\\/templates\\/print-product-all.php\",\"hash\":\"4ef058d5229f8222ebf2669b9aa1a13d\",\"size\":2588,\"time\":1570735537}}', '2010-04-08 03:10:10'),
('FileCompiler__fa854168b73ca6c444a2b863581e83ba', '{\"source\":{\"file\":\"\\/home\\/innhanh123\\/domains\\/in123.vn\\/public_html\\/site\\/templates\\/print-product-cate.php\",\"hash\":\"87a232e327002d754b7af7931eb24043\",\"size\":2615,\"time\":1570799470,\"ns\":\"ProcessWire\"},\"target\":{\"file\":\"\\/home\\/innhanh123\\/domains\\/in123.vn\\/public_html\\/site\\/assets\\/cache\\/FileCompiler\\/site\\/templates\\/print-product-cate.php\",\"hash\":\"87a232e327002d754b7af7931eb24043\",\"size\":2615,\"time\":1570799470}}', '2010-04-08 03:10:10'),
('FileCompiler__2cc4c25c815450da131ea1735aaeccf4', '{\"source\":{\"file\":\"\\/home\\/innhanh123\\/domains\\/in123.vn\\/public_html\\/site\\/templates\\/blog.php\",\"hash\":\"c153d398ea902973649ec310d4e4b777\",\"size\":485,\"time\":1557446406,\"ns\":\"ProcessWire\"},\"target\":{\"file\":\"\\/home\\/innhanh123\\/domains\\/in123.vn\\/public_html\\/site\\/assets\\/cache\\/FileCompiler\\/site\\/templates\\/blog.php\",\"hash\":\"c153d398ea902973649ec310d4e4b777\",\"size\":485,\"time\":1557446406}}', '2010-04-08 03:10:10'),
('FileCompiler__96b06f487f7a9ff5c67dcc5417d3462e', '{\"source\":{\"file\":\"\\/home\\/innhanh123\\/domains\\/in123.vn\\/public_html\\/site\\/templates\\/categories.php\",\"hash\":\"62fb430c1e455331b8e79da9718a33b8\",\"size\":650,\"time\":1557501048,\"ns\":\"ProcessWire\"},\"target\":{\"file\":\"\\/home\\/innhanh123\\/domains\\/in123.vn\\/public_html\\/site\\/assets\\/cache\\/FileCompiler\\/site\\/templates\\/categories.php\",\"hash\":\"62fb430c1e455331b8e79da9718a33b8\",\"size\":650,\"time\":1557501048}}', '2010-04-08 03:10:10'),
('FileCompiler__ebb3204912b76b06aa64ddc289d4b316', '{\"source\":{\"file\":\"\\/home\\/innhanh123\\/domains\\/in123.vn\\/public_html\\/site\\/templates\\/category.php\",\"hash\":\"d941b5dc1747884b17b6da2e113b0ff1\",\"size\":331,\"time\":1557446316,\"ns\":\"ProcessWire\"},\"target\":{\"file\":\"\\/home\\/innhanh123\\/domains\\/in123.vn\\/public_html\\/site\\/assets\\/cache\\/FileCompiler\\/site\\/templates\\/category.php\",\"hash\":\"d941b5dc1747884b17b6da2e113b0ff1\",\"size\":331,\"time\":1557446316}}', '2010-04-08 03:10:10'),
('FileCompiler__edb58d319a5ddf61d3a6ea0f21167964', '{\"source\":{\"file\":\"\\/home\\/ad123in\\/domains\\/innhanh.123in.vn\\/public_html\\/site\\/ready.php\",\"hash\":\"e8d5e2381de7ceb3fe1f2f66b7387728\",\"size\":1376,\"time\":1545420650,\"ns\":\"ProcessWire\"},\"target\":{\"file\":\"\\/home\\/ad123in\\/domains\\/innhanh.123in.vn\\/public_html\\/site\\/assets\\/cache\\/FileCompiler\\/site\\/ready.php\",\"hash\":\"e8d5e2381de7ceb3fe1f2f66b7387728\",\"size\":1376,\"time\":1545420650}}', '2010-04-08 03:10:10'),
('FileCompiler__cb18d4674dec8d9c937c74ca78698509', '{\"source\":{\"file\":\"\\/home\\/ad123in\\/domains\\/innhanh.123in.vn\\/public_html\\/site\\/templates\\/_init.php\",\"hash\":\"2a392148e83dc43bef0557e871c92b05\",\"size\":223,\"time\":1570460720,\"ns\":\"ProcessWire\"},\"target\":{\"file\":\"\\/home\\/ad123in\\/domains\\/innhanh.123in.vn\\/public_html\\/site\\/assets\\/cache\\/FileCompiler\\/site\\/templates\\/_init.php\",\"hash\":\"2a392148e83dc43bef0557e871c92b05\",\"size\":223,\"time\":1570460720}}', '2010-04-08 03:10:10'),
('FileCompiler__81d224a4efd671a949f3497502ed471f', '{\"source\":{\"file\":\"\\/home\\/ad123in\\/domains\\/innhanh.123in.vn\\/public_html\\/site\\/templates\\/_main.php\",\"hash\":\"64c677a39bfddd51f68f0aee05f1073d\",\"size\":9927,\"time\":1572258696,\"ns\":\"ProcessWire\"},\"target\":{\"file\":\"\\/home\\/ad123in\\/domains\\/innhanh.123in.vn\\/public_html\\/site\\/assets\\/cache\\/FileCompiler\\/site\\/templates\\/_main.php\",\"hash\":\"64c677a39bfddd51f68f0aee05f1073d\",\"size\":9927,\"time\":1572258696}}', '2010-04-08 03:10:10'),
('FileCompiler__5d90b0cc88a0eaa757a23ce807aa5c49', '{\"source\":{\"file\":\"\\/home\\/ad123in\\/domains\\/innhanh.123in.vn\\/public_html\\/site\\/templates\\/home.php\",\"hash\":\"ffb38f4826dd0237cb741573ef243a71\",\"size\":9511,\"time\":1572319014,\"ns\":\"ProcessWire\"},\"target\":{\"file\":\"\\/home\\/ad123in\\/domains\\/innhanh.123in.vn\\/public_html\\/site\\/assets\\/cache\\/FileCompiler\\/site\\/templates\\/home.php\",\"hash\":\"ffb38f4826dd0237cb741573ef243a71\",\"size\":9511,\"time\":1572319014}}', '2010-04-08 03:10:10'),
('FileCompiler__062008f03cd6a750cfd986ab71506348', '{\"source\":{\"file\":\"\\/home\\/ad123in\\/domains\\/innhanh.123in.vn\\/public_html\\/site\\/templates\\/admin.php\",\"hash\":\"9636f854995462a4cb877cb1204bc2fe\",\"size\":467,\"time\":1545420650,\"ns\":\"ProcessWire\"},\"target\":{\"file\":\"\\/home\\/ad123in\\/domains\\/innhanh.123in.vn\\/public_html\\/site\\/assets\\/cache\\/FileCompiler\\/site\\/templates\\/admin.php\",\"hash\":\"9636f854995462a4cb877cb1204bc2fe\",\"size\":467,\"time\":1545420650}}', '2010-04-08 03:10:10'),
('FileCompiler__bd37ba12f4a303ff1ca7774218afbd2a', '{\"source\":{\"file\":\"\\/home\\/ad123in\\/domains\\/innhanh.123in.vn\\/public_html\\/site\\/templates\\/sitemap.php\",\"hash\":\"9ee16ecb977dd0afa47d9175abb5b8dc\",\"size\":534,\"time\":1570421292,\"ns\":\"ProcessWire\"},\"target\":{\"file\":\"\\/home\\/ad123in\\/domains\\/innhanh.123in.vn\\/public_html\\/site\\/assets\\/cache\\/FileCompiler\\/site\\/templates\\/sitemap.php\",\"hash\":\"9ee16ecb977dd0afa47d9175abb5b8dc\",\"size\":534,\"time\":1570421292}}', '2010-04-08 03:10:10'),
('FileCompiler__d73f14fcde05995d0c693c00b56ab2f5', '{\"source\":{\"file\":\"\\/home\\/ad123in\\/domains\\/innhanh.123in.vn\\/public_html\\/site\\/modules\\/ProcessHannaCode\\/TextformatterHannaCode.module\",\"hash\":\"b7a615d3f3b56524d845f29f152bff8e\",\"size\":13771,\"time\":1571438902,\"ns\":\"\\\\\"},\"target\":{\"file\":\"\\/home\\/ad123in\\/domains\\/innhanh.123in.vn\\/public_html\\/site\\/assets\\/cache\\/FileCompiler\\/site\\/modules\\/ProcessHannaCode\\/TextformatterHannaCode.module\",\"hash\":\"904d85cee49835d43de61533e65251c9\",\"size\":14344,\"time\":1571438902}}', '2010-04-08 03:10:10'),
('FileCompiler__6a6fd0d165ec9bdf34018e71375c0605', '{\"source\":{\"file\":\"\\/home\\/ad123in\\/domains\\/innhanh.123in.vn\\/public_html\\/site\\/templates\\/basic-page.php\",\"hash\":\"f0034d35af72301c07dcb90c86708033\",\"size\":8748,\"time\":1570260798,\"ns\":\"\\\\\"},\"target\":{\"file\":\"\\/home\\/ad123in\\/domains\\/innhanh.123in.vn\\/public_html\\/site\\/assets\\/cache\\/FileCompiler\\/site\\/templates\\/basic-page.php\",\"hash\":\"f9c84b8567953ccbc085721262b25652\",\"size\":8922,\"time\":1570260798}}', '2010-04-08 03:10:10'),
('FileCompiler__84bf70946a1895b0cbfaeb6ef7806bdb', '{\"source\":{\"file\":\"\\/home\\/ad123in\\/domains\\/innhanh.123in.vn\\/public_html\\/site\\/modules\\/ProcessHannaCode\\/ProcessHannaCode.module\",\"hash\":\"f044bdc8fec27179ae7d157d3118deaf\",\"size\":27541,\"time\":1571438902,\"ns\":\"\\\\\"},\"target\":{\"file\":\"\\/home\\/ad123in\\/domains\\/innhanh.123in.vn\\/public_html\\/site\\/assets\\/cache\\/FileCompiler\\/site\\/modules\\/ProcessHannaCode\\/ProcessHannaCode.module\",\"hash\":\"5315063fed99c6130ec6b0a8e3d4f225\",\"size\":28322,\"time\":1571438902}}', '2010-04-08 03:10:10'),
('FileCompiler__430d830a16f0c3542f124c547e77956b', '{\"source\":{\"file\":\"\\/home\\/ad123in\\/domains\\/innhanh.123in.vn\\/public_html\\/site\\/templates\\/print-service-cates.php\",\"hash\":\"24bd026ef15757fc13a50d46c73c7b8e\",\"size\":4463,\"time\":1572091884,\"ns\":\"ProcessWire\"},\"target\":{\"file\":\"\\/home\\/ad123in\\/domains\\/innhanh.123in.vn\\/public_html\\/site\\/assets\\/cache\\/FileCompiler\\/site\\/templates\\/print-service-cates.php\",\"hash\":\"24bd026ef15757fc13a50d46c73c7b8e\",\"size\":4463,\"time\":1572091884}}', '2010-04-08 03:10:10'),
('FileCompiler__204f96a6708cce371c5a0b060a8a5c98', '{\"source\":{\"file\":\"\\/home\\/ad123in\\/domains\\/innhanh.123in.vn\\/public_html\\/site\\/templates\\/print-service-cate.php\",\"hash\":\"ad9712bbeaec5b6a385536daa5df8126\",\"size\":2665,\"time\":1572409143,\"ns\":\"ProcessWire\"},\"target\":{\"file\":\"\\/home\\/ad123in\\/domains\\/innhanh.123in.vn\\/public_html\\/site\\/assets\\/cache\\/FileCompiler\\/site\\/templates\\/print-service-cate.php\",\"hash\":\"ad9712bbeaec5b6a385536daa5df8126\",\"size\":2665,\"time\":1572409143}}', '2010-04-08 03:10:10'),
('FileCompiler__9b1c3f16a0d3f201e5e16faa5a45f60f', '{\"source\":{\"file\":\"\\/home\\/ad123in\\/domains\\/innhanh.123in.vn\\/public_html\\/site\\/templates\\/print-service-page.php\",\"hash\":\"dab2ea4e82e2329a63bd234929396317\",\"size\":4667,\"time\":1572179445,\"ns\":\"ProcessWire\"},\"target\":{\"file\":\"\\/home\\/ad123in\\/domains\\/innhanh.123in.vn\\/public_html\\/site\\/assets\\/cache\\/FileCompiler\\/site\\/templates\\/print-service-page.php\",\"hash\":\"dab2ea4e82e2329a63bd234929396317\",\"size\":4667,\"time\":1572179445}}', '2010-04-08 03:10:10'),
('FileCompiler__5d8f8188e13c0d83c6ef3846bce07d7b', '{\"source\":{\"file\":\"\\/home\\/ad123in\\/domains\\/innhanh.123in.vn\\/public_html\\/site\\/templates\\/print-product-all.php\",\"hash\":\"4ef058d5229f8222ebf2669b9aa1a13d\",\"size\":2588,\"time\":1570735538,\"ns\":\"ProcessWire\"},\"target\":{\"file\":\"\\/home\\/ad123in\\/domains\\/innhanh.123in.vn\\/public_html\\/site\\/assets\\/cache\\/FileCompiler\\/site\\/templates\\/print-product-all.php\",\"hash\":\"4ef058d5229f8222ebf2669b9aa1a13d\",\"size\":2588,\"time\":1570735538}}', '2010-04-08 03:10:10'),
('FileCompiler__a928b084637145e00ebddc821c3d1593', '{\"source\":{\"file\":\"\\/home\\/ad123in\\/domains\\/innhanh.123in.vn\\/public_html\\/site\\/templates\\/contact-page.php\",\"hash\":\"507c523acc91e48b18d92313ce158c44\",\"size\":7020,\"time\":1572177122,\"ns\":\"\\\\\"},\"target\":{\"file\":\"\\/home\\/ad123in\\/domains\\/innhanh.123in.vn\\/public_html\\/site\\/assets\\/cache\\/FileCompiler\\/site\\/templates\\/contact-page.php\",\"hash\":\"42095e7f6c854519d89a3f4febb2781d\",\"size\":7194,\"time\":1572177122}}', '2010-04-08 03:10:10'),
('FileCompiler__9a6c91b54e18f2bd3f7de1fb69bd17fc', '{\"source\":{\"file\":\"\\/home\\/ad123in\\/domains\\/innhanh.123in.vn\\/public_html\\/site\\/templates\\/blocks\\/_basic-page-jumb.php\",\"hash\":\"ae713a4616f678c50cbeb7cfeb99323b\",\"size\":1168,\"time\":1570310830,\"ns\":\"\\\\\"},\"target\":{\"file\":\"\\/home\\/ad123in\\/domains\\/innhanh.123in.vn\\/public_html\\/site\\/assets\\/cache\\/FileCompiler\\/site\\/templates\\/blocks\\/_basic-page-jumb.php\",\"hash\":\"5ad8ac48e057aae83c975922bc9e4b23\",\"size\":1181,\"time\":1570310830}}', '2010-04-08 03:10:10'),
('FileCompiler__37cac83de7bd139279a596f2ca1df76e', '{\"source\":{\"file\":\"\\/home\\/ad123in\\/domains\\/innhanh.123in.vn\\/public_html\\/site\\/templates\\/in123-page.php\",\"hash\":\"5eeecfbbfaa4856da92d579190866cf0\",\"size\":1152,\"time\":1570460134,\"ns\":\"ProcessWire\"},\"target\":{\"file\":\"\\/home\\/ad123in\\/domains\\/innhanh.123in.vn\\/public_html\\/site\\/assets\\/cache\\/FileCompiler\\/site\\/templates\\/in123-page.php\",\"hash\":\"5eeecfbbfaa4856da92d579190866cf0\",\"size\":1152,\"time\":1570460134}}', '2010-04-08 03:10:10'),
('FileCompiler__1e666d13dc00b677c11a1fee02b727ff', '{\"source\":{\"file\":\"\\/home\\/ad123in\\/domains\\/innhanh.123in.vn\\/public_html\\/site\\/templates\\/blog-news.php\",\"hash\":\"d856ad78c9165e2dbca9821cb16d7e8f\",\"size\":205,\"time\":1557453494,\"ns\":\"ProcessWire\"},\"target\":{\"file\":\"\\/home\\/ad123in\\/domains\\/innhanh.123in.vn\\/public_html\\/site\\/assets\\/cache\\/FileCompiler\\/site\\/templates\\/blog-news.php\",\"hash\":\"d856ad78c9165e2dbca9821cb16d7e8f\",\"size\":205,\"time\":1557453494}}', '2010-04-08 03:10:10'),
('FileCompiler__e868f05ecc3244474581f0af201d71e5', '{\"source\":{\"file\":\"\\/home\\/ad123in\\/domains\\/innhanh.123in.vn\\/public_html\\/site\\/templates\\/about-page.php\",\"hash\":\"21816fbf90aad725ff28042dcb4ac12c\",\"size\":3008,\"time\":1570449490,\"ns\":\"ProcessWire\"},\"target\":{\"file\":\"\\/home\\/ad123in\\/domains\\/innhanh.123in.vn\\/public_html\\/site\\/assets\\/cache\\/FileCompiler\\/site\\/templates\\/about-page.php\",\"hash\":\"21816fbf90aad725ff28042dcb4ac12c\",\"size\":3008,\"time\":1570449490}}', '2010-04-08 03:10:10'),
('FileCompiler__4bbfbbda640aef4b9f1f60c3e6cb1a43', '{\"source\":{\"file\":\"\\/home\\/ad123in\\/domains\\/innhanh.123in.vn\\/public_html\\/site\\/templates\\/print-service-all.php\",\"hash\":\"1740e6e00c2d126d242493fdfa10785c\",\"size\":2542,\"time\":1570550410,\"ns\":\"ProcessWire\"},\"target\":{\"file\":\"\\/home\\/ad123in\\/domains\\/innhanh.123in.vn\\/public_html\\/site\\/assets\\/cache\\/FileCompiler\\/site\\/templates\\/print-service-all.php\",\"hash\":\"1740e6e00c2d126d242493fdfa10785c\",\"size\":2542,\"time\":1570550410}}', '2010-04-08 03:10:10'),
('FileCompiler__c0c740927cbd1e450a21b0e98962ab82', '{\"source\":{\"file\":\"\\/home\\/ad123in\\/domains\\/innhanh.123in.vn\\/public_html\\/site\\/assets\\/cache\\/HannaCode\\/trang-lien-he.php\",\"hash\":\"35037b545047ab24f760a534648934e6\",\"size\":97,\"time\":1572040588,\"ns\":\"\\\\\"},\"target\":{\"file\":\"\\/home\\/ad123in\\/domains\\/innhanh.123in.vn\\/public_html\\/site\\/assets\\/cache\\/FileCompiler\\/site\\/assets\\/cache\\/HannaCode\\/trang-lien-he.php\",\"hash\":\"35037b545047ab24f760a534648934e6\",\"size\":97,\"time\":1572040588}}', '2010-04-08 03:10:10'),
('FileCompiler__d2a1eec797b8ab9640ca82f3c3eb84ed', '{\"source\":{\"file\":\"\\/home\\/ad123in\\/domains\\/innhanh.123in.vn\\/public_html\\/site\\/modules\\/WireMailSmtp\\/WireMailSmtp.module\",\"hash\":\"df1d4acb72b334fab84e88de8c7f825d\",\"size\":40196,\"time\":1572043517,\"ns\":\"\\\\\"},\"target\":{\"file\":\"\\/home\\/ad123in\\/domains\\/innhanh.123in.vn\\/public_html\\/site\\/assets\\/cache\\/FileCompiler\\/site\\/modules\\/WireMailSmtp\\/WireMailSmtp.module\",\"hash\":\"37405f4df5847ddeab1376bfbfce2f35\",\"size\":40931,\"time\":1572043517}}', '2010-04-08 03:10:10'),
('FileCompiler__3151d47c7658f1eb4234174443688594', '{\"source\":{\"file\":\"\\/home\\/ad123in\\/domains\\/innhanh.123in.vn\\/public_html\\/site\\/modules\\/WireMailSmtp\\/WireMailSmtpConfig.php\",\"hash\":\"2490af6a64466dc5c9e026af80e92213\",\"size\":24835,\"time\":1572043517,\"ns\":\"\\\\\"},\"target\":{\"file\":\"\\/home\\/ad123in\\/domains\\/innhanh.123in.vn\\/public_html\\/site\\/assets\\/cache\\/FileCompiler\\/site\\/modules\\/WireMailSmtp\\/WireMailSmtpConfig.php\",\"hash\":\"a69f43a6b9be86cbfea60958087c54a2\",\"size\":25082,\"time\":1572043517}}', '2010-04-08 03:10:10');
INSERT INTO `caches` (`name`, `data`, `expires`) VALUES
('Modules.info', '{\"148\":{\"name\":\"AdminThemeDefault\",\"title\":\"Default\",\"version\":14,\"autoload\":\"template=admin\",\"created\":1485213103,\"configurable\":19,\"namespace\":\"ProcessWire\\\\\"},\"167\":{\"name\":\"AdminThemeUikit\",\"title\":\"Uikit\",\"version\":30,\"requiresVersions\":{\"ProcessWire\":[\">=\",\"3.0.100\"]},\"autoload\":\"template=admin\",\"created\":1557440312,\"configurable\":4,\"namespace\":\"ProcessWire\\\\\"},\"97\":{\"name\":\"FieldtypeCheckbox\",\"title\":\"Checkbox\",\"version\":101,\"singular\":1,\"created\":1485213103,\"namespace\":\"ProcessWire\\\\\",\"permanent\":true},\"161\":{\"name\":\"FieldtypeComments\",\"title\":\"Comments\",\"version\":107,\"installs\":[\"InputfieldCommentsAdmin\"],\"singular\":true,\"created\":1485405168,\"namespace\":\"ProcessWire\\\\\"},\"162\":{\"name\":\"InputfieldCommentsAdmin\",\"title\":\"Comments Admin\",\"version\":104,\"requiresVersions\":{\"FieldtypeComments\":[\">=\",0]},\"created\":1485405168,\"namespace\":\"ProcessWire\\\\\"},\"28\":{\"name\":\"FieldtypeDatetime\",\"title\":\"Datetime\",\"version\":104,\"singular\":true,\"created\":1485213103,\"namespace\":\"ProcessWire\\\\\"},\"29\":{\"name\":\"FieldtypeEmail\",\"title\":\"E-Mail\",\"version\":100,\"singular\":true,\"created\":1485213103,\"namespace\":\"ProcessWire\\\\\"},\"106\":{\"name\":\"FieldtypeFieldsetClose\",\"title\":\"Fieldset (Close)\",\"version\":100,\"singular\":1,\"created\":1485213103,\"namespace\":\"ProcessWire\\\\\",\"permanent\":true},\"105\":{\"name\":\"FieldtypeFieldsetOpen\",\"title\":\"Fieldset (Open)\",\"version\":101,\"singular\":1,\"created\":1485213103,\"namespace\":\"ProcessWire\\\\\",\"permanent\":true},\"107\":{\"name\":\"FieldtypeFieldsetTabOpen\",\"title\":\"Fieldset in Tab (Open)\",\"version\":100,\"singular\":1,\"created\":1485213103,\"namespace\":\"ProcessWire\\\\\",\"permanent\":true},\"6\":{\"name\":\"FieldtypeFile\",\"title\":\"Files\",\"version\":105,\"created\":1485213103,\"namespace\":\"ProcessWire\\\\\",\"permanent\":true},\"89\":{\"name\":\"FieldtypeFloat\",\"title\":\"Float\",\"version\":105,\"singular\":1,\"created\":1485213103,\"namespace\":\"ProcessWire\\\\\",\"permanent\":true},\"57\":{\"name\":\"FieldtypeImage\",\"title\":\"Images\",\"version\":101,\"singular\":true,\"created\":1485213103,\"namespace\":\"ProcessWire\\\\\",\"permanent\":true},\"84\":{\"name\":\"FieldtypeInteger\",\"title\":\"Integer\",\"version\":101,\"created\":1485213103,\"namespace\":\"ProcessWire\\\\\",\"permanent\":true},\"27\":{\"name\":\"FieldtypeModule\",\"title\":\"Module Reference\",\"version\":101,\"singular\":true,\"created\":1485213103,\"namespace\":\"ProcessWire\\\\\",\"permanent\":true},\"4\":{\"name\":\"FieldtypePage\",\"title\":\"Page Reference\",\"version\":105,\"autoload\":true,\"singular\":true,\"created\":1485213103,\"configurable\":3,\"namespace\":\"ProcessWire\\\\\",\"permanent\":true},\"111\":{\"name\":\"FieldtypePageTitle\",\"title\":\"Page Title\",\"version\":100,\"singular\":true,\"created\":1485213103,\"namespace\":\"ProcessWire\\\\\",\"permanent\":true},\"133\":{\"name\":\"FieldtypePassword\",\"title\":\"Password\",\"version\":101,\"singular\":true,\"created\":1485213103,\"namespace\":\"ProcessWire\\\\\",\"permanent\":true},\"168\":{\"name\":\"FieldtypeRepeater\",\"title\":\"Repeater\",\"version\":106,\"installs\":[\"InputfieldRepeater\"],\"autoload\":true,\"singular\":true,\"created\":1570311949,\"configurable\":3,\"namespace\":\"ProcessWire\\\\\"},\"169\":{\"name\":\"InputfieldRepeater\",\"title\":\"Repeater\",\"version\":106,\"requiresVersions\":{\"FieldtypeRepeater\":[\">=\",0]},\"created\":1570311949,\"namespace\":\"ProcessWire\\\\\"},\"3\":{\"name\":\"FieldtypeText\",\"title\":\"Text\",\"version\":100,\"singular\":true,\"created\":1485213103,\"namespace\":\"ProcessWire\\\\\",\"permanent\":true},\"1\":{\"name\":\"FieldtypeTextarea\",\"title\":\"Textarea\",\"version\":107,\"singular\":true,\"created\":1485213103,\"namespace\":\"ProcessWire\\\\\",\"permanent\":true},\"135\":{\"name\":\"FieldtypeURL\",\"title\":\"URL\",\"version\":101,\"singular\":true,\"created\":1485213103,\"namespace\":\"ProcessWire\\\\\",\"permanent\":true},\"25\":{\"name\":\"InputfieldAsmSelect\",\"title\":\"asmSelect\",\"version\":121,\"created\":1485213103,\"namespace\":\"ProcessWire\\\\\",\"permanent\":true},\"131\":{\"name\":\"InputfieldButton\",\"title\":\"Button\",\"version\":100,\"created\":1485213103,\"namespace\":\"ProcessWire\\\\\",\"permanent\":true},\"37\":{\"name\":\"InputfieldCheckbox\",\"title\":\"Checkbox\",\"version\":105,\"created\":1485213103,\"namespace\":\"ProcessWire\\\\\",\"permanent\":true},\"38\":{\"name\":\"InputfieldCheckboxes\",\"title\":\"Checkboxes\",\"version\":107,\"created\":1485213103,\"namespace\":\"ProcessWire\\\\\",\"permanent\":true},\"155\":{\"name\":\"InputfieldCKEditor\",\"title\":\"CKEditor\",\"version\":161,\"installs\":[\"MarkupHTMLPurifier\"],\"created\":1485213103,\"namespace\":\"ProcessWire\\\\\"},\"94\":{\"name\":\"InputfieldDatetime\",\"title\":\"Datetime\",\"version\":106,\"created\":1485213103,\"namespace\":\"ProcessWire\\\\\",\"permanent\":true},\"80\":{\"name\":\"InputfieldEmail\",\"title\":\"Email\",\"version\":101,\"created\":1485213103,\"namespace\":\"ProcessWire\\\\\"},\"78\":{\"name\":\"InputfieldFieldset\",\"title\":\"Fieldset\",\"version\":101,\"created\":1485213103,\"namespace\":\"ProcessWire\\\\\",\"permanent\":true},\"55\":{\"name\":\"InputfieldFile\",\"title\":\"Files\",\"version\":125,\"created\":1485213103,\"namespace\":\"ProcessWire\\\\\",\"permanent\":true},\"90\":{\"name\":\"InputfieldFloat\",\"title\":\"Float\",\"version\":103,\"created\":1485213103,\"namespace\":\"ProcessWire\\\\\",\"permanent\":true},\"30\":{\"name\":\"InputfieldForm\",\"title\":\"Form\",\"version\":107,\"created\":1485213103,\"namespace\":\"ProcessWire\\\\\",\"permanent\":true},\"40\":{\"name\":\"InputfieldHidden\",\"title\":\"Hidden\",\"version\":101,\"created\":1485213103,\"namespace\":\"ProcessWire\\\\\",\"permanent\":true},\"160\":{\"name\":\"InputfieldIcon\",\"title\":\"Icon\",\"version\":2,\"created\":1485213137,\"namespace\":\"ProcessWire\\\\\"},\"56\":{\"name\":\"InputfieldImage\",\"title\":\"Images\",\"version\":122,\"created\":1485213103,\"namespace\":\"ProcessWire\\\\\",\"permanent\":true},\"85\":{\"name\":\"InputfieldInteger\",\"title\":\"Integer\",\"version\":104,\"created\":1485213103,\"namespace\":\"ProcessWire\\\\\",\"permanent\":true},\"79\":{\"name\":\"InputfieldMarkup\",\"title\":\"Markup\",\"version\":102,\"created\":1485213103,\"namespace\":\"ProcessWire\\\\\",\"permanent\":true},\"41\":{\"name\":\"InputfieldName\",\"title\":\"Name\",\"version\":100,\"created\":1485213103,\"namespace\":\"ProcessWire\\\\\",\"permanent\":true},\"60\":{\"name\":\"InputfieldPage\",\"title\":\"Page\",\"version\":107,\"created\":1485213103,\"configurable\":3,\"namespace\":\"ProcessWire\\\\\",\"permanent\":true},\"163\":{\"name\":\"InputfieldPageAutocomplete\",\"title\":\"Page Auto Complete\",\"version\":112,\"created\":1485490700,\"namespace\":\"ProcessWire\\\\\"},\"15\":{\"name\":\"InputfieldPageListSelect\",\"title\":\"Page List Select\",\"version\":101,\"created\":1485213103,\"namespace\":\"ProcessWire\\\\\",\"permanent\":true},\"137\":{\"name\":\"InputfieldPageListSelectMultiple\",\"title\":\"Page List Select Multiple\",\"version\":102,\"created\":1485213103,\"namespace\":\"ProcessWire\\\\\",\"permanent\":true},\"86\":{\"name\":\"InputfieldPageName\",\"title\":\"Page Name\",\"version\":106,\"created\":1485213103,\"configurable\":3,\"namespace\":\"ProcessWire\\\\\",\"permanent\":true},\"112\":{\"name\":\"InputfieldPageTitle\",\"title\":\"Page Title\",\"version\":102,\"created\":1485213103,\"namespace\":\"ProcessWire\\\\\",\"permanent\":true},\"122\":{\"name\":\"InputfieldPassword\",\"title\":\"Password\",\"version\":102,\"created\":1485213103,\"namespace\":\"ProcessWire\\\\\",\"permanent\":true},\"39\":{\"name\":\"InputfieldRadios\",\"title\":\"Radio Buttons\",\"version\":105,\"created\":1485213103,\"namespace\":\"ProcessWire\\\\\",\"permanent\":true},\"36\":{\"name\":\"InputfieldSelect\",\"title\":\"Select\",\"version\":102,\"created\":1485213103,\"namespace\":\"ProcessWire\\\\\",\"permanent\":true},\"43\":{\"name\":\"InputfieldSelectMultiple\",\"title\":\"Select Multiple\",\"version\":101,\"created\":1485213103,\"namespace\":\"ProcessWire\\\\\",\"permanent\":true},\"149\":{\"name\":\"InputfieldSelector\",\"title\":\"Selector\",\"version\":27,\"autoload\":\"template=admin\",\"created\":1485213103,\"configurable\":3,\"namespace\":\"ProcessWire\\\\\",\"addFlag\":32},\"32\":{\"name\":\"InputfieldSubmit\",\"title\":\"Submit\",\"version\":102,\"created\":1485213103,\"namespace\":\"ProcessWire\\\\\",\"permanent\":true},\"34\":{\"name\":\"InputfieldText\",\"title\":\"Text\",\"version\":106,\"created\":1485213103,\"namespace\":\"ProcessWire\\\\\",\"permanent\":true},\"35\":{\"name\":\"InputfieldTextarea\",\"title\":\"Textarea\",\"version\":103,\"created\":1485213103,\"namespace\":\"ProcessWire\\\\\",\"permanent\":true},\"108\":{\"name\":\"InputfieldURL\",\"title\":\"URL\",\"version\":102,\"created\":1485213103,\"namespace\":\"ProcessWire\\\\\"},\"116\":{\"name\":\"JqueryCore\",\"title\":\"jQuery Core\",\"version\":183,\"singular\":true,\"created\":1485213103,\"namespace\":\"ProcessWire\\\\\",\"permanent\":true},\"151\":{\"name\":\"JqueryMagnific\",\"title\":\"jQuery Magnific Popup\",\"version\":1,\"singular\":1,\"created\":1485213103,\"namespace\":\"ProcessWire\\\\\"},\"103\":{\"name\":\"JqueryTableSorter\",\"title\":\"jQuery Table Sorter Plugin\",\"version\":221,\"singular\":1,\"created\":1485213103,\"namespace\":\"ProcessWire\\\\\"},\"117\":{\"name\":\"JqueryUI\",\"title\":\"jQuery UI\",\"version\":196,\"singular\":true,\"created\":1485213103,\"namespace\":\"ProcessWire\\\\\",\"permanent\":true},\"45\":{\"name\":\"JqueryWireTabs\",\"title\":\"jQuery Wire Tabs Plugin\",\"version\":108,\"created\":1485213103,\"configurable\":3,\"namespace\":\"ProcessWire\\\\\",\"permanent\":true},\"67\":{\"name\":\"MarkupAdminDataTable\",\"title\":\"Admin Data Table\",\"version\":107,\"created\":1485213103,\"namespace\":\"ProcessWire\\\\\",\"permanent\":true},\"156\":{\"name\":\"MarkupHTMLPurifier\",\"title\":\"HTML Purifier\",\"version\":492,\"created\":1485213103,\"namespace\":\"ProcessWire\\\\\"},\"113\":{\"name\":\"MarkupPageArray\",\"title\":\"PageArray Markup\",\"version\":100,\"autoload\":true,\"singular\":true,\"created\":1485213103,\"namespace\":\"ProcessWire\\\\\"},\"98\":{\"name\":\"MarkupPagerNav\",\"title\":\"Pager (Pagination) Navigation\",\"version\":105,\"created\":1485213103,\"namespace\":\"ProcessWire\\\\\"},\"164\":{\"name\":\"PageFrontEdit\",\"title\":\"Front-End Page Editor\",\"version\":3,\"icon\":\"cube\",\"autoload\":true,\"created\":1485491551,\"configurable\":\"PageFrontEditConfig.php\",\"namespace\":\"ProcessWire\\\\\",\"license\":\"MPL 2.0\"},\"152\":{\"name\":\"PagePathHistory\",\"title\":\"Page Path History\",\"version\":4,\"autoload\":true,\"singular\":true,\"created\":1485213103,\"namespace\":\"ProcessWire\\\\\"},\"114\":{\"name\":\"PagePermissions\",\"title\":\"Page Permissions\",\"version\":105,\"autoload\":true,\"singular\":true,\"created\":1485213103,\"namespace\":\"ProcessWire\\\\\",\"permanent\":true},\"115\":{\"name\":\"PageRender\",\"title\":\"Page Render\",\"version\":105,\"autoload\":true,\"singular\":true,\"created\":1485213103,\"configurable\":3,\"namespace\":\"ProcessWire\\\\\",\"permanent\":true},\"165\":{\"name\":\"ProcessCommentsManager\",\"title\":\"Comments\",\"version\":8,\"icon\":\"comments\",\"requiresVersions\":{\"FieldtypeComments\":[\">=\",0]},\"permission\":\"comments-manager\",\"singular\":1,\"created\":1485494267,\"namespace\":\"ProcessWire\\\\\",\"nav\":[{\"url\":\"?go=approved\",\"label\":\"Approved\"},{\"url\":\"?go=pending\",\"label\":\"Pending\"},{\"url\":\"?go=spam\",\"label\":\"Spam\"},{\"url\":\"?go=all\",\"label\":\"All\"}]},\"48\":{\"name\":\"ProcessField\",\"title\":\"Fields\",\"version\":113,\"icon\":\"cube\",\"permission\":\"field-admin\",\"created\":1485213103,\"configurable\":3,\"namespace\":\"ProcessWire\\\\\",\"permanent\":true,\"useNavJSON\":true,\"addFlag\":32},\"87\":{\"name\":\"ProcessHome\",\"title\":\"Admin Home\",\"version\":101,\"permission\":\"page-view\",\"created\":1485213103,\"namespace\":\"ProcessWire\\\\\",\"permanent\":true},\"76\":{\"name\":\"ProcessList\",\"title\":\"List\",\"version\":101,\"permission\":\"page-view\",\"created\":1485213103,\"namespace\":\"ProcessWire\\\\\",\"permanent\":true},\"159\":{\"name\":\"ProcessLogger\",\"title\":\"Logs\",\"version\":1,\"icon\":\"tree\",\"permission\":\"logs-view\",\"singular\":1,\"created\":1485213137,\"namespace\":\"ProcessWire\\\\\",\"useNavJSON\":true},\"10\":{\"name\":\"ProcessLogin\",\"title\":\"Login\",\"version\":106,\"permission\":\"page-view\",\"created\":1485213103,\"configurable\":4,\"namespace\":\"ProcessWire\\\\\",\"permanent\":true},\"50\":{\"name\":\"ProcessModule\",\"title\":\"Modules\",\"version\":118,\"permission\":\"module-admin\",\"created\":1485213103,\"namespace\":\"ProcessWire\\\\\",\"permanent\":true,\"useNavJSON\":true,\"nav\":[{\"url\":\"?site#tab_site_modules\",\"label\":\"Site\",\"icon\":\"plug\",\"navJSON\":\"navJSON\\/?site=1\"},{\"url\":\"?core#tab_core_modules\",\"label\":\"Core\",\"icon\":\"plug\",\"navJSON\":\"navJSON\\/?core=1\"},{\"url\":\"?configurable#tab_configurable_modules\",\"label\":\"Configure\",\"icon\":\"gear\",\"navJSON\":\"navJSON\\/?configurable=1\"},{\"url\":\"?install#tab_install_modules\",\"label\":\"Install\",\"icon\":\"sign-in\",\"navJSON\":\"navJSON\\/?install=1\"},{\"url\":\"?reset=1\",\"label\":\"Refresh\",\"icon\":\"refresh\"}]},\"17\":{\"name\":\"ProcessPageAdd\",\"title\":\"Page Add\",\"version\":108,\"icon\":\"plus-circle\",\"permission\":\"page-edit\",\"created\":1485213103,\"configurable\":3,\"namespace\":\"ProcessWire\\\\\",\"permanent\":true,\"useNavJSON\":true},\"7\":{\"name\":\"ProcessPageEdit\",\"title\":\"Page Edit\",\"version\":109,\"icon\":\"edit\",\"permission\":\"page-edit\",\"singular\":1,\"created\":1485213103,\"configurable\":3,\"namespace\":\"ProcessWire\\\\\",\"permanent\":true,\"useNavJSON\":true},\"129\":{\"name\":\"ProcessPageEditImageSelect\",\"title\":\"Page Edit Image\",\"version\":120,\"permission\":\"page-edit\",\"singular\":1,\"created\":1485213103,\"configurable\":3,\"namespace\":\"ProcessWire\\\\\",\"permanent\":true},\"121\":{\"name\":\"ProcessPageEditLink\",\"title\":\"Page Edit Link\",\"version\":108,\"icon\":\"link\",\"permission\":\"page-edit\",\"singular\":1,\"created\":1485213103,\"configurable\":3,\"namespace\":\"ProcessWire\\\\\",\"permanent\":true},\"12\":{\"name\":\"ProcessPageList\",\"title\":\"Page List\",\"version\":122,\"icon\":\"sitemap\",\"permission\":\"page-edit\",\"created\":1485213103,\"configurable\":3,\"namespace\":\"ProcessWire\\\\\",\"permanent\":true,\"useNavJSON\":true},\"150\":{\"name\":\"ProcessPageLister\",\"title\":\"Lister\",\"version\":24,\"icon\":\"search\",\"permission\":\"page-lister\",\"created\":1485213103,\"configurable\":true,\"namespace\":\"ProcessWire\\\\\",\"permanent\":true,\"useNavJSON\":true,\"addFlag\":32},\"104\":{\"name\":\"ProcessPageSearch\",\"title\":\"Page Search\",\"version\":106,\"permission\":\"page-edit\",\"singular\":1,\"created\":1485213103,\"configurable\":3,\"namespace\":\"ProcessWire\\\\\",\"permanent\":true},\"14\":{\"name\":\"ProcessPageSort\",\"title\":\"Page Sort and Move\",\"version\":100,\"permission\":\"page-edit\",\"created\":1485213103,\"namespace\":\"ProcessWire\\\\\",\"permanent\":true},\"109\":{\"name\":\"ProcessPageTrash\",\"title\":\"Page Trash\",\"version\":103,\"singular\":1,\"created\":1485213103,\"namespace\":\"ProcessWire\\\\\",\"permanent\":true},\"134\":{\"name\":\"ProcessPageType\",\"title\":\"Page Type\",\"version\":101,\"singular\":1,\"created\":1485213103,\"configurable\":3,\"namespace\":\"ProcessWire\\\\\",\"permanent\":true,\"useNavJSON\":true,\"addFlag\":32},\"83\":{\"name\":\"ProcessPageView\",\"title\":\"Page View\",\"version\":104,\"permission\":\"page-view\",\"created\":1485213103,\"namespace\":\"ProcessWire\\\\\",\"permanent\":true},\"136\":{\"name\":\"ProcessPermission\",\"title\":\"Permissions\",\"version\":101,\"icon\":\"gear\",\"permission\":\"permission-admin\",\"singular\":1,\"created\":1485213103,\"configurable\":3,\"namespace\":\"ProcessWire\\\\\",\"permanent\":true,\"useNavJSON\":true},\"138\":{\"name\":\"ProcessProfile\",\"title\":\"User Profile\",\"version\":104,\"permission\":\"profile-edit\",\"singular\":1,\"created\":1485213103,\"configurable\":3,\"namespace\":\"ProcessWire\\\\\",\"permanent\":true},\"158\":{\"name\":\"ProcessRecentPages\",\"title\":\"Recent Pages\",\"version\":2,\"icon\":\"clock-o\",\"permission\":\"page-edit-recent\",\"singular\":1,\"created\":1485213129,\"namespace\":\"ProcessWire\\\\\",\"useNavJSON\":true,\"nav\":[{\"url\":\"?edited=1\",\"label\":\"Edited\",\"icon\":\"users\",\"navJSON\":\"navJSON\\/?edited=1\"},{\"url\":\"?added=1\",\"label\":\"Created\",\"icon\":\"users\",\"navJSON\":\"navJSON\\/?added=1\"},{\"url\":\"?edited=1&me=1\",\"label\":\"Edited by me\",\"icon\":\"user\",\"navJSON\":\"navJSON\\/?edited=1&me=1\"},{\"url\":\"?added=1&me=1\",\"label\":\"Created by me\",\"icon\":\"user\",\"navJSON\":\"navJSON\\/?added=1&me=1\"},{\"url\":\"another\\/\",\"label\":\"Add another\",\"icon\":\"plus-circle\",\"navJSON\":\"anotherNavJSON\\/\"}]},\"68\":{\"name\":\"ProcessRole\",\"title\":\"Roles\",\"version\":104,\"icon\":\"gears\",\"permission\":\"role-admin\",\"created\":1485213103,\"configurable\":3,\"namespace\":\"ProcessWire\\\\\",\"permanent\":true,\"useNavJSON\":true},\"47\":{\"name\":\"ProcessTemplate\",\"title\":\"Templates\",\"version\":114,\"icon\":\"cubes\",\"permission\":\"template-admin\",\"created\":1485213103,\"namespace\":\"ProcessWire\\\\\",\"permanent\":true,\"useNavJSON\":true},\"66\":{\"name\":\"ProcessUser\",\"title\":\"Users\",\"version\":107,\"icon\":\"group\",\"permission\":\"user-admin\",\"created\":1485213103,\"configurable\":\"ProcessUserConfig.php\",\"namespace\":\"ProcessWire\\\\\",\"permanent\":true,\"useNavJSON\":true},\"125\":{\"name\":\"SessionLoginThrottle\",\"title\":\"Session Login Throttle\",\"version\":103,\"autoload\":\"function\",\"singular\":true,\"created\":1485213103,\"configurable\":3,\"namespace\":\"ProcessWire\\\\\"},\"139\":{\"name\":\"SystemUpdater\",\"title\":\"System Updater\",\"version\":16,\"singular\":true,\"created\":1485213103,\"configurable\":3,\"namespace\":\"ProcessWire\\\\\",\"permanent\":true},\"61\":{\"name\":\"TextformatterEntities\",\"title\":\"HTML Entity Encoder (htmlspecialchars)\",\"version\":100,\"created\":1485213103,\"namespace\":\"ProcessWire\\\\\"},\"174\":{\"name\":\"FieldtypeMultiplier\",\"title\":\"ProFields: Multiplier\",\"version\":13,\"installs\":[\"InputfieldMultiplier\"],\"singular\":true,\"created\":1570377212},\"175\":{\"name\":\"InputfieldMultiplier\",\"title\":\"ProFields: Multiplier\",\"version\":11,\"requiresVersions\":{\"FieldtypeMultiplier\":[\">=\",0]},\"created\":1570377212},\"170\":{\"name\":\"FieldtypeRepeaterMatrix\",\"title\":\"ProFields: Repeater Matrix\",\"version\":4,\"requiresVersions\":{\"ProcessWire\":[\">=\",\"3.0.5\"],\"FieldtypeRepeater\":[\">=\",104]},\"installs\":[\"InputfieldRepeaterMatrix\"],\"singular\":true,\"created\":1570311949,\"configurable\":3},\"171\":{\"name\":\"InputfieldRepeaterMatrix\",\"title\":\"ProFields: Repeater Matrix Inputfield\",\"version\":4,\"requiresVersions\":{\"FieldtypeRepeaterMatrix\":[\">=\",0]},\"created\":1570311949},\"179\":{\"name\":\"FieldtypeTable\",\"title\":\"ProFields: Table\",\"version\":19,\"requiresVersions\":{\"ProcessWire\":[\">=\",\"3.0.42\"]},\"installs\":[\"InputfieldTable\"],\"singular\":true,\"created\":1571559293},\"178\":{\"name\":\"InputfieldTable\",\"title\":\"ProFields: Table\",\"version\":19,\"requiresVersions\":{\"ProcessWire\":[\">=\",\"2.8.27\"]},\"created\":1571559281},\"172\":{\"name\":\"FieldtypeTextareas\",\"title\":\"ProFields: Textareas\",\"version\":8,\"installs\":[\"InputfieldTextareas\"],\"singular\":true,\"created\":1570312046,\"configurable\":3},\"173\":{\"name\":\"InputfieldTextareas\",\"title\":\"ProFields: Textareas\",\"version\":7,\"requiresVersions\":{\"FieldtypeTextareas\":[\">=\",0]},\"created\":1570312046},\"177\":{\"name\":\"ProcessHannaCode\",\"title\":\"Hanna Code\",\"version\":20,\"icon\":\"sun-o\",\"requiresVersions\":{\"TextformatterHannaCode\":[\">=\",0]},\"permission\":\"hanna-code\",\"singular\":1,\"created\":1571438914,\"configurable\":true,\"namespace\":\"\\\\\"},\"176\":{\"name\":\"TextformatterHannaCode\",\"title\":\"Hanna Code Text Formatter\",\"version\":20,\"icon\":\"sun-o\",\"installs\":[\"ProcessHannaCode\"],\"singular\":1,\"created\":1571438914,\"configurable\":true,\"namespace\":\"\\\\\"},\"180\":{\"name\":\"FormBuilder\",\"title\":\"Form Builder\",\"version\":39,\"installs\":[\"ProcessFormBuilder\",\"InputfieldFormBuilderFile\"],\"autoload\":true,\"singular\":true,\"created\":1572043333,\"configurable\":true},\"182\":{\"name\":\"InputfieldFormBuilderFile\",\"title\":\"File (for FormBuilder)\",\"version\":2,\"requiresVersions\":{\"FormBuilder\":[\">=\",0]},\"created\":1572043333},\"181\":{\"name\":\"ProcessFormBuilder\",\"title\":\"Forms\",\"version\":39,\"icon\":\"building\",\"requiresVersions\":{\"FormBuilder\":[\">=\",0]},\"permission\":\"form-builder\",\"singular\":1,\"created\":1572043333,\"useNavJSON\":true,\"nav\":[{\"url\":\"?entries\",\"label\":\"Entries\",\"icon\":\"server\",\"navJSON\":\"navJSON\\/?get=entries\"},{\"url\":\"?edit\",\"label\":\"Edit\",\"icon\":\"pencil-square-o\",\"navJSON\":\"navJSON\\/?get=edit\"},{\"url\":\"addForm\\/\",\"label\":\"Add New\",\"icon\":\"plus-circle\",\"permission\":\"form-builder-add\"}]},\"183\":{\"name\":\"WireMailSmtp\",\"title\":\"Wire Mail SMTP\",\"version\":\"0.4.2\",\"created\":1572043529,\"configurable\":true,\"namespace\":\"\\\\\"},\"184\":{\"name\":\"GoogleClientAPI\",\"title\":\"Google Client API\",\"version\":4,\"icon\":\"google\",\"configurable\":4,\"license\":\"MPL 2.0\"}}', '2010-04-08 03:10:10'),
('Permissions.names', '{\"comments-manager\":1026,\"form-builder\":1231,\"form-builder-add\":1232,\"hanna-code\":1097,\"hanna-code-edit\":1098,\"hanna-code-php\":1099,\"logs-edit\":1013,\"logs-view\":1012,\"page-delete\":34,\"page-edit\":32,\"page-edit-front\":1023,\"page-edit-recent\":1010,\"page-lister\":1006,\"page-lock\":54,\"page-move\":35,\"page-sort\":50,\"page-template\":51,\"page-view\":36,\"profile-edit\":53,\"user-admin\":52}', '2010-04-08 03:10:10'),
('FileCompiler__9ab24d674b16f5b07ddfe5e335efa7fa', '{\"source\":{\"file\":\"\\/home\\/ad123in\\/domains\\/innhanh.123in.vn\\/public_html\\/site\\/templates\\/form-builder.php\",\"hash\":\"c7f099b35b0ffdb7592127f5848f675d\",\"size\":1208,\"time\":1572043333,\"ns\":\"ProcessWire\"},\"target\":{\"file\":\"\\/home\\/ad123in\\/domains\\/innhanh.123in.vn\\/public_html\\/site\\/assets\\/cache\\/FileCompiler\\/site\\/templates\\/form-builder.php\",\"hash\":\"c7f099b35b0ffdb7592127f5848f675d\",\"size\":1208,\"time\":1572043333}}', '2010-04-08 03:10:10'),
('FileCompiler__6ea1a4871e70659e232bc4fde5059deb', '{\"source\":{\"file\":\"\\/home\\/ad123in\\/domains\\/innhanh.123in.vn\\/public_html\\/site\\/modules\\/WireMailSmtp\\/WireMailSmtpAdaptor.php\",\"hash\":\"cfbc1976a52457036abf8f30a9d5279b\",\"size\":17004,\"time\":1572043517,\"ns\":\"\\\\\"},\"target\":{\"file\":\"\\/home\\/ad123in\\/domains\\/innhanh.123in.vn\\/public_html\\/site\\/assets\\/cache\\/FileCompiler\\/site\\/modules\\/WireMailSmtp\\/WireMailSmtpAdaptor.php\",\"hash\":\"a3fc1a8c9d7cc7897c487575e1b81f0d\",\"size\":17910,\"time\":1572043517}}', '2010-04-08 03:10:10'),
('FileCompiler__7a6846fa149c68cbc7a2c092d3859e29', '{\"source\":{\"file\":\"\\/home\\/ad123in\\/domains\\/innhanh.123in.vn\\/public_html\\/site\\/modules\\/WireMailSmtp\\/smtp_classes\\/email_message.php\",\"hash\":\"5509de5f6ee8dc71b066dba00d7cd58f\",\"size\":121559,\"time\":1572043517,\"ns\":\"\\\\\"},\"target\":{\"file\":\"\\/home\\/ad123in\\/domains\\/innhanh.123in.vn\\/public_html\\/site\\/assets\\/cache\\/FileCompiler\\/site\\/modules\\/WireMailSmtp\\/smtp_classes\\/email_message.php\",\"hash\":\"9bbc832ccaa29bf04a2fe91478110bc9\",\"size\":121763,\"time\":1572043517}}', '2010-04-08 03:10:10'),
('FileCompiler__c398d505b5e92428bbcca0391a2ae4b1', '{\"source\":{\"file\":\"\\/home\\/ad123in\\/domains\\/innhanh.123in.vn\\/public_html\\/site\\/modules\\/WireMailSmtp\\/smtp_classes\\/smtp_message.php\",\"hash\":\"43ae4607f77e9dcac2f0ae28d45c89dd\",\"size\":25571,\"time\":1572043517,\"ns\":\"\\\\\"},\"target\":{\"file\":\"\\/home\\/ad123in\\/domains\\/innhanh.123in.vn\\/public_html\\/site\\/assets\\/cache\\/FileCompiler\\/site\\/modules\\/WireMailSmtp\\/smtp_classes\\/smtp_message.php\",\"hash\":\"10565b5520926581ecbf555c6ba3c551\",\"size\":26177,\"time\":1572043517}}', '2010-04-08 03:10:10'),
('FileCompiler__8e8439aebd3b0b4b6d57a8f7cd93d4f2', '{\"source\":{\"file\":\"\\/home\\/ad123in\\/domains\\/innhanh.123in.vn\\/public_html\\/site\\/modules\\/WireMailSmtp\\/smtp_classes\\/smtp.php\",\"hash\":\"577ccc2dc0271661e05121d38c32d48f\",\"size\":54849,\"time\":1572043517,\"ns\":\"\\\\\"},\"target\":{\"file\":\"\\/home\\/ad123in\\/domains\\/innhanh.123in.vn\\/public_html\\/site\\/assets\\/cache\\/FileCompiler\\/site\\/modules\\/WireMailSmtp\\/smtp_classes\\/smtp.php\",\"hash\":\"577ccc2dc0271661e05121d38c32d48f\",\"size\":54849,\"time\":1572043517}}', '2010-04-08 03:10:10'),
('FileCompiler__89cdb6c530d56adb72d0d6f51547b738', '{\"source\":{\"file\":\"\\/home\\/ad123in\\/domains\\/innhanh.123in.vn\\/public_html\\/site\\/modules\\/WireMailSmtp\\/smtp_classes\\/sasl.php\",\"hash\":\"3fce02fe61a0d90291086b55c1c2dfa2\",\"size\":11898,\"time\":1572043517,\"ns\":\"\\\\\"},\"target\":{\"file\":\"\\/home\\/ad123in\\/domains\\/innhanh.123in.vn\\/public_html\\/site\\/assets\\/cache\\/FileCompiler\\/site\\/modules\\/WireMailSmtp\\/smtp_classes\\/sasl.php\",\"hash\":\"843e748905597a053c57e17cb65c6318\",\"size\":11995,\"time\":1572043517}}', '2010-04-08 03:10:10'),
('FileCompiler__7203b2808c225d5d3b33af901010f1d8', '{\"source\":{\"file\":\"\\/home\\/ad123in\\/domains\\/innhanh.123in.vn\\/public_html\\/site\\/templates\\/order-page.php\",\"hash\":\"d16c679bae44da4181e947370a4803eb\",\"size\":3765,\"time\":1572176159,\"ns\":\"ProcessWire\"},\"target\":{\"file\":\"\\/home\\/ad123in\\/domains\\/innhanh.123in.vn\\/public_html\\/site\\/assets\\/cache\\/FileCompiler\\/site\\/templates\\/order-page.php\",\"hash\":\"d16c679bae44da4181e947370a4803eb\",\"size\":3765,\"time\":1572176159}}', '2010-04-08 03:10:10'),
('offcanvas-nav', '<ul class=\'uk-nav uk-nav-default uk-nav-parent-icon\' uk-nav><li class=\'uk-parent\'><a href=\'/dich-vu-in/\'>Dch V In</a><ul class=\'uk-nav-sub uk-nav-parent-icon uk-nav-parent-icon\' uk-nav uk-nav><li class=\'pw-uk-nav-parent\'><a href=\'/dich-vu-in/\'>Dch V In</a></li><li><a href=\'/dich-vu-in/in-nhanh-gia-cong/\'>IN NHANH GIA CNG</a></li><li><a href=\'/dich-vu-in/gia-cong-thanh-pham/\'>GIA CNG THNH PHM</a></li><li><a href=\'/dich-vu-in/in-an-pham-quang-cao/\'>IN N QUNG CO</a></li><li><a href=\'/dich-vu-in/in-an-pham-van-phong/\'>IN N VN PHNG</a></li><li><a href=\'/dich-vu-in/in-nhan-hop-nho/\'>IN TEM - NHN - HP</a></li></ul></li><li class=\'uk-nav-divider\'></li><li class=\'uk-parent\'><a href=\'/lien-he/\'>Lin H</a><ul class=\'uk-nav-sub uk-nav-parent-icon uk-nav-parent-icon\' uk-nav uk-nav><li class=\'pw-uk-nav-parent\'><a href=\'/lien-he/\'>Lin H</a></li><li><a href=\'/lien-he/dat-hang/\'>t Hng</a></li></ul></li><li class=\'uk-nav-divider\'></li><li class=\'uk-parent\'><a href=\'/dich-vu-in-nhanh/\'>Thng tin</a><ul class=\'uk-nav-sub uk-nav-parent-icon uk-nav-parent-icon\' uk-nav uk-nav><li class=\'pw-uk-nav-parent\'><a href=\'/dich-vu-in-nhanh/\'>Thng tin</a></li><li><a href=\'/dich-vu-in-nhanh/dich-vu-in-nhanh-123in/\'>V Dch V</a></li><li><a href=\'/dich-vu-in-nhanh/tat-ca-dich-vu-in/\'>Tt C Dch V In</a></li><li class=\'uk-active\'><a href=\'/dich-vu-in-nhanh/site-map/\'>S  web</a></li></ul></li></ul>', '2019-11-03 05:02:11'),
('FileCompiler__df1ce33126b6102cbe5ef89894918b6f', '{\"source\":{\"file\":\"\\/home\\/ad123in\\/domains\\/innhanh.123in.vn\\/public_html\\/site\\/templates\\/print-product-cates.php\",\"hash\":\"ae3405ad3524e8b896c422e99162319c\",\"size\":3470,\"time\":1572089812,\"ns\":\"ProcessWire\"},\"target\":{\"file\":\"\\/home\\/ad123in\\/domains\\/innhanh.123in.vn\\/public_html\\/site\\/assets\\/cache\\/FileCompiler\\/site\\/templates\\/print-product-cates.php\",\"hash\":\"ae3405ad3524e8b896c422e99162319c\",\"size\":3470,\"time\":1572089812}}', '2010-04-08 03:10:10'),
('FileCompiler__872d6023593592158a883ff2e23501d0', '{\"source\":{\"file\":\"\\/home\\/ad123in\\/domains\\/innhanh.123in.vn\\/public_html\\/site\\/templates\\/print-product-cate.php\",\"hash\":\"87a232e327002d754b7af7931eb24043\",\"size\":2615,\"time\":1571527574,\"ns\":\"ProcessWire\"},\"target\":{\"file\":\"\\/home\\/ad123in\\/domains\\/innhanh.123in.vn\\/public_html\\/site\\/assets\\/cache\\/FileCompiler\\/site\\/templates\\/print-product-cate.php\",\"hash\":\"87a232e327002d754b7af7931eb24043\",\"size\":2615,\"time\":1571527574}}', '2010-04-08 03:10:10');

-- --------------------------------------------------------

--
-- Table structure for table `fieldgroups`
--

CREATE TABLE `fieldgroups` (
  `id` int(10) UNSIGNED NOT NULL,
  `name` varchar(191) CHARACTER SET ascii NOT NULL
) ENGINE=MyISAM DEFAULT CHARSET=utf8;

--
-- Dumping data for table `fieldgroups`
--

INSERT INTO `fieldgroups` (`id`, `name`) VALUES
(2, 'admin'),
(3, 'user'),
(4, 'role'),
(5, 'permission'),
(83, 'basic-page'),
(101, 'basic-page-edit'),
(98, 'blog'),
(97, 'blog-post'),
(99, 'categories'),
(100, 'category'),
(1, 'home'),
(80, 'search'),
(88, 'sitemap'),
(102, 'blog-news'),
(103, 'menu-page'),
(104, 'print-service-cate'),
(105, 'print-service-page'),
(106, 'menu-page-abstract'),
(107, 'print-service-cates'),
(108, 'repeater_page_content_repeater'),
(109, 'print-service-all'),
(110, 'contact-page'),
(111, 'in123-page'),
(112, 'about-page'),
(113, 'print-product-all'),
(114, 'print-product-cate'),
(115, 'print-product-page'),
(116, 'print-product-cates'),
(117, 'repeater_price_table_repeater'),
(118, 'settings-page'),
(119, 'form-builder'),
(120, 'order-page');

-- --------------------------------------------------------

--
-- Table structure for table `fieldgroups_fields`
--

CREATE TABLE `fieldgroups_fields` (
  `fieldgroups_id` int(10) UNSIGNED NOT NULL DEFAULT '0',
  `fields_id` int(10) UNSIGNED NOT NULL DEFAULT '0',
  `sort` int(11) UNSIGNED NOT NULL DEFAULT '0',
  `data` text
) ENGINE=MyISAM DEFAULT CHARSET=utf8;

--
-- Dumping data for table `fieldgroups_fields`
--

INSERT INTO `fieldgroups_fields` (`fieldgroups_id`, `fields_id`, `sort`, `data`) VALUES
(2, 2, 1, NULL),
(2, 1, 0, NULL),
(3, 4, 2, NULL),
(3, 92, 1, NULL),
(4, 5, 0, NULL),
(5, 1, 0, NULL),
(3, 3, 0, NULL),
(1, 111, 6, NULL),
(1, 79, 2, '{\"label\":\"summary\"}'),
(1, 76, 3, NULL),
(80, 1, 0, NULL),
(83, 1, 0, NULL),
(83, 44, 5, NULL),
(83, 76, 3, NULL),
(83, 78, 1, NULL),
(83, 79, 2, NULL),
(83, 82, 4, NULL),
(88, 1, 0, NULL),
(88, 79, 1, NULL),
(97, 1, 0, '{\"columnWidth\":75}'),
(97, 44, 3, NULL),
(97, 76, 2, NULL),
(97, 97, 1, '{\"columnWidth\":25}'),
(97, 98, 4, NULL),
(97, 99, 5, NULL),
(98, 1, 0, NULL),
(99, 1, 0, NULL),
(100, 1, 0, NULL),
(101, 1, 0, NULL),
(101, 44, 5, NULL),
(101, 76, 3, NULL),
(101, 78, 1, NULL),
(101, 79, 2, NULL),
(101, 82, 4, NULL),
(3, 100, 3, NULL),
(102, 79, 2, NULL),
(102, 78, 1, NULL),
(102, 1, 0, NULL),
(102, 76, 3, NULL),
(102, 82, 4, NULL),
(103, 1, 0, NULL),
(104, 112, 3, NULL),
(106, 1, 0, NULL),
(105, 76, 4, NULL),
(105, 121, 3, NULL),
(105, 79, 2, NULL),
(103, 102, 1, NULL),
(103, 103, 2, NULL),
(107, 1, 0, NULL),
(107, 78, 1, NULL),
(108, 116, 8, NULL),
(104, 79, 2, NULL),
(107, 79, 2, NULL),
(104, 1, 0, NULL),
(109, 79, 2, NULL),
(109, 78, 1, NULL),
(109, 1, 0, NULL),
(110, 78, 1, NULL),
(110, 79, 2, NULL),
(110, 1, 0, NULL),
(108, 112, 3, NULL),
(1, 44, 4, NULL),
(1, 105, 5, NULL),
(1, 78, 1, NULL),
(1, 1, 0, NULL),
(108, 114, 7, NULL),
(111, 79, 2, NULL),
(112, 78, 1, NULL),
(112, 79, 2, NULL),
(112, 76, 3, NULL),
(112, 1, 0, NULL),
(108, 110, 5, NULL),
(112, 113, 4, NULL),
(112, 105, 5, NULL),
(111, 78, 1, NULL),
(111, 1, 0, NULL),
(111, 76, 3, NULL),
(109, 106, 3, NULL),
(105, 78, 1, NULL),
(104, 44, 4, NULL),
(104, 78, 1, NULL),
(113, 1, 0, NULL),
(113, 78, 1, NULL),
(113, 79, 2, NULL),
(113, 106, 3, NULL),
(114, 115, 5, NULL),
(114, 78, 1, NULL),
(114, 79, 2, NULL),
(114, 112, 3, NULL),
(115, 101, 3, NULL),
(115, 79, 2, NULL),
(115, 78, 1, NULL),
(115, 1, 0, NULL),
(115, 76, 4, NULL),
(115, 82, 5, NULL),
(115, 44, 6, NULL),
(114, 44, 4, NULL),
(114, 1, 0, NULL),
(116, 1, 0, NULL),
(116, 78, 1, NULL),
(116, 79, 2, NULL),
(116, 76, 3, NULL),
(108, 44, 4, NULL),
(1, 119, 7, NULL),
(108, 102, 2, NULL),
(108, 79, 6, NULL),
(105, 1, 0, NULL),
(117, 78, 1, NULL),
(117, 126, 6, NULL),
(117, 129, 3, NULL),
(117, 125, 5, NULL),
(117, 128, 4, NULL),
(117, 104, 0, NULL),
(117, 124, 2, NULL),
(118, 131, 2, NULL),
(118, 133, 1, NULL),
(105, 134, 5, NULL),
(118, 1, 0, NULL),
(118, 44, 3, NULL),
(117, 102, 7, NULL),
(117, 130, 8, NULL),
(117, 127, 9, NULL),
(117, 122, 10, NULL),
(119, 1, 0, NULL),
(105, 44, 6, NULL),
(105, 123, 7, NULL),
(105, 132, 8, NULL),
(107, 134, 3, NULL),
(107, 76, 4, NULL),
(120, 79, 2, NULL),
(120, 78, 1, NULL),
(120, 1, 0, NULL),
(120, 132, 3, NULL),
(110, 76, 3, NULL),
(110, 107, 4, NULL),
(110, 108, 5, NULL),
(110, 109, 6, NULL),
(108, 78, 1, NULL),
(108, 104, 0, NULL),
(108, 117, 9, NULL),
(108, 118, 10, NULL),
(108, 135, 11, NULL),
(104, 106, 5, NULL),
(104, 134, 6, NULL);

-- --------------------------------------------------------

--
-- Table structure for table `fields`
--

CREATE TABLE `fields` (
  `id` int(10) UNSIGNED NOT NULL,
  `type` varchar(128) CHARACTER SET ascii NOT NULL,
  `name` varchar(191) CHARACTER SET ascii NOT NULL,
  `flags` int(11) NOT NULL DEFAULT '0',
  `label` varchar(191) NOT NULL DEFAULT '',
  `data` text NOT NULL
) ENGINE=MyISAM DEFAULT CHARSET=utf8;

--
-- Dumping data for table `fields`
--

INSERT INTO `fields` (`id`, `type`, `name`, `flags`, `label`, `data`) VALUES
(1, 'FieldtypePageTitle', 'title', 13, 'Title', '{\"required\":1,\"textformatters\":[\"TextformatterEntities\"],\"size\":0,\"maxlength\":255}'),
(2, 'FieldtypeModule', 'process', 25, 'Process', '{\"description\":\"The process that is executed on this page. Since this is mostly used by ProcessWire internally, it is recommended that you don\'t change the value of this unless adding your own pages in the admin.\",\"collapsed\":1,\"required\":1,\"moduleTypes\":[\"Process\"],\"permanent\":1}'),
(3, 'FieldtypePassword', 'pass', 24, 'Set Password', '{\"collapsed\":1,\"size\":50,\"maxlength\":128}'),
(5, 'FieldtypePage', 'permissions', 24, 'Permissions', '{\"derefAsPage\":0,\"parent_id\":31,\"labelFieldName\":\"title\",\"inputfield\":\"InputfieldCheckboxes\"}'),
(4, 'FieldtypePage', 'roles', 24, 'Roles', '{\"derefAsPage\":0,\"parent_id\":30,\"labelFieldName\":\"name\",\"inputfield\":\"InputfieldCheckboxes\",\"description\":\"User will inherit the permissions assigned to each role. You may assign multiple roles to a user. When accessing a page, the user will only inherit permissions from the roles that are also assigned to the page\'s template.\"}'),
(92, 'FieldtypeEmail', 'email', 9, 'E-Mail Address', '{\"size\":70,\"maxlength\":255}'),
(44, 'FieldtypeImage', 'images', 0, 'Images', '{\"extensions\":\"gif jpg jpeg png\",\"adminThumbs\":1,\"inputfieldClass\":\"InputfieldImage\",\"maxFiles\":0,\"descriptionRows\":1,\"fileSchema\":6,\"textformatters\":[\"TextformatterEntities\"],\"outputFormat\":1,\"defaultValuePage\":0,\"defaultGrid\":0,\"icon\":\"camera\"}'),
(76, 'FieldtypeTextarea', 'body', 0, 'Body', '{\"inputfieldClass\":\"InputfieldCKEditor\",\"rows\":10,\"contentType\":1,\"toolbar\":\"Format, Bold, Italic, -, RemoveFormat\\nNumberedList, BulletedList, -, Blockquote\\nPWLink, Unlink, Anchor\\nPWImage, Table, HorizontalRule, SpecialChar\\nPasteText, PasteFromWord\\nScayt, -, Sourcedialog\",\"inlineMode\":0,\"useACF\":1,\"usePurifier\":1,\"formatTags\":\"p;h2;h3;h4;h5;h6;pre;address\",\"extraPlugins\":[\"pwimage\",\"pwlink\",\"sourcedialog\"],\"removePlugins\":\"image,magicline\",\"toggles\":[2,4,8],\"htmlOptions\":[2],\"collapsed\":0,\"minlength\":0,\"maxlength\":0,\"showCount\":0}'),
(78, 'FieldtypeText', 'headline', 0, 'Headline', '{\"description\":\"Use this instead of the Title if a longer headline is needed than what you want to appear in navigation.\",\"textformatters\":[\"TextformatterEntities\"],\"collapsed\":2,\"size\":0,\"maxlength\":1024,\"minlength\":0,\"showCount\":0}'),
(79, 'FieldtypeTextarea', 'summary', 1, 'Summary', '{\"textformatters\":[\"TextformatterEntities\"],\"inputfieldClass\":\"InputfieldTextarea\",\"collapsed\":2,\"rows\":3,\"contentType\":0}'),
(82, 'FieldtypeTextarea', 'sidebar', 0, 'Sidebar', '{\"inputfieldClass\":\"InputfieldCKEditor\",\"rows\":5,\"contentType\":1,\"toolbar\":\"Format, Bold, Italic, -, RemoveFormat\\r\\nNumberedList, BulletedList, -, Blockquote\\r\\nPWLink, Unlink, Anchor\\r\\nPWImage, Table, HorizontalRule, SpecialChar\\r\\nPasteText, PasteFromWord\\r\\nScayt, -, Sourcedialog\",\"inlineMode\":0,\"useACF\":1,\"usePurifier\":1,\"formatTags\":\"p;h2;h3;h4;h5;h6;pre;address\",\"extraPlugins\":[\"pwimage\",\"pwlink\",\"sourcedialog\"],\"removePlugins\":\"image,magicline\",\"toggles\":[2,4,8],\"collapsed\":2}'),
(97, 'FieldtypeDatetime', 'date', 0, 'Date', '{\"dateOutputFormat\":\"j F Y\",\"collapsed\":0,\"size\":25,\"datepicker\":3,\"timeInputSelect\":0,\"dateInputFormat\":\"Y\\/m\\/d\",\"defaultToday\":1,\"placeholder\":\"yyyy\\/mm\\/dd\",\"icon\":\"calendar\"}'),
(98, 'FieldtypePage', 'categories', 0, 'Categories', '{\"derefAsPage\":0,\"inputfield\":\"InputfieldAsmSelect\",\"parent_id\":1016,\"template_id\":46,\"labelFieldName\":\"title\",\"addable\":1,\"collapsed\":0}'),
(99, 'FieldtypeComments', 'comments', 0, 'Comments', '{\"schemaVersion\":6,\"moderate\":1,\"redirectAfterPost\":1,\"quietSave\":1,\"useNotify\":0,\"deleteSpamDays\":3,\"depth\":0,\"useWebsite\":1,\"dateFormat\":\"relative\",\"useVotes\":0,\"useStars\":0,\"useGravatar\":\"g\",\"collapsed\":0}'),
(100, 'FieldtypeModule', 'admin_theme', 8, 'Admin Theme', '{\"moduleTypes\":[\"AdminTheme\"],\"labelField\":\"title\",\"inputfieldClass\":\"InputfieldRadios\"}'),
(101, 'FieldtypePage', 'print_product_cates', 0, '', '{\"description\":\"Danh m\\u1ee5c s\\u1ea3n ph\\u1ea9m\",\"notes\":\"B\\u1ea1n c\\u00f3 th\\u1ec3 ch\\u1ecdn nhi\\u1ec1u m\\u1ee5c\",\"derefAsPage\":0,\"inputfield\":\"InputfieldAsmSelect\",\"parent_id\":0,\"template_id\":60,\"labelFieldName\":\"title\",\"collapsed\":0,\"usePageEdit\":0}'),
(102, 'FieldtypeURL', 'url_link', 0, '', '{\"textformatters\":[\"TextformatterEntities\"],\"noRelative\":0,\"allowIDN\":0,\"allowQuotes\":0,\"addRoot\":0,\"collapsed\":0,\"minlength\":0,\"maxlength\":1024,\"showCount\":0,\"size\":0}'),
(103, 'FieldtypeInteger', 'nav_menu_only_drop_down', 0, 'nav drop no point to pages', '{\"zeroNotEmpty\":0,\"defaultValue\":0,\"collapsed\":0,\"inputType\":\"text\",\"size\":10}'),
(104, 'FieldtypeInteger', 'repeater_matrix_type', 25, 'Repeater matrix type', ''),
(105, 'FieldtypeRepeaterMatrix', 'page_content_repeater', 0, 'Page content repeater', '{\"template_id\":54,\"parent_id\":1073,\"matrix1_name\":\"home_carousel_slides\",\"matrix1_head\":\"{matrix_label} [\\u2022 {matrix_summary}]\",\"matrix1_sort\":1,\"matrix1_fields\":[78,102,112,44],\"repeaterFields\":[104,78,102,112,44,110,79,114,116,117,118,135],\"repeaterCollapse\":0,\"repeaterLoading\":1,\"collapsed\":0,\"matrix2_name\":\"home_features\",\"matrix2_head\":\"{matrix_label} [\\u2022 {matrix_summary}]\",\"matrix2_sort\":2,\"matrix2_fields\":[110,78,79],\"matrix3_name\":\"vision_missions\",\"matrix3_head\":\"{matrix_label} [\\u2022 {matrix_summary}]\",\"matrix3_sort\":3,\"matrix3_fields\":[114,78,79],\"matrix4_name\":\"home_quotes\",\"matrix4_head\":\"{matrix_label} [\\u2022 {matrix_summary}]\",\"matrix4_sort\":4,\"matrix4_fields\":[116,117,118,44],\"matrix5_name\":\"home_6links\",\"matrix5_head\":\"{matrix_label} [\\u2022 {matrix_summary}]\",\"matrix5_sort\":5,\"matrix5_fields\":[44,102,135,112]}'),
(106, 'FieldtypeTextareas', 'print_service_cate_teasing_texts', 0, '', '{\"valueType\":\"Text,InputfieldText,FieldtypeText\",\"definitions\":\"heading = Heading Text\\ncontent = Content Text\\nurl_link_title = Title of URL link below\\nurl_link = url Link to explain\",\"contentType\":0,\"minlength\":0,\"maxlength\":0,\"showCount\":0,\"rows\":5,\"inputWidth\":0,\"collapsed2\":0,\"inputfieldClass\":\"InputfieldText\",\"textformatters\":[\"TextformatterEntities\"],\"collapsed\":0,\"size\":0}'),
(115, 'FieldtypeTextareas', 'print_product_cate_teasing_texts', 0, '', '{\"inputfieldClass\":\"InputfieldText\",\"valueType\":\"Text,InputfieldText,FieldtypeText\",\"definitions\":\"heading = Heading Text\\ncontent = Content Text\\nurl_link_title = Title of URL link below\\nurl_link = url Link to explain\",\"textformatters\":[\"TextformatterEntities\"],\"contentType\":0,\"minlength\":0,\"maxlength\":0,\"showCount\":0,\"rows\":5,\"inputWidth\":0,\"collapsed2\":0}'),
(107, 'FieldtypeMultiplier', 'contact_part', 0, '', '{\"notes\":\"Head,\\nDi\\u1ec5n gi\\u1ea3i Text\\nEmail\\n\\u0110i\\u1ec7n tho\\u1ea1i\\nSkype\",\"fieldtypeClass\":\"FieldtypeText\",\"textformatters\":[\"TextformatterEntities\"],\"qtyMin\":3,\"qtyMax\":5,\"sortable\":0,\"minlength\":0,\"maxlength\":2048,\"showCount\":0,\"size\":0,\"inputfieldConfigNames\":\"requiredAttr,minlength,maxlength,showCount,size,stripTags,placeholder,pattern\",\"schemaClass\":\"FieldtypeText\",\"collapsed\":0,\"description\":\"\\u0110i\\u1ec1n c\\u00e1c tr\\u01b0\\u1eddng theo th\\u1ee9 t\\u1ef1\"}'),
(108, 'FieldtypeMultiplier', 'contact_part_2', 0, '', '{\"notes\":\"Li\\u00ean h\\u1ec7\",\"fieldtypeClass\":\"FieldtypeText\",\"textformatters\":[\"TextformatterEntities\"],\"qtyMin\":3,\"qtyMax\":5,\"sortable\":0,\"minlength\":0,\"maxlength\":2048,\"showCount\":0,\"size\":0,\"inputfieldConfigNames\":\"requiredAttr,minlength,maxlength,showCount,size,stripTags,placeholder,pattern\",\"schemaClass\":\"FieldtypeText\",\"collapsed\":0}'),
(109, 'FieldtypeTextareas', 'contact_page_addresses', 0, '', '{\"notes\":\"G\\u1ed3m 2 \\u0111\\u1ecba ch\\u1ec9: shop in v\\u00e0 x\\u01b0\\u1edfng\",\"inputfieldClass\":\"InputfieldText\",\"valueType\":\"Text,InputfieldText,FieldtypeText\",\"definitions\":\"address_1 = \\u0110\\u1ecba ch\\u1ec9 1\\nurl_google_map_1 = Link google map x\\u00e1c \\u0111\\u1ecbnh t\\u1ecda \\u0111\\u1ed9 \\u0111\\u1ecba ch\\u1ec9 1\\naddress_2 = \\u0110\\u1ecba ch\\u1ec9 2\\nurl_google_map_2 = Link google map x\\u00e1c \\u0111\\u1ecbnh t\\u1ecda \\u0111\\u1ed9 \\u0111\\u1ecba ch\\u1ec9 2\",\"textformatters\":[\"TextformatterEntities\"],\"contentType\":0,\"minlength\":0,\"maxlength\":0,\"showCount\":0,\"rows\":5,\"inputWidth\":0,\"collapsed2\":0}'),
(110, 'FieldtypeText', 'image_name', 0, 'Tn hnh chn', '{\"textformatters\":[\"TextformatterEntities\"],\"collapsed\":0,\"minlength\":0,\"maxlength\":2048,\"showCount\":0,\"size\":0}'),
(111, 'FieldtypeTextareas', 'home_cta', 0, '', '{\"inputfieldClass\":\"InputfieldText\",\"valueType\":\"Text,InputfieldText,FieldtypeText\",\"definitions\":\"cta_content = CTA Content\\nurl_link_title = URL title\\nurl_link = URL Link\",\"textformatters\":[\"TextformatterEntities\"],\"contentType\":0,\"minlength\":0,\"maxlength\":0,\"showCount\":0,\"rows\":5,\"inputWidth\":0,\"collapsed2\":0}'),
(112, 'FieldtypeText', 'image_alt_text', 0, '', '{\"textformatters\":[\"TextformatterEntities\"],\"collapsed\":0,\"minlength\":0,\"maxlength\":2048,\"showCount\":0,\"size\":0}'),
(113, 'FieldtypeTextareas', 'about_cta_job', 0, '', '{\"textformatters\":[\"TextformatterEntities\"],\"minlength\":0,\"maxlength\":2048,\"showCount\":0,\"size\":0,\"inputfieldClass\":\"InputfieldText\",\"valueType\":\"Text,InputfieldText,FieldtypeText\",\"definitions\":\"headline = Head Line text\\ncontent = Content for headline\\nurl_link_caption = Ti\\u00eau \\u0111\\u1ec1 link\\nurl_link = url link t\\u1edbi \\u0111\\u00e2u \\u0111\\u00f3\",\"contentType\":0,\"rows\":5,\"inputWidth\":0,\"collapsed2\":0}'),
(114, 'FieldtypeText', 'num_text', 0, '', '{\"notes\":\"\\u0110\\u1ec3 \\u0111\\u00e1nh s\\u1ed1\",\"textformatters\":[\"TextformatterEntities\"],\"collapsed\":0,\"minlength\":0,\"maxlength\":2048,\"showCount\":0,\"size\":0}'),
(116, 'FieldtypeText', 'quote_content', 0, '', '{\"textformatters\":[\"TextformatterEntities\"],\"collapsed\":0,\"minlength\":0,\"maxlength\":2048,\"showCount\":0,\"size\":0}'),
(117, 'FieldtypeText', 'quote_writer', 0, '', '{\"textformatters\":[\"TextformatterEntities\"],\"collapsed\":0,\"minlength\":0,\"maxlength\":2048,\"showCount\":0,\"size\":0}'),
(118, 'FieldtypeText', 'quote_writer_title', 0, '', '{\"textformatters\":[\"TextformatterEntities\"],\"collapsed\":0,\"minlength\":0,\"maxlength\":2048,\"showCount\":0,\"size\":0}'),
(119, 'FieldtypeURL', 'video_url_link', 0, 'Video Youtube or Vimeo', '{\"textformatters\":[\"TextformatterEntities\"],\"noRelative\":1,\"allowIDN\":0,\"allowQuotes\":0,\"addRoot\":0,\"collapsed\":0,\"minlength\":0,\"maxlength\":1024,\"showCount\":0,\"size\":0}'),
(120, 'FieldtypeURL', 'image_url_link', 0, '', '{\"textformatters\":[\"TextformatterEntities\"],\"noRelative\":0,\"allowIDN\":0,\"allowQuotes\":0,\"addRoot\":0,\"collapsed\":0,\"minlength\":0,\"maxlength\":1024,\"showCount\":0,\"size\":0}'),
(121, 'FieldtypeText', 'image_thumb_name', 0, 'Hnh thumb nail', '{\"textformatters\":[\"TextformatterEntities\"],\"collapsed\":0,\"minlength\":0,\"maxlength\":2048,\"showCount\":0,\"size\":0}'),
(122, 'FieldtypeTable', 'price_table_4c', 0, 'Bng gi 4 ct', '{\"maxCols\":4,\"col1sort\":1,\"col2sort\":2,\"col3sort\":3,\"paginationLimit\":0,\"collapsed\":0,\"col1name\":\"quantity\",\"col1type\":\"text\",\"col2name\":\"option_01\",\"col2type\":\"text\",\"col3name\":\"option_02\",\"col3type\":\"text\",\"col4name\":\"option_03\",\"col4type\":\"text\",\"col4sort\":4,\"col1width\":25,\"col1settings\":\"textformatters=TextformatterEntities\\nplaceholder=\\ndefault=\\nmaxLength=2048\",\"col2width\":25,\"col2settings\":\"textformatters=TextformatterEntities\\nplaceholder=\\ndefault=\\nmaxLength=2048\",\"col3width\":25,\"col3settings\":\"textformatters=TextformatterEntities\\nplaceholder=\\ndefault=\\nmaxLength=2048\",\"col4width\":25,\"col4settings\":\"textformatters=TextformatterEntities\\nplaceholder=\\ndefault=\\nmaxLength=2048\",\"col1label\":\"N\\u1ed9i dung c\\u1ed9t 1\",\"col2label\":\"N\\u1ed9i dung c\\u1ed9t 2\",\"col3label\":\"N\\u1ed9i dung c\\u1ed9t 3\",\"col4label\":\"N\\u1ed9i dung c\\u1ed9t 4\"}'),
(123, 'FieldtypeRepeaterMatrix', 'price_table_repeater', 0, 'Price Table Repeater', '{\"template_id\":63,\"parent_id\":1107,\"matrix1_name\":\"price_table_4c\",\"matrix1_head\":\"{matrix_label} [\\u2022 {matrix_summary}]\",\"matrix1_sort\":1,\"matrix1_fields\":[78,124,127,122,125,126,102,130],\"repeaterFields\":[104,78,124,129,128,125,126,102,130,127,122],\"repeaterCollapse\":0,\"repeaterLoading\":1,\"collapsed\":0,\"matrix2_name\":\"price_table_3c\",\"matrix2_head\":\"{matrix_label} [\\u2022 {matrix_summary}]\",\"matrix2_sort\":0,\"matrix2_fields\":[78,124,129,128,125,126,102,130]}'),
(124, 'FieldtypeTextarea', 'table_top_content', 0, '', '{\"inputfieldClass\":\"InputfieldCKEditor\",\"contentType\":1,\"collapsed\":0,\"minlength\":0,\"maxlength\":0,\"showCount\":0,\"rows\":5}'),
(125, 'FieldtypeTextarea', 'table_bottom_content', 0, '', '{\"inputfieldClass\":\"InputfieldCKEditor\",\"contentType\":1,\"collapsed\":0,\"minlength\":0,\"maxlength\":0,\"showCount\":0,\"rows\":5}'),
(126, 'FieldtypeText', 'button_caption', 0, '', '{\"textformatters\":[\"TextformatterEntities\"],\"collapsed\":0,\"minlength\":0,\"maxlength\":2048,\"showCount\":0,\"size\":0}'),
(127, 'FieldtypeTextareas', 'table_heading_4c', 0, '', '{\"inputfieldClass\":\"InputfieldText\",\"valueType\":\"Text,InputfieldText,FieldtypeText\",\"definitions\":\"column_01 = ti\\u00eau \\u0111\\u1ec1 c\\u1ed9t 1\\ncolumn_02 = ti\\u00eau \\u0111\\u1ec1 c\\u1ed9t 2\\ncolumn_03 = ti\\u00eau \\u0111\\u1ec1 c\\u1ed9t 3\\ncolumn_04 = ti\\u00eau \\u0111\\u1ec1 c\\u1ed9t 4\",\"textformatters\":[\"TextformatterEntities\"],\"contentType\":0,\"minlength\":0,\"maxlength\":0,\"showCount\":0,\"rows\":5,\"inputWidth\":0,\"collapsed2\":0,\"collapsed\":0,\"size\":0}'),
(128, 'FieldtypeTable', 'table_3col', 0, 'Bng 3 ct', '{\"maxCols\":3,\"col1name\":\"column_01\",\"col1label\":\"C\\u1ed9t 1\",\"col1type\":\"text\",\"col1width\":40,\"col1sort\":1,\"col2name\":\"column_02\",\"col2label\":\"C\\u1ed9t 2\",\"col2type\":\"text\",\"col2width\":30,\"col2sort\":2,\"col3name\":\"column_03\",\"col3label\":\"C\\u1ed9t 3\",\"col3type\":\"text\",\"col3width\":30,\"col3sort\":3,\"paginationLimit\":0,\"collapsed\":0}'),
(129, 'FieldtypeTextareas', 'table_heading_3c', 0, '', '{\"inputfieldClass\":\"InputfieldText\",\"valueType\":\"Text,InputfieldText,FieldtypeText\",\"definitions\":\"column_01 = ti\\u00eau \\u0111\\u1ec1 c\\u1ed9t 1\\ncolumn_02 = ti\\u00eau \\u0111\\u1ec1 c\\u1ed9t 2\\ncolumn_03 = ti\\u00eau \\u0111\\u1ec1 c\\u1ed9t 3\",\"textformatters\":[\"TextformatterEntities\"],\"contentType\":0,\"minlength\":0,\"maxlength\":0,\"showCount\":0,\"rows\":5,\"inputWidth\":0,\"collapsed2\":0}'),
(130, 'FieldtypeInteger', 'inactive', 0, 'Khng s dng', '{\"zeroNotEmpty\":0,\"collapsed\":0,\"inputType\":\"text\",\"size\":5,\"max\":1,\"description\":\"\\u0110\\u1eb7t 1 s\\u1ebd t\\u1eaft\"}'),
(131, 'FieldtypeTextareas', 'setting_hanna_codes', 0, 'Setting Hanna Codes', '{\"description\":\"N\\u00ean d\\u00e0nh ri\\u00eang cho trang settings\",\"inputfieldClass\":\"InputfieldText\",\"valueType\":\"Text,InputfieldText,FieldtypeText\",\"definitions\":\"chat_code = Chat Code\\ncontact_form = Contact Form t\\u1ea1i trang Contact\",\"contentType\":0,\"minlength\":0,\"maxlength\":0,\"showCount\":0,\"rows\":5,\"inputWidth\":0,\"collapsed2\":0,\"collapsed\":0,\"size\":0,\"textformatters\":[\"TextformatterHannaCode\"]}'),
(132, 'FieldtypeTextareas', 'print_service_page_cta_text', 0, '', '{\"description\":\"K\\u00eau g\\u1ecdi h\\u00e0nh \\u0111\\u1ed9ng c\\u1ee7a trang\",\"textformatters\":[\"TextformatterEntities\"],\"inputfieldClass\":\"InputfieldText\",\"contentType\":0,\"minlength\":0,\"maxlength\":0,\"showCount\":0,\"rows\":5,\"toolbar\":\"Format, Styles, -, Bold, Italic, -, RemoveFormat\\nNumberedList, BulletedList, -, Blockquote\\nPWLink, Unlink, Anchor\\nPWImage, Table, HorizontalRule, SpecialChar\\nPasteText, PasteFromWord\\nScayt, -, Sourcedialog\",\"inlineMode\":0,\"useACF\":1,\"usePurifier\":1,\"formatTags\":\"p;h1;h2;h3;h4;h5;h6;pre;address\",\"extraPlugins\":[\"pwimage\",\"pwlink\",\"sourcedialog\"],\"removePlugins\":\"image,magicline\",\"valueType\":\"Text,InputfieldText,FieldtypeText\",\"definitions\":\"heading = Heading Text\\ncontent = Content Text\\nurl_link_title = Title of URL link below\\nurl_link = url Link to explain\",\"inputWidth\":0,\"collapsed2\":0}'),
(133, 'FieldtypeTextareas', 'settings_logo', 0, '', '{\"inputfieldClass\":\"InputfieldText\",\"valueType\":\"Text,InputfieldText,FieldtypeText\",\"definitions\":\"logo_text = Logo Text\\nlogo_slogan = Logo Slogan\\nlogo_image_name = Logo Image File Name\\ncopy_right_text = Copy Right Text\\nphone_number = S\\u1ed1 \\u0111i\\u1ec7n tho\\u1ea1i ch\\u00ednh\\nemail_address = Email ch\\u00ednh\",\"contentType\":0,\"minlength\":0,\"maxlength\":0,\"showCount\":0,\"rows\":5,\"inputWidth\":0,\"collapsed2\":0,\"textformatters\":[\"TextformatterEntities\"],\"collapsed\":0,\"size\":0}'),
(134, 'FieldtypeText', 'contact_band', 0, 'Di bng lin h', '{\"textformatters\":[\"TextformatterHannaCode\"],\"collapsed\":0,\"minlength\":0,\"maxlength\":2048,\"showCount\":0,\"size\":0}'),
(135, 'FieldtypeText', 'tooltip_text', 0, '', '{\"description\":\"Tooltip\",\"textformatters\":[\"TextformatterEntities\"],\"collapsed\":0,\"minlength\":0,\"maxlength\":2048,\"showCount\":0,\"size\":0}');

-- --------------------------------------------------------

--
-- Table structure for table `field_about_cta_job`
--

CREATE TABLE `field_about_cta_job` (
  `pages_id` int(10) UNSIGNED NOT NULL,
  `data` mediumtext NOT NULL
) ENGINE=MyISAM DEFAULT CHARSET=utf8;

--
-- Dumping data for table `field_about_cta_job`
--

INSERT INTO `field_about_cta_job` (`pages_id`, `data`) VALUES
(1002, 'headline:Tham gia i ng chng ti!\rcontent:Chng ti lun cn nhn ti tham gia cc v tr trong doanh nghip.\rurl_link_caption:Tham gia\rurl_link:#');

-- --------------------------------------------------------

--
-- Table structure for table `field_admin_theme`
--

CREATE TABLE `field_admin_theme` (
  `pages_id` int(10) UNSIGNED NOT NULL,
  `data` int(11) NOT NULL
) ENGINE=MyISAM DEFAULT CHARSET=utf8;

-- --------------------------------------------------------

--
-- Table structure for table `field_body`
--

CREATE TABLE `field_body` (
  `pages_id` int(10) UNSIGNED NOT NULL,
  `data` mediumtext NOT NULL
) ENGINE=MyISAM DEFAULT CHARSET=utf8;

--
-- Dumping data for table `field_body`
--

INSERT INTO `field_body` (`pages_id`, `data`) VALUES
(1, '<p>L dch v 123in dnh ring dnh ring cho cc nh Thit K In. Vi my mc in, thnh phm ti ch chnh l ni qu khch c th tin cy lm i tc sn xut n hng in nhanh.</p>'),
(1069, '<h3>Teesst We help our customers engage investors so their companies can grow</h3>\n\n<p>Test Our customers look to us as guides, and we weave our deep legal and technical experience into our software and services.</p>'),
(1034, '<p>123in cung cp a dng s la chn cho qu khch hng khi in n danh thip, name card.</p>\n\n<ul>\n	<li>\n	<p>Cn mng: Gia cng cn mng bng hoc cn mng m nhm bo v lp mu, trnh xc,</p>\n	</li>\n	<li>\n	<p>p kim, p nh: To im nhn cho logo, biu tng hoc mt phn ch no   tng thm s sang trng, cao cp cho tm danh thip.</p>\n	</li>\n	<li>\n	<p>Bi nhiu lp: Tng  dy dn, cng cp cho tm danh thip bng cch ghp chng nhiu lp giy khc nhau  to thnh khi ng nht.</p>\n	</li>\n	<li>\n	<p>Dp chm, dp ni: To hiu ng th gic 3D n tng, lm logo, tn cng ty, hnh nh i din tr nn ni bt c bit hn.</p>\n	</li>\n</ul>\n\n<p>+ Xng 123in hin ti ch nhn in Card Visit khi <strong>khch hng  c sn file thit k </strong>bng cc phn mm chuyn dng.</p>\n\n<p>+ Khch hng nn ch ng gi file in theo h mu CMYK v b xn 3mm mi chiu,  phn gii 300dpi.</p>'),
(27, '<h3>The page you were looking for is not found.</h3>\n\n<p>Please use the navigation above to find the page, or use the search engine in the footer. </p>'),
(1002, '<p>Vi 10 nm kinh nghim trong ngnh, chng ti l n v sn xut in nhanh  cc qu khch la chn.</p>'),
(1089, '<p>Body ca </p>'),
(1086, '<p>Danh mc body</p>'),
(1095, '<p>Brochure ca chng ti c cc kch thc sau: Brochure A5 (210x148mm); Brochure A4 (297x210mm);Brochure A3 (420x297mm); Brochure 3A4 (63x297mm). Qu khch hng c th t in Brochure vi mi kch thc, kiu dng ti 123in.</p>\n\n<p><img alt=\"\" src=\"http://in123.vn/site/assets/files/1035/mau-in-to-roi-chuyen-nghiep.732x0-is.jpg\" width=\"732\" /></p>\n\n<p><img alt=\"\" src=\"http://in123.vn/site/assets/files/1035/in-brochure-lay-lien-brochure-a3.738x0-is.jpg\" width=\"738\" /></p>\n\n<p><img alt=\"\" src=\"http://in123.vn/site/assets/files/1035/in-brochure-lay-lien-hcm-brochure-a3.732x0-is.jpg\" width=\"732\" /></p>\n\n<p><img alt=\"\" src=\"http://in123.vn/site/assets/files/1035/in-brochure-dep-hcm.732x0-is.jpg\" width=\"732\" /></p>\n\n<p><img alt=\"\" src=\"http://in123.vn/site/assets/files/1035/in-brochure-gia-re-tphcm.732x0-is.jpg\" width=\"732\" /></p>\n\n<p><em>Gi file in ti y: info@123in.vn v tng i t in 1800.6549</em></p>\n\n<p>+ Xng 123in hin ti ch nhn in brochure khi <strong>khch hng  c sn file thit k </strong>bng cc phn mm chuyn dng.</p>\n\n<p>+ Khch hng nn ch ng gi file in theo h mu CMYK v b xn 3mm mi chiu,  phn gii 300dpi.</p>\n\n<p>+ Min ph vn chuyn vi n hng c gi tr trn 1.000.000 vn vi ni thnh HCM di 5km.</p>\n\n<ul>\n	<li><strong>LIN H</strong></li>\n</ul>\n\n<p>Tr s &amp; Xng SX: 132 Cng Ha, P4, Qun Tn Bnh</p>\n\n<p>Shop In &amp; Showroom: 292 ng 3/2, P.12, Qun 10</p>\n\n<p>Hotline: 1.800.6549</p>\n\n<p>Email: info@123in.vn</p>'),
(1004, '<p>Magna in gemino, gilvus iusto capto jugis abdo mos aptent acsi qui. Utrum inhibeo humo humo duis quae. Lucidus paulatim facilisi scisco quibus hendrerit conventio adsum.</p>\n\n<h2>Si lobortis singularis genitus ibidem saluto</h2>\n\n<ul><li>Feugiat eligo foras ex elit sed indoles hos elit ex antehabeo defui et nostrud.</li>\n	<li>Letatio valetudo multo consequat inhibeo ille dignissim pagus et in quadrum eum eu.</li>\n	<li>Aliquam si consequat, ut nulla amet et turpis exerci, adsum luctus ne decet, delenit.</li>\n	<li>Commoveo nunc diam valetudo cui, aptent commoveo at obruo uxor nulla aliquip augue.</li>\n</ul><p>Iriure, ex velit, praesent vulpes delenit capio vero gilvus inhibeo letatio aliquip metuo qui eros. Transverbero demoveo euismod letatio torqueo melior. Ut odio in suscipit paulatim amet huic letalis suscipere eros causa, letalis magna.</p>\n\n<ol><li>Feugiat eligo foras ex elit sed indoles hos elit ex antehabeo defui et nostrud.</li>\n	<li>Letatio valetudo multo consequat inhibeo ille dignissim pagus et in quadrum eum eu.</li>\n	<li>Aliquam si consequat, ut nulla amet et turpis exerci, adsum luctus ne decet, delenit.</li>\n	<li>Commoveo nunc diam valetudo cui, aptent commoveo at obruo uxor nulla aliquip augue.</li>\n</ol>'),
(1015, '<p>CEO (Chief Executive Officer) l ngi qun l iu hnh cao nht ca mt cng ty. Vi v tr v quyn hn rt cao nh th nn <strong>in name card p  ng cp</strong> cho cp CEO cng rt quan trng. Cc CEO thng thch nhng tm danh thip ng cp, sng to v khc bit. Bi chnh h l i din cho ton b doanh nghip trc i tc v khch hng. <a href=\"https://123in.vn/\">Xng 123in</a>l nh in name card tin cy ca cc doanh nghip c bit l cc cp CEO tp on ln.</p>\n\n<figure><img alt=\"In name card p dnh ring cho CEO\" src=\"https://123in.vn/wp-content/uploads/2019/04/in-danh-thiep-ceo.jpg\" width=\"579\" />\n<figcaption>In name card p dnh ring cho CEO</figcaption>\n</figure>\n\n<h2>La chon in name card p ng cp pro dnh cho CEO</h2>\n\n<h3>Cht liu giy</h3>\n\n<p>Khi in danh thip thng s dng giy couche 300gsm b mt bng, mn, lng khi in rt bt mt v sng. Hay giy bristol 300gsm bng hn v dy hn couche. Nhng y ch l giy ph thng gi r khng ph hp  in danh thip cho CEO.</p>\n\n<p>Chng ti khuyn bn nn s dng cc loi <strong>giy m thut cao cp. </strong>Bi v nhng loi ny s dng cht liu cao cp, thn thin mi trng c hiu ng p, c o. iu  gip tn ln thit k ca bn. nh lng 400gsm-450gsm cao cp nht th trng, in bng cng ngh k thut s m bo mu sc hon ho, c chnh xc cao v cht lng sc nt nht.</p>\n\n<figure><img alt=\"Mu in name card p la chn dnh cho cc CEO\" src=\"https://123in.vn/wp-content/uploads/2019/04/in-danh-thiep-ceo-tphcm.jpg\" />\n<figcaption>Mu in name card p la chn dnh cho cc CEO</figcaption>\n</figure>\n\n<h3>Cc loi giy m thut thng dng  in business card</h3>\n\n<p>Xng 123in c rt nhiu dng giy m thut  cho qu khch hng la chn. Tt c u c nhp khu t chu u, Hn Quc v Nht. Nn bn hon ton c th an tm v tin tng vo cht lng giy ti 123in. Chng ti s gii thiu cho bn mt s loi giy thng c dng  in name card p  cao cp.</p>\n\n<p>Trc tin l <strong>giy Diamond White CX22 nh lng 400gsm</strong>. Vi cht liu giy cng, b mt giy nhn, mn, khi chm vo mt v d chu.</p>\n\n<figure><img alt=\"Mu name card in trn giy diamond white\" src=\"https://123in.vn/wp-content/uploads/2019/04/mau-name-card-giay-diamond-white.jpg\" />\n<figcaption>Mu name card in trn giy diamond white</figcaption>\n</figure>\n\n<figure><img alt=\"Mu name card in trn giy diamond white\" src=\"https://123in.vn/wp-content/uploads/2019/04/mau-name-card-giay-diamond-white-cuc-dep.jpg\" />\n<figcaption>Mu name card in trn giy diamond white</figcaption>\n</figure>\n\n<p>Mu name card <strong>giy m thut Econo 300gsm</strong> c s dng  in danh thip doanh nghip kt hp p kim. Tm danh thip tng thm phn sang trng v cao cp hn.</p>\n\n<figure><img alt=\"Mu name card p kim s dng giy Econo\" src=\"https://123in.vn/wp-content/uploads/2019/04/in-name-card-ep-kim-hcm-2.jpg\" />\n<figcaption>Mu name card p kim s dng giy Econo</figcaption>\n</figure>\n\n<figure><img alt=\"Mu name card p kim s dng giy Econo\" src=\"https://123in.vn/wp-content/uploads/2019/04/name-card-ep-kim-1.jpg\" />\n<figcaption>Mu name card p kim s dng giy Econo</figcaption>\n</figure>\n\n<p>Ngoi ra nu c thit k nn en bn nn chn giy m thut en thay v in ph en trn giy trng. Dng giy c u tin la chn l <strong>Notturno 350gsm hoc 450gsm t .</strong></p>\n\n<figure><img alt=\"Mu in name card p s dng giy m thut Notturno 350gsm\" src=\"https://123in.vn/wp-content/uploads/2019/04/mau-danh-thiep-ep-kim-hcm-1.jpg\" />\n<figcaption>Mu in name card p s dng giy m thut Notturno 350gsm</figcaption>\n</figure>\n\n<figure><img alt=\"Mu in name card p s dng giy m thut Notturno 350gsm\" src=\"https://123in.vn/wp-content/uploads/2019/04/mau-in-card-ep-kim-dep-1.jpg\" />\n<figcaption>Mu in name card p s dng giy m thut Notturno 350gsm</figcaption>\n</figure>\n\n<p>Bn hy n showroom ca 123in ti <strong>292 ng 3/2 phng 12, qun 10, TPHCM</strong>  c t vn v xem cc mu giy m thut tt nht ca chng ti nh.</p>\n\n<h3><strong>In name card p kim  mu</strong></h3>\n\n<p>Bt c mt CEO no cng mong mun in nhng tm name card vi <strong>cht liu cao cp v ni bt nht.</strong> Name card chnh l ci nhn u tin ca khch hng v i tc khi lm vic vi CEO. Nn h rt ch trng v u t nhiu kinh ph  c nhng tm danh thip p nht.</p>\n\n<p>In name card p p kim, p nh cao cp l mt trong nhng dng card ang chim lnh th trng. Vi h thng p kim t ng m bo name card chnh xc v sc nt nht.</p>\n\n<figure><img alt=\"Card p kim p\" src=\"https://123in.vn/wp-content/uploads/2019/04/card-ep-kim-dep-1.jpg\" />\n<figcaption>Card p kim p</figcaption>\n</figure>\n\n<figure><img alt=\"Card p kim p tphcm\" src=\"https://123in.vn/wp-content/uploads/2019/04/card-visit-ep-kim-hcm.jpg\" />\n<figcaption>Card p kim p tphcm</figcaption>\n</figure>\n\n<figure><img alt=\"Danh thip p kim lp lnh cc p\" src=\"https://123in.vn/wp-content/uploads/2019/04/danh-thiep-ep-kim.jpg\" />\n<figcaption>Danh thip p kim lp lnh cc p</figcaption>\n</figure>\n\n<figure><img alt=\"Mu card p kim trn giy m thut\" src=\"https://123in.vn/wp-content/uploads/2019/04/danh-thiep-ep-kim-2.jpg\" />\n<figcaption>Mu card p kim trn giy m thut</figcaption>\n</figure>\n\n<figure><img alt=\"Danh thip p kim nh bc\" src=\"https://123in.vn/wp-content/uploads/2019/04/danh-thiep-ep-kim-nhu-bac.jpg\" />\n<figcaption>Danh thip p kim nh bc</figcaption>\n</figure>\n\n<figure><img alt=\"Mu card p kim nh vng\" src=\"https://123in.vn/wp-content/uploads/2019/04/mau-card-ep-kim-nhu-vang-1.jpg\" />\n<figcaption>Mu card p kim nh vng</figcaption>\n</figure>\n\n<figure><img alt=\"Mu in name card-ep-kim-dep\" src=\"https://123in.vn/wp-content/uploads/2019/04/mau-card-ep-kim-1.jpg\" />\n<figcaption>Mu in name card-ep-kim-dep</figcaption>\n</figure>\n\n<figure><img alt=\"Mu in name card-ep-kim-dep\" src=\"https://123in.vn/wp-content/uploads/2019/04/mau-name-card-ep-kim-dep.jpg\" />\n<figcaption>Mu in name card-ep-kim-dep</figcaption>\n</figure>\n\n<figure><img alt=\"Mu in name card-ep-kim-dep\" src=\"https://123in.vn/wp-content/uploads/2019/04/mau-in-name-card-dep.jpg\" />\n<figcaption>Mu in name card-ep-kim-dep</figcaption>\n</figure>\n\n<h3><strong>Dp chm, dp ni  name card tr nn cao cp</strong></h3>\n\n<p>Cc in name card p <strong>dp chm, dp ni logo, tn cng ty</strong>cng rt c a chung v tnh c o v ni bt ca loi card ny. <strong>S kt hp hon ho</strong> gia giy m thut c gn v dp chm, dp ni, p kim to ra mt tc phm ngh thut, khng ch l tm danh thip bnh thng.</p>\n\n<figure><img alt=\"In name card dp chm, dp ni hcm\" src=\"https://123in.vn/wp-content/uploads/2019/04/card-dap-noi-dep-1.jpg\" />\n<figcaption>In name card dp chm, dp ni hcm</figcaption>\n</figure>\n\n<figure><img alt=\"In name card dp chm, dp ni\" src=\"https://123in.vn/wp-content/uploads/2019/04/mau-card-dap-noi-tphcm-1.jpg\" />\n<figcaption>In name card dp chm, dp ni</figcaption>\n</figure>\n\n<figure><img alt=\"In name card p mu dp chm, dp ni\" src=\"https://123in.vn/wp-content/uploads/2019/04/name-card-dap-chim.jpg\" width=\"578\" />\n<figcaption>In name card p mu dp chm, dp ni</figcaption>\n</figure>\n\n<figure><img alt=\"In name card p mu dp chm, dp ni\" src=\"https://123in.vn/wp-content/uploads/2019/04/name-card-dap-noi.jpg\" width=\"577\" />\n<figcaption>In name card p mu dp chm, dp ni</figcaption>\n</figure>\n\n<figure><img alt=\"In name card dp chm, dp ni\" src=\"https://123in.vn/wp-content/uploads/2019/04/in-card-dap-noi-1.jpg\" />\n<figcaption>In name card dp chm, dp ni</figcaption>\n</figure>\n\n<figure><img alt=\"In name card dp chm, dp ni hcm\" src=\"https://123in.vn/wp-content/uploads/2019/04/danh-thiep-dap-noi-hcm-1.jpg\" />\n<figcaption>In name card dp chm, dp ni hcm</figcaption>\n</figure>\n\n<h3><strong>Card visit UV nh hnh n tng</strong></h3>\n\n<p>Mc thu nhp ci thin th kh nng chi tiu ca ngi dng tng ln. H s cm thy thoi mi hn trong vic chi tin  <strong>in name card p cao cp</strong> thay v dng card r tin nh trc y. Khi nhc n cc dng card visit cao cp, chng ta khng th b qua <strong>card visit UV nh hnh</strong>. c bit ngnh ni tht, bt ng sn, dch v du lch cc k a chung dng card visit ny.</p>\n\n<figure><img alt=\"in name card p va p kim va UV nh v\" src=\"https://123in.vn/wp-content/uploads/2019/04/card-ep-kim-va-uv-dinh-vi-1.jpg\" />\n<figcaption>in name card p va p kim va UV nh v</figcaption>\n</figure>\n\n<figure><img alt=\"in name card p va p kim va UV nh v\" src=\"https://123in.vn/wp-content/uploads/2019/04/card-in-phu-uv-dinh-vi-dep-1.jpg\" />\n<figcaption>in name card p va p kim va UV nh v</figcaption>\n</figure>\n\n<figure><img alt=\"In card UV nh v\" src=\"https://123in.vn/wp-content/uploads/2019/04/card-in-phu-uv-dinh-vi.jpg\" />\n<figcaption>In card UV nh v</figcaption>\n</figure>\n\n<figure><img alt=\"Card visit in ph UV nh v\" src=\"https://123in.vn/wp-content/uploads/2019/04/card-visit-in-phu-uv.jpg\" />\n<figcaption>Card visit in ph UV nh v</figcaption>\n</figure>\n\n<figure><img alt=\"In card TPHCM UV nh v\" src=\"https://123in.vn/wp-content/uploads/2019/04/in-card-tphcm-uv-dinh-vi-1.jpg\" />\n<figcaption>In card TPHCM UV nh v</figcaption>\n</figure>\n\n<figure><img alt=\"In card TPHCM UV nh v\" src=\"https://123in.vn/wp-content/uploads/2019/04/in-card-uv-dinh-vi-tai-hcm-1.jpg\" />\n<figcaption>In card TPHCM UV nh v</figcaption>\n</figure>\n\n<figure><img alt=\"Mu in name card p in ph UV nh v\" src=\"https://123in.vn/wp-content/uploads/2019/04/mau-in-card-phu-uv-dinh-vi-1.jpg\" width=\"581\" />\n<figcaption>Mu in name card p in ph UV nh v</figcaption>\n</figure>\n\n<figure><img alt=\"Name card ph UV nh v\" src=\"https://123in.vn/wp-content/uploads/2019/04/name-card-uv-dinh-vi-1.jpg\" width=\"579\" />\n<figcaption>Name card ph UV nh v</figcaption>\n</figure>\n\n<p>Gh thm Showroom 123in  tham kho thm <strong>cc mu in name card cc p, gi cc tt</strong> hoc hy gi cho <strong>123in</strong> qua HOTLINE 1800.6549  EMAIL: info@123in.vn, innhanh@123in.vn  SKYPE: skype123in  c t vn chnh xc nht.</p>'),
(1021, '<p>Trong kinh doanh, card visit  tr thnh ngi bn quan trng ca bt k nhn vin vn phng no. Khi tham gia cc hi tho, s kin bn thng trao i danh thip vi khch hng, i tc  gi lin lc vi nhau.</p>\n\n<p>Bn  c thit k mu name card cn in gp trong ngy ? Giao hng tn nh ? In p, chun thit k.  p ng nhu cu <strong>in card visit nhanh</strong>, siu tc, <strong><a href=\"https://123in.vn/\">xng 123in</a></strong>  trang b y  thit b cng nh nhn lc  p ng yu cu ca bn. Mc gi in card siu tt, khng tng gi d in siu tc.</p>\n\n<figure><img alt=\"In card visit nhanh siu tc ti HCM\" src=\"https://123in.vn/wp-content/uploads/2019/05/in-card-visit-nhanh-sieu-toc-hcm.jpg\" />\n<figcaption>In card visit nhanh siu tc ti HCM</figcaption>\n</figure>\n\n<h2>V sao nn la chn in card siu tc ti Xng 123in ?</h2>\n\n<p>+ S dng cc dng my in cng ngh cao ca <strong>c &amp; Nht</strong></p>\n\n<p>+ Cht liu giy m thut cao cp nhp khu</p>\n\n<p>+ p kim tiu chun m bo  <strong>bn mu, kh phai</strong>, bn lu theo thi gian</p>\n\n<p>+ <strong>Dch v t in n online tin li</strong> vi cc bc t in name card d dng qua email, skype</p>\n\n<p>+ T vn h tr khch hng la chn cht liu, cch thc gia cng sau in tn tnh, chu o</p>\n\n<p>+ Giao hng tn ni, nhanh chng, <strong>nhn ship hng ton quc</strong></p>\n\n<p>+ Cc chng trnh <strong>u i, khuyn mi</strong> cc tt</p>\n\n<p>+ <strong>Gi tt tn xng</strong> cho tt c mi ngi</p>\n\n<figure><img alt=\"Quy trnh lm vic chuyn nghip ti 123in\" src=\"https://123in.vn/wp-content/uploads/2019/05/Quy-trinh-lam-viec.jpg\" />\n<figcaption>Quy trnh lm vic chuyn nghip ti 123in</figcaption>\n</figure>\n\n<h2>Card visit cn c nhng thng tin g ?</h2>\n\n<p>Name card hay card visit ging nh mt li gii thiu ngn gn, trang trng v lch s ca bn vi i tc. Nhng thng tin c th hin trn danh thip v c bn gm: tn v chc danh, tn cng ty v logo, a im kinh doanh, s in thoi lin h, trang web v cc mng x hi .v.v.</p>\n\n<p>Kch thc chun ca name card ly lin l <strong>5,5cm rng x 9cm di</strong>. Hn ch kch thc nh hn kch thc chun trn v kh th hin y  thng tin. Phi thu nh kch thc ch, khin ngi nhn danh thip kh nhn.  in card visit nhanh bn cn phi c sn thit k  gi 123in nh. Mi vic cn li  123in hon tt cho bn.</p>\n\n<figure><img alt=\"In card visit nhanh giao ngay trong ngy ti HCM\" src=\"https://123in.vn/wp-content/uploads/2019/05/In-card-visit-nhanh-giao-ngay-trong-ngay.jpg\" />\n<figcaption>In card visit nhanh giao ngay trong ngy ti HCM</figcaption>\n</figure>\n\n<h2>Bng gi in card visit ti HCM</h2>\n\n<p>In card visit nhanh c chia ra lm nhiu loi t loi card ph thng n loi cao cp, chuyn nghip. In card visit p kim, p nh, cc loi name card dp ni, bo gc. In card visit giy m thut, in card nha. Mi loi gi in card visit ph hp vi tng nhu cu v i tng khch hng ring.</p>\n\n<figure><img alt=\"Bng gi in card visit\" src=\"https://123in.vn/wp-content/uploads/2019/04/bang-gia-in-name-card.png\" />\n<figcaption>Bng gi in card visit</figcaption>\n</figure>\n\n<p>Cht liu in card visit tiu chun l giy couche/ giy bristol 300gsm. Thi gian in ch trong 1 ngy l c hng. <strong>In nhanh k thut s khng ghp bi, canh chun mu</strong>, m bo y nh thit k. Khng lo b lch tng mu.</p>\n\n<figure><img alt=\"In card visit nhanh ly ngay trong ngy ti xng 123in\" src=\"https://123in.vn/wp-content/uploads/2019/05/In-card-visit-nhanh-lay-trong-ngay-123in.jpg\" />\n<figcaption>In card visit nhanh ly ngay trong ngy ti xng 123in</figcaption>\n</figure>\n\n<h2>Tham kho mt s mu card visit</h2>\n\n<figure><img alt=\"In card visit nhanh trn cht liu giy m thut\" src=\"https://123in.vn/wp-content/uploads/2019/05/tu-van-giay-in-name-card.jpg\" />\n<figcaption>In card visit nhanh trn cht liu giy m thut</figcaption>\n</figure>\n\n<figure><img alt=\"Mu in card visit dnh cho doanh nghip\" src=\"https://123in.vn/wp-content/uploads/2019/05/gia-in-card-visit.jpg\" />\n<figcaption>Mu in card visit dnh cho doanh nghip</figcaption>\n</figure>\n\n<figure><img alt=\"Mu card visit p hcm\" src=\"https://123in.vn/wp-content/uploads/2019/05/name-card-dep-hcm.jpg\" />\n<figcaption>Mu card visit p hcm</figcaption>\n</figure>\n\n<figure><img alt=\"Mu card in giy B300gsm sbo gc cc p\" src=\"https://123in.vn/wp-content/uploads/2019/05/elegant-name-card-design-3.jpg\" />\n<figcaption>Mu card in giy B300gsm sbo gc cc p</figcaption>\n</figure>\n\n<figure><img alt=\"Mu name card dnh cho ngnh nails\" src=\"https://123in.vn/wp-content/uploads/2019/05/beauty-spa-business-card-.jpg\" />\n<figcaption>Mu name card dnh cho ngnh nails</figcaption>\n</figure>\n\n<figure><img alt=\"Card visit nails HCM\" src=\"https://123in.vn/wp-content/uploads/2019/05/name-card-nails-hcm.jpg\" />\n<figcaption>Card visit nails HCM</figcaption>\n</figure>\n\n<figure><img alt=\"In danh thip p ti 123in\" src=\"https://123in.vn/wp-content/uploads/2019/05/in-danh-thiep-tphcm.jpg\" />\n<figcaption>In danh thip p ti 123in</figcaption>\n</figure>\n\n<figure><img alt=\"Mu in card visit p ti HCM\" src=\"https://123in.vn/wp-content/uploads/2019/05/in-danh-thiep.jpg\" />\n<figcaption>Mu in card visit p ti HCM</figcaption>\n</figure>\n\n<p>Gh thm Showroom 123in  tham kho thm <strong>cc mu in card visit nhanh </strong>ti a ch 292 ng 3/2, phng 12, qun 10. Chng ti s bo cho bn gi in card visit tt nht th trng.</p>\n\n<h3><strong>Tham kho:</strong></h3>'),
(1022, '<p><a href=\"https://123in.vn/\"><strong>Xng 123in</strong></a> l a ch in n card visit ng tin cy ca hng triu khch hng trn khp c nc. Chng ti khng ch phc v nhu cu in card visit, name card, danh thip ti TP.HCM m cn ph sng ra cc tnh. Khng ch in nhanh, in p, in cht lng m dch v lm card visit ca 123in <strong>gi lm card visit</strong> rt phi chng v hp l.</p>\n\n<figure><img alt=\"Mu name card p kim nh xanh l v xanh dng\" src=\"https://123in.vn/wp-content/uploads/2019/04/Gia-lam-card-visit.jpg\" />\n<figcaption>Mu name card p kim nh xanh l v xanh dng</figcaption>\n</figure>\n\n<h2><strong>Chn giy in name card ph hp</strong></h2>\n\n<p>Giy in name card l yu t quyt nh gi lm card visit. Chim ti 60% gi tr mt hp card. Giy in name card c rt nhiu loi, trong  ring dng giy m thut  c hn 500 loi khc nhau. V th nu  c thit k vic chn giy cng khng qu g b. Cc bn xem nhng lu  di y  chn c loi giy ph hp.</p>\n\n<p>Bn c th la chn giy couche, giy ford hay giy kraft th chi ph mi hp card tm t 50,000vn n 120,000vn. Nu bn mun bn hn th nn cn mng m hoc bng 2 mt nh.</p>\n\n<figure><img alt=\"Giy in quyt nh gi lm card visit\" src=\"https://123in.vn/wp-content/uploads/2019/04/Gi%E1%BA%A5y-in-quy%E1%BA%BFt-%C4%91%E1%BB%8Bnh-gi%C3%A1-l%C3%A0m-card-visit.jpg\" />\n<figcaption>Giy in quyt nh gi lm card visit</figcaption>\n</figure>\n\n<h2><strong>Loi giy in name card ph bin nht</strong></h2>\n\n<p>Giy Couche l loi giy c b mt bng, mn, lng, khi in rt bt mt v sng. Thng dng  <a href=\"https://123in.vn/card-visit-2\">in name card</a>, <a href=\"https://123in.vn/catalogue\">in catalogue</a>, in t ri qung co, tp ch, in poster, in brochure. nh lng vo khong 90-300g/m2, ph hp vi nhiu cng ngh in, k c in offset. Gi in card visit dng giy couche hay giy fort c gi r nht nn thng c s dng. Ngoi ra cn c Couche matt b mt m, khng bng nhng b mt nhn mn thng  in hnh nh ngi, chn dung cho hiu ng cao. Ging nh Couch nhng nhn c tnh art/ mm du hn. Lu : giy Couch Matt c th vit c.</p>\n\n<figure><img alt=\"Cc loi giy couche cao cp\" src=\"https://123in.vn/wp-content/uploads/2018/11/cac-loai-giay-in-giay-couche-cao-cap.jpg\" />\n<figcaption>Cc loi giy couche cao cp</figcaption>\n</figure>\n\n<h3><strong>Cc dng giy m thut thng dng  in name card</strong></h3>\n\n<ul>\n	<li><strong>Giy m thut Koehler</strong> c lm t loi bt giy thn thin vi mi trng. Giy c vnnhm lm tng thm gi tr, sang trng cho name card ca bn. Vi nhiu loi vn khc nhau nh: Linen, Stripe, Sain Grain, Hammer</li>\n	<li><strong>Giy Boheme Design</strong> vi b mt loi giy m thut c vn ny rt tinh t vi ha tit Chagall. Giy c  anh cc k cao,  m tt v kh nng gi np gp tuyt vi.</li>\n	<li><strong>Giy m thut Safari</strong> c  mn tt,  thm thu mc thp s cho bn mt cm gic hon ton khc bit mi khi bn chm vo.</li>\n	<li><strong>Econo</strong> l giy m thut c mu trng t nhin v  c cao. N gip cho ngi dng d c v lm cho mu sc ca cc hnh nh tr nn r nt.</li>\n	<li><strong>Giy Romance</strong> c to ra dnh cho gii thit k  gip h hon thin cc tc phm ca mnh mt cch tt nht. Vi sc giy sng, b mt sang trng cng  xp cao, Romance gip lm tng kh nng hin th cc mu sc rc r.</li>\n</ul>\n\n<figure><img alt=\"Giy m thut Boheme Design\" src=\"https://123in.vn/wp-content/uploads/2018/11/Giay-my-thuet-boheme-design.jpg\" />\n<figcaption>Giy m thut Boheme Design</figcaption>\n</figure>\n\n<h2>Tham kho bng gi lm card visit ti xng in uy tn</h2>\n\n<h3>Bng gi in card visit ti HCM</h3>\n\n<p>Card visit c chia ra lm nhiu loi t loi card ph thng n loi cao cp, chuyn nghip. In card visit p kim, p nh, cc loi name card dp ni, bo gc. In card visit giy m thut, in card nha. Mi loi gi lm card visit ph hp vi tng nhu cu v i tng khch hng ring.</p>\n\n<figure><img alt=\"Bng gi lm card visit\" src=\"https://123in.vn/wp-content/uploads/2019/04/bang-gia-lam-card-visit.png\" />\n<figcaption>Bng gi lm card visit</figcaption>\n</figure>\n\n<p>Cht liu in card visit tiu chun l giy couche/ giy bristol 300gsm. Thi gian in ch trong 1 ngy l c hng. Nu s lng t 10 hp tr ln th cng ch cn 2 ngy l c hng. <strong>In nhanh k thut s khng ghp bi, canh chun mu</strong>, m bo y nh thit k. Khng lo b lch tng mu.</p>\n\n<figure><img alt=\"Mu card visit in giy couche\" src=\"https://123in.vn/wp-content/uploads/2019/04/mau-card-visit-in-giay-couche.jpg\" />\n<figcaption>Mu card visit in giy couche</figcaption>\n</figure>\n\n<h2>Bng gi lm card visit p kim</h2>\n\n<p>Name card p kim l mt trong nhng dng card cao cp nht th trng. Thng cc doanh nhn, ch doanh nghip rt thch nhng tm danh thip cao cp, lp lnh sang trng. H khng ngi b ra nhiu tin hn  s hu nhng tm danh thip c nht ny.</p>\n\n<figure><img alt=\"Bng gi lm card visit p kim p\" src=\"https://123in.vn/wp-content/uploads/2019/04/gia-lam-card-visit-ep-kim-dep.png\" />\n<figcaption>Bng gi lm card visit p kim p</figcaption>\n</figure>\n\n<figure><img alt=\"Mu card p kim cao cp\" src=\"https://123in.vn/wp-content/uploads/2019/04/card-visit-ep-kim-cao-cap-768x768.jpg\" />\n<figcaption>Mu card p kim cao cp</figcaption>\n</figure>\n\n<figure><img alt=\"Mu card p kim nh vng\" src=\"https://123in.vn/wp-content/uploads/2019/04/hop-dung-card.jpg\" />\n<figcaption>Mu card p kim nh vng</figcaption>\n</figure>\n\n<h3>Bng gi lm card visit dp chm, dp ni</h3>\n\n<p>Cng nh card visit p kim th nhng mu card dp chm, dp ni cng rt c a thch. Bi tnh ngh thut v to cm gic khc bit so vi cc loi name card khc nn cng kh nhiu khch hng thch dp chm, dp ni. Tuy nhin, gi in card visit dp chm s cao hn cc loi khc v tn ph lm khun dp.</p>\n\n<p>Ngoi ra, khi thit k card cn lu  v tr dp chm do s nh hng ti mt sau ca card. Mt th thut nh l bi giy th s khng thy mt sau v tr dp nhng chi ph s cao hn hn.</p>\n\n<figure><img alt=\"Mu danh thip dp ni\" src=\"https://123in.vn/wp-content/uploads/2019/04/danh-thiep-dap-noi-hcm.jpg\" />\n<figcaption>Mu danh thip dp ni</figcaption>\n</figure>\n\n<figure><img alt=\"Mu danh thip dp chm, dp ni\" src=\"https://123in.vn/wp-content/uploads/2019/04/mau-danh-thiep-dap-noi-dep-hcm.jpg\" />\n<figcaption>Mu danh thip dp chm, dp ni</figcaption>\n</figure>\n\n<p>Gh thm Showroom 123in  tham kho thm <strong>cc mu in card visit p </strong>ti a ch 292 ng 3/2, phng 12, qun 10. Chng ti s bo cho bn gi lm card visit tt nht th trng.</p>'),
(1024, '<p>If you are logged in with edit access to this page, you can double-click this body copy to edit it. You can also do the same to edit the headline above, or the sidebar text to the right.</p>\n\n<p>Illum aliquip loquor. Hendrerit interdico dolor zelus diam metuo causa lobortis scisco. Euismod damnum quibus ideo patria opto. Haero odio jus virtus haero pagus erat cogo diam minim vulputate autem.</p>\n\n<h3>Ullamcorper venio bene</h3>\n\n<p>Amet ea oppeto nullus esse meus immitto sudo dignissim. Letalis velit utrum luptatum ullamcorper illum ad fere molior populus ut. Et augue eligo jumentum populus nonummy virtus. Valetudo odio ex opes mos delenit immitto ex. Illum tincidunt commoveo nostrud et ratis ne vulputate vereor tego.</p>\n\n<ul><li>Capto elit vel eu esse quia</li>\n	<li>Te gemino natu et augue ad</li>\n	<li>Amet aliquip valde blandit olim facilisi</li>\n</ul><p>Nulla iusto pertineo camur similis enim abigo luptatum ymo nullus. Inhibeo nutus pagus capto dolus capio pecus. Pala vereor esse melior nisl bis. Veniam eros consequat.</p>'),
(1029, '<p>Body of trang blog mi cha blog</p>'),
(1035, '<p>Brochure ca chng ti c cc kch thc sau: Brochure A5 (210x148mm); Brochure A4 (297x210mm);Brochure A3 (420x297mm); Brochure 3A4 (63x297mm). Qu khch hng c th t in Brochure vi mi kch thc, kiu dng ti 123in.</p>\n\n<p>+ Xng 123in hin ti ch nhn in brochure khi <strong>khch hng  c sn file thit k </strong>bng cc phn mm chuyn dng.</p>\n\n<p>+ Khch hng nn ch ng gi file in theo h mu CMYK v b xn 3mm mi chiu,  phn gii 300dpi.</p>'),
(1036, '<p>In catalogue ti xng 123in bn hon ton tin tng vo cht lng v gi thnh ca chng ti lun st gi th trng. Trc tip sn xut vi dy chuyn v cng ngh khp kn - Xng 123in cam kt r rng v cht lng dch v v gi thnh sn phm catalogue lun st gi th trng.</p>\n\n<ul>\n	<li>Catalogue ng cun kim</li>\n	<li>Catalogue ng l xo</li>\n	<li>Catalogue ng keo</li>\n	<li>Catalogue ng keo khu ch</li>\n</ul>\n\n<p>+ Xng 123in hin ti ch nhn in catalogue khi <strong>khch hng  c sn file thit k </strong>bng cc phn mm chuyn dng.</p>\n\n<p>+ Khch hng nn ch ng gi file in theo h mu CMYK v b xn 3mm mi chiu,  phn gii 300dpi.</p>'),
(1040, '<p>Bn cn tm kim mt c s in tht uy tn v cht lng  m bo in n cc loi giy tiu  p, sang trng. Hy lin h 123in  c t vn v bo gi tt nht.</p>'),
(1162, '<p>PP trong nh c in mc nc sn phm sc nt, trung thc. In PP trong nh ph thm mt lp cn m hoc cn bng  bo v. PP ngoi tri c kh nng chu c nc v bn mu hn.</p>\n\n<p><em>Gi file in ti y: info@123in.vn v tng i t in 1800.6549</em></p>'),
(1037, '<p>Xng 123in c i ng k thut vin nhiu kinh nghim v in kp file, folder, kp ti liu. H thng my in hin i tit kim ti a chi ph, p ng nhanh tin  in n vi mi s lng. S dng mc in chnh hng, cam kt cht lng bn in tt nht, sc nt, chun mu n tng chi tit. Ba h s sn xut trc tip ti xng 123in, khng qua trung gian, in test mu min ph trc khi in s lng ln.</p>\n\n<ul>\n	<li>Ba h s tiu chun</li>\n	<li>Ba h s p kim &amp; ph UV nh v</li>\n	<li>Ba folder bi carton cn laminate</li>\n</ul>\n\n<p>+ Xng 123in hin ti ch nhn in folder, ba h s khi <strong>khch hng  c sn file thit k </strong>bng cc phn mm chuyn dng.</p>\n\n<p>+ Khch hng nn ch ng gi file in theo h mu CMYK v b xn 3mm mi chiu,  phn gii 300dpi.</p>'),
(1039, '<p>Hin nay, xng 123in l mt trong nhng n v cung cp decal, tem nhn ln nht ti th trng. Chng ti c khch hng tin tng la chn, t nim tin bi v gi c tt, cht lng sn phm decal tuyt vi. Vi cng ngh in nhanh tc  in nhanh, mu sc m bo nh ng thit k.</p>\n\n<p>Trc tip gia cng cc khu nh cn mng, ct, b demi nn gim gi thnh v thi gian ch ca sn phm. Mu sc khng b hn ch, bn p, cht lng giy tt,  bm dnh cao trn mi b mt.</p>\n\n<p>+ Xng 123in hin ti ch nhn in decal, tem nhn khi <strong>khch hng  c sn file thit k </strong>bng cc phn mm chuyn dng.</p>\n\n<p>+ Khch hng nn ch ng gi file in theo h mu CMYK v b xn 3mm mi chiu,  phn gii 300dpi.</p>\n\n<p>+ Min ph vn chuyn vi n hng c gi tr trn 1.000.000 vn vi ni thnh HCM di 5km.</p>'),
(1038, '<p>Cht liu in bao th, phong b th thng l giy for 120gsm, for 140gsm hoc C150gsm, C200gsm ty vo tng th hiu ca khch hng  chn giy cho ph hp.</p>\n\n<ul>\n	<li>Bao th nh: 12x22 cm, np ngang 3cm (cha c t A4 gp 3). Thng c dng  ng ha n GTGT, ng th mi cho cc bui hp bo, din n, hi tho,</li>\n	<li>Bao th trung: 17x23 cm, np ngang 3cm (cha c t A4 gp 2). Thng c  cha ha n, hp ng hay cc thng t, bin bn quan trng,</li>\n	<li>Bao th ln: 25x34 cm, np hng 3cm (cha c t A4). Thng c dng  ng catalogue A4, hp ng A4 khng cn gp hay mt bin bn, 1 cun biu mu  nguyn.</li>\n</ul>\n\n<p>+ Xng 123in hin ti ch nhn in bao th khi <strong>khch hng  c sn file thit k </strong>bng cc phn mm chuyn dng.</p>\n\n<p>+ Khch hng nn ch ng gi file in theo h mu CMYK v b xn 3mm mi chiu,  phn gii 300dpi.</p>'),
(1041, '<p>Xng 123in chuyn thit k, in n v gia cng cc loi lch treo tng, lch  bn, lch l xo,...gi s, chit khu cao. H tr thit k theo cu nhng mu lch c quyn. Ngoi ra, bn c nhiu s la chn  lch tt tng thm s sang trng v c bit.</p>\n\n<ul>\n	<li>Cht liu  lch bc cc loi gi da, loi giy a dng hn</li>\n	<li>p kim,p nh logo, hnh nh thng hiu</li>\n	<li>Dp chm, dp ni tng tnh ni bt</li>\n	<li>Bi giy nhiu lp</li>\n</ul>\n\n<p>Chng ti vn lun nhn cc n hng s lng t theo nhu cu vi gi tt nht th trng.</p>'),
(1042, '<p>Xng 123in chuyn gia cng cc loi menu, thc n cho cc n v thit k in ti HCM v khu vc pha Nam. Dch v in n menu ca chng ti p ng mi nhu cu ca khch hng. c bit ti 123in c nhiu quy cch ng cun v bc ba  qu khch hng thoi mi la chn v sng to.</p>\n\n<ul>\n	<li>Menu bt vt</li>\n	<li>Menu m phng</li>\n	<li>Menu l xo</li>\n	<li>Menu nha</li>\n	<li>Menu ba da</li>\n	<li>Menu ba vi</li>\n</ul>\n\n<p>+ Xng 123in hin ti ch nhn in menu, thc n khi <strong>khch hng  c sn file thit k </strong>bng cc phn mm chuyn dng.</p>\n\n<p>+ Khch hng nn ch ng gi file in theo h mu CMYK v b xn 3mm mi chiu,  phn gii 300dpi.</p>'),
(1043, '<p>Vi kinh nghim v uy tn +10 nm in n voucher cho rt nhiu doanh nghip, siu th, ca hng,... c bit l gia cng cho cc n v thit k in ti TPHCM v cc tnh thnh. Rt nhiu trong s   tr thnh khch hng thng xuyn v hi lng khi s dng dch in voucher hay phiu gim gi ca chng ti. 123in lun sn sng dnh nhiu thi gian  t vn cho bn v mu m, la chn cht liu sao cho ph hp vi thit k ca bn.</p>\n\n<p>+ Xng 123in hin ti ch nhn in phiu qu tng khi <strong>khch hng  c sn file thit k </strong>bng cc phn mm chuyn dng.</p>\n\n<p>+ Khch hng nn ch ng gi file in theo h mu CMYK v b xn 3mm mi chiu,  phn gii 300dpi.</p>'),
(1044, '<p><img alt=\"\"	src=\"/site/assets/files/1044/in-hop-giay-hcm-1.900x0-is.jpg\" width=\"900\" /></p>\n\n<p><strong>In hp giy</strong> l mt phn quan trng trong cc chin lc kinh doanh ca cng ty. Mu thit k hp giy p, chuyn nghip s nng tm gi tr thng hiu, thu ht s ch  ca khch hng n sn phm ca bn. To s khc bit, c o so vi cc sn phm khc trn th trng. Bao b giy, hp giy c ng dng cho nhiu nhu cu s dng khc nhau nh in hp giy ng m phm, dc phm, hp cafe, hp ng son, hp qu tng.</p>\n\n<ul>\n	<li><strong>Loi in</strong>: In k thut s</li>\n	<li><strong>S mt:</strong> 1 mt</li>\n	<li><strong>Loi giy:</strong> giy ivory 210gsm</li>\n	<li><strong>B dn theo khun chun</strong></li>\n	<li><strong>Thi gian in: </strong>Ty s lng</li>\n	<li><strong>Gia cng theo yu cu:</strong> cn mng / bi giy / p kim / dp ni / dp chm</li>\n	<li><strong>Giao hng tn ni ton quc</strong></li>\n</ul>'),
(1045, '<p>Bn ang cn tm n v in gia cng thip mi s kin, thip khai trng, thip chc mng in nhanh &amp; giao hng ngay trong 2 ngy ? n vi xng 123in, qu khch hng hy an tm chng ti s mang n cho bn tri nghim in n tuyt vi.</p>\n\n<ul>\n	<li>a dng cc loi giy m thut cao cp ph hp  in thip s kin</li>\n	<li>p kim, p nh</li>\n	<li>UV nh v</li>\n	<li>Bi giy nhiu lp</li>\n	<li>B theo hnh thit k</li>\n</ul>\n\n<p>+ Xng 123in hin ti ch nhn in thip s kin khi <strong>khch hng  c sn file thit k </strong>bng cc phn mm chuyn dng.</p>\n\n<p>+ Khch hng nn ch ng gi file in theo h mu CMYK v b xn 3mm mi chiu,  phn gii 300dpi.</p>'),
(1046, '<p>Th nha 4 lp hay PVC l loi th c lm t nha, mt cht liu c  bn cao, s dng lu di, gi thnh r nn hin rt c a chung v hp dn. Theo tiu chun kch thc ca th nha thng c in vi size 86 x 54 mm. Kch thc nh, gn, d cm, d s dng, chng thm nc</p>\n\n<p>+ Xng 123in hin ti ch nhn in th nha khi <strong>khch hng  c sn file thit k </strong>bng cc phn mm chuyn dng.</p>\n\n<p>+ Khch hng nn ch ng gi file in theo h mu CMYK v b xn 3mm mi chiu,  phn gii 300dpi.</p>'),
(1227, '<p>L cng ngh n t M nn cho  kt qu sn phm p nht trn th trng hin nay.</p>'),
(1047, '<p>Nhn in gia cng s lng ln cc loi t ri, t gp, flyer. Vi nhng n hng gp, nhn lm tng ca, giao ngay trong ngy vn m bo cht lng in n v thnh phm.</p>\n\n<ul>\n	<li>La chn ng cn - gp: Gp i - Gp C - Gp Z</li>\n	<li>La chn loi mng ph: Cn mng m - Cn mng bng</li>\n	<li>Kch thc: A6, A5, A4, A3 hoc kch thc theo yu cu</li>\n	<li>Gia cng cao cp: p kim, p nh, dp ni, uv nh v</li>\n	<li>nh s nhy</li>\n</ul>\n\n<p><em>Gi file in ti y: info@123in.vn v tng i t in 1800.6549</em></p>\n\n<p>+ Xng 123in hin ti ch nhn in t ri khi <strong>khch hng  c sn file thit k </strong>bng cc phn mm chuyn dng.</p>\n\n<p>+ Khch hng nn ch ng gi file in theo h mu CMYK v b xn 3mm mi chiu,  phn gii 300dpi.</p>\n\n<p>+ Min ph vn chuyn vi n hng c gi tr trn 1.000.000 vn vi ni thnh HCM di 5km.</p>\n\n<ul>\n	<li><strong>LIN H</strong></li>\n</ul>\n\n<p>Tr s &amp; Xng SX: 132 Cng Ha, P4, Qun Tn Bnh</p>\n\n<p>Shop In &amp; Showroom: 292 ng 3/2, P.12, Qun 10</p>\n\n<p>Hotline: 1.800.6549</p>\n\n<p>Email: info@123in.vn</p>'),
(1048, '<p>Nhiu nm kinh nghim trong lnh vc in ti giy, xng 123in c a dng mu m, kch thc  bn la chn. Chng ti vn nhn in gia cng cc n hng s lng t vi trm ti giy. Ti giy sn xut ti 123in cht lng cao, tin  giao hng m bo, c bit gi thnh st th trng.</p>\n\n<ul>\n	<li>B dn theo khun chun</li>\n	<li>Gia cng theo yu cu: cn mng / p kim / dp ni / dp chm</li>\n</ul>\n\n<p>+ Xng 123in hin ti ch nhn in ti giy khi <strong>khch hng  c sn file thit k </strong>bng cc phn mm chuyn dng.</p>\n\n<p>+ Khch hng nn ch ng gi file in theo h mu CMYK v b xn 3mm mi chiu,  phn gii 300dpi.</p>\n\n<p>+ Min ph vn chuyn vi n hng c gi tr trn 1.000.000 vn vi ni thnh HCM di 5km.</p>'),
(1050, '<p><strong>In name card p kim</strong> mun nhn mnh, lm ni bt cc chi tit, ha tit, hoa vn, logo,.gy n tng mnh m vi ngi dng. K thut gia cng sau <strong>in p kim</strong> l mt trong nhng k thut lu nm trong ngnh in. p kim khng phi l k thut in m l phng php p kim loi mng ln b mt giy. Sn phm p kim sau khi hon thin s tr nn bt mt v khc bit hn. Thng c s dng trong <strong><a href=\"https://123in.vn/in-card-visit\">in name card</a></strong>, <strong>in thip ci</strong>,</p>\n\n<p>Thi gian gn y kh nhiu khch hng ca <a href=\"https://123in.vn/\"><strong>123in</strong></a> a chung in name card p kim thay v ch in card cn mng thng thng. C th p kim tn cng ty, logo hoc hnh nh  khng nh gi tr thng hiu. <a href=\"https://123in.vn/\"><strong>123in</strong></a> s dng cht liu nh kim t tin, nhp khu nn khch hng an tm s khng b lem, bong trc.</p>\n\n<figure><img alt=\"Danh thip doanh nhn p kim\" src=\"https://123in.vn/wp-content/uploads/2018/11/danh-thiep-doanh-nhan-ep-kim-tphcm.jpg\" width=\"564\" />\n<figcaption>Danh thip doanh nhn p kim</figcaption>\n</figure>\n\n<h2><strong>Mu danh thip p kim nh th no ?</strong></h2>\n\n<p>p kim l phng thc gia cng name card kh c a chung hin nay. y l dng danh thip c a s cc cng ty ln la chn hin nay.</p>\n\n<ul>\n	<li><strong>Hiu ng th gic cc k tt</strong></li>\n	<li>Bng mu p kim a dng,   chun ha mu theo thit k</li>\n	<li>In trn nhiu loi cht liu <strong>giy m thut</strong>, k c loi c gn</li>\n	<li>Gi thnh hp l tng xng vi gi tr ca name card</li>\n	<li>n phm <strong>p hn</strong> so vi card gi r thng thng</li>\n</ul>\n\n<p>y l nhng u im ni bt ca dng name card p kim. Chnh v th, xu hng in name card p kim ngy cng n r v c nhiu ngi la chn. Loi danh thip p kim m 123in gii thiu n qu khch hng trong bi vit ny u tha nhng u im trn.</p>\n\n<figure><img alt=\"Mu card visit p kim nh tm\" src=\"https://123in.vn/wp-content/uploads/2018/11/card-visit-ep-kim-shop123in-1.jpg\" width=\"529\" />\n<figcaption>Mu card visit p kim nh tm</figcaption>\n</figure>\n\n<p><strong>Cc loi kim p nh  in card visit p kim</strong></p>\n\n<p>Trc khi in bn nn cn nhc la chn loi mu p kim ph hp. a s s dng <strong><em>mu vng hoc bc</em></strong>, v hai mu ny c th phi vi nhiu mu nn background khc nhau. Nu background sm mu th dng mu bc  lm sng hn, nu background trung tnh th c th p kim mu vng  nhn mnh.</p>\n\n<figure><img alt=\"Cc loi kim p nh\" src=\"https://123in.vn/wp-content/uploads/2018/11/kim-ep-nhu.jpg\" width=\"648\" />\n<figcaption>Cc loi kim p nh</figcaption>\n</figure>\n\n<figure><img alt=\"Mu danh thip p kim vng\" src=\"https://123in.vn/wp-content/uploads/2018/11/mau-danh-thiep-ep-kim-.jpg\" width=\"510\" />\n<figcaption>Mu danh thip p kim vng</figcaption>\n</figure>\n\n<figure><img alt=\"Mu danh thip p kim nh bc\" src=\"https://123in.vn/wp-content/uploads/2018/11/danh-thiep-ep-kim-nhu-bac.jpg\" width=\"780\" />\n<figcaption>Mu danh thip p kim nh bc</figcaption>\n</figure>\n\n<h2><strong>Ha tit, chi tit p kim khin bi in tr nn bt mt, sang trng hn </strong></h2>\n\n<p>Thng in trn cc loi giy m thut dy to n tng mnh m cho ngi nhn. Cc doanh nghip hin nay rt thch v a chung loi in card visit p kim cao cp. Cc chi tit, ha tit mu nh nh lp lnh khin bi in tr nn sang trng hn v cc k bt mt, tinh t.</p>\n\n<figure><img alt=\"Cc mu danh thip p kim chuyn nghip\" src=\"https://123in.vn/wp-content/uploads/2018/11/390066-PCBGN8-506.jpg\" width=\"562\" />\n<figcaption>Cc mu danh thip p kim chuyn nghip</figcaption>\n</figure>\n\n<h2><strong>In name card p kim, in p nh cn ch  g?</strong></h2>\n\n<p>Danh thip p kim, p nh to hiu ng tip xc cc k tt so vi cc dng danh thip khc. Lm ni bt ln dng ch, logo, thng tin a ch trn nn n phm<br />\n <strong>Chn mu</strong> p kim, p nh: La chn mu sc ph hp vi thit k. Cn la chn mu p kim, p nh phi tng phn vi nn giy. Nh th khi nhn vo thnh phm sau khi in mi ngi mi c th thy c thng tin cn lm ni bt.<br />\n<strong> Loi giy</strong>: Bn nn chn giy in p kim, p nh c nn ti. Nh vy, phn nh kim c p xung mi c th ni bt ln c.</p>\n\n<figure><img alt=\"Mu card visit p kim nh vng\" src=\"https://123in.vn/wp-content/uploads/2018/11/card-visit-ep-kim-cao-cap.jpg\" width=\"558\" />\n<figcaption>Mu card visit p kim nh vng</figcaption>\n</figure>\n\n<figure><img alt=\"Mu card visit p kim nh 7 mu\" src=\"https://123in.vn/wp-content/uploads/2018/11/card-visit-ep-nhu.jpg\" width=\"583\" />\n<figcaption>Mu card visit p kim nh 7 mu</figcaption>\n</figure>\n\n<p><strong>Tham kho mt s hnh nh mu in name card p kim cc p</strong></p>\n\n<p>Xu hng mi trong nm 2019 l cc mu name card p kim tinh so.</p>\n\n<figure><img alt=\"Danh thip in p kim\" src=\"https://123in.vn/wp-content/uploads/2018/11/danh-thiep-in-ep-kim.jpg\" width=\"600\" />\n<figcaption>Danh thip in p kim</figcaption>\n</figure>\n\n<figure><img alt=\"Name card p kim to s chuyn nghip v thu ht\" src=\"https://123in.vn/wp-content/uploads/2018/11/name-card-ep-kim-tao-su-chuyen-nghiep.jpg\" width=\"510\" />\n<figcaption>Name card p kim to s chuyn nghip v thu ht</figcaption>\n</figure>\n\n<figure><img alt=\"Card visit in p nh\" src=\"https://123in.vn/wp-content/uploads/2018/11/cardvisit-in-nhu.png\" width=\"500\" />\n<figcaption>Card visit in p nh</figcaption>\n</figure>\n\n<figure><img alt=\"In card visit p kim\" src=\"https://123in.vn/wp-content/uploads/2018/11/in-card-visit-ep-kim.jpg\" width=\"650\" />\n<figcaption>In card visit p kim</figcaption>\n</figure>\n\n<figure><img alt=\"Mu danh thip ca nh thit k\" src=\"https://123in.vn/wp-content/uploads/2018/11/name-card-ep-kim.jpg\" width=\"510\" />\n<figcaption>Mu danh thip ca nh thit k</figcaption>\n</figure>\n\n<figure><img alt=\"In p kim to  ln cho n phm p v chuyn nghip hn\" src=\"https://123in.vn/wp-content/uploads/2018/11/in-ep-kim-dep.jpg\" width=\"564\" />\n<figcaption>In p kim to  ln cho n phm p v chuyn nghip hn</figcaption>\n</figure>\n\n<figure><img alt=\"Mu in danh thip p kim ca ngh s make up\" src=\"https://123in.vn/wp-content/uploads/2018/11/danh-thiep-ep-kim-gia-tot.jpg\" width=\"564\" />\n<figcaption>Mu in danh thip p kim ca ngh s make up</figcaption>\n</figure>\n\n<h2><strong>In name card p kim trn cht liu giy m thut cao cp</strong></h2>\n\n<p>+ S dng cc dng my in cng ngh cao ca <strong>c &amp; Nht</strong></p>\n\n<p>+ Cht liu giy m thut cao cp nhp khu</p>\n\n<p>+ p kim tiu chun m bo  <strong>bn mu, kh phai</strong>, bn lu theo thi gian</p>\n\n<p>+ <strong>Dch v t in n online tin li</strong> vi cc bc t in name card d dng qua email, skype</p>\n\n<p>+ T vn h tr khch hng la chn cht liu, cch thc gia cng sau in tn tnh, chu o</p>\n\n<p>+ Giao hng tn ni, nhanh chng, <strong>nhn ship hng ton quc</strong></p>\n\n<p>+ Cc chng trnh <strong>u i, khuyn mi</strong> cc tt</p>\n\n<p>+ <strong>Gi tt tn xng</strong> cho tt c mi ngi</p>\n\n<figure><img alt=\"Dch v thit k &amp; in n danh thip p kim trn gi\" src=\"https://123in.vn/wp-content/uploads/2018/11/quy-trinh-in-danh-thiep-ep-kim.jpg\" width=\"550\" />\n<figcaption>Dch v thit k &amp; in n danh thip p kim trn gi</figcaption>\n</figure>\n\n<p><strong>Bng bo gi in name card p kim</strong></p>\n\n<p>Gi mt hp name card ph thuc vo nhiu yu t sau:</p>\n\n<ul>\n	<li>Loi giy m thut</li>\n	<li>Kch thc vng p kim</li>\n	<li>S khun p, s mu p kim</li>\n	<li>Gi ca mi mu kim cng khc nhau</li>\n</ul>\n\n<p>Hotline h tr min ph: <strong>1800.6549</strong> (Ms. Lin).</p>\n\n<p>t in online: <strong><a href=\"http://shop.123in.vn/\">http://shop.123in.vn/</a></strong> hoc <a href=\"https://123in.vn/\">https://123in.vn/</a></p>\n\n<figure><img alt=\"Card visit in p kim\" src=\"https://123in.vn/wp-content/uploads/2018/11/card-visit-in-ep-kim.jpg\" width=\"564\" />\n<figcaption>Card visit in p kim</figcaption>\n</figure>\n\n<figure><img alt=\"Bng gi in name card p kim (tham kho)\" src=\"https://123in.vn/wp-content/uploads/2018/11/bang-gia-in-name-card-ep-kim.png\" width=\"679\" />\n<figcaption>Bng gi in name card p kim (tham kho)</figcaption>\n</figure>\n\n<p>V th khng c gi chnh xc cho card visit p kim. Bng gi p kim trn y ch mang tnh cht tham kho. Gh thm Showroom 123in  tham kho thm <strong>cc mu in p kim, in p nh</strong> hoc hy gi cho <strong>123in</strong> qua <strong>HOTLINE 1800.6549  EMAIL: info@123in.vn, innhanh@123in.vn  SKYPE: skype123in</strong>  c t vn chnh xc nht.</p>');
INSERT INTO `field_body` (`pages_id`, `data`) VALUES
(1051, '<p><strong>In name card p kim</strong> mun nhn mnh, lm ni bt cc chi tit, ha tit, hoa vn, logo,.gy n tng mnh m vi ngi dng. K thut gia cng sau <strong>in p kim</strong> l mt trong nhng k thut lu nm trong ngnh in. p kim khng phi l k thut in m l phng php p kim loi mng ln b mt giy. Sn phm p kim sau khi hon thin s tr nn bt mt v khc bit hn. Thng c s dng trong <strong><a href=\"https://123in.vn/in-card-visit\">in name card</a></strong>, <strong>in thip ci</strong>,</p>\n\n<p>Thi gian gn y kh nhiu khch hng ca <a href=\"https://123in.vn/\"><strong>123in</strong></a> a chung in name card p kim thay v ch in card cn mng thng thng. C th p kim tn cng ty, logo hoc hnh nh  khng nh gi tr thng hiu. <a href=\"https://123in.vn/\"><strong>123in</strong></a> s dng cht liu nh kim t tin, nhp khu nn khch hng an tm s khng b lem, bong trc.</p>\n\n<figure><img alt=\"Danh thip doanh nhn p kim\" src=\"https://123in.vn/wp-content/uploads/2018/11/danh-thiep-doanh-nhan-ep-kim-tphcm.jpg\" width=\"564\" />\n<figcaption>Danh thip doanh nhn p kim</figcaption>\n</figure>\n\n<h2><strong>Mu danh thip p kim nh th no ?</strong></h2>\n\n<p>p kim l phng thc gia cng name card kh c a chung hin nay. y l dng danh thip c a s cc cng ty ln la chn hin nay.</p>\n\n<ul>\n	<li><strong>Hiu ng th gic cc k tt</strong></li>\n	<li>Bng mu p kim a dng,   chun ha mu theo thit k</li>\n	<li>In trn nhiu loi cht liu <strong>giy m thut</strong>, k c loi c gn</li>\n	<li>Gi thnh hp l tng xng vi gi tr ca name card</li>\n	<li>n phm <strong>p hn</strong> so vi card gi r thng thng</li>\n</ul>\n\n<p>y l nhng u im ni bt ca dng name card p kim. Chnh v th, xu hng in name card p kim ngy cng n r v c nhiu ngi la chn. Loi danh thip p kim m 123in gii thiu n qu khch hng trong bi vit ny u tha nhng u im trn.</p>\n\n<figure><img alt=\"Mu card visit p kim nh tm\" src=\"https://123in.vn/wp-content/uploads/2018/11/card-visit-ep-kim-shop123in-1.jpg\" width=\"529\" />\n<figcaption>Mu card visit p kim nh tm</figcaption>\n</figure>\n\n<p><strong>Cc loi kim p nh  in card visit p kim</strong></p>\n\n<p>Trc khi in bn nn cn nhc la chn loi mu p kim ph hp. a s s dng <strong><em>mu vng hoc bc</em></strong>, v hai mu ny c th phi vi nhiu mu nn background khc nhau. Nu background sm mu th dng mu bc  lm sng hn, nu background trung tnh th c th p kim mu vng  nhn mnh.</p>\n\n<figure><img alt=\"Cc loi kim p nh\" src=\"https://123in.vn/wp-content/uploads/2018/11/kim-ep-nhu.jpg\" width=\"648\" />\n<figcaption>Cc loi kim p nh</figcaption>\n</figure>\n\n<figure><img alt=\"Mu danh thip p kim vng\" src=\"https://123in.vn/wp-content/uploads/2018/11/mau-danh-thiep-ep-kim-.jpg\" width=\"510\" />\n<figcaption>Mu danh thip p kim vng</figcaption>\n</figure>\n\n<figure><img alt=\"Mu danh thip p kim nh bc\" src=\"https://123in.vn/wp-content/uploads/2018/11/danh-thiep-ep-kim-nhu-bac.jpg\" width=\"780\" />\n<figcaption>Mu danh thip p kim nh bc</figcaption>\n</figure>\n\n<h2><strong>Ha tit, chi tit p kim khin bi in tr nn bt mt, sang trng hn </strong></h2>\n\n<p>Thng in trn cc loi giy m thut dy to n tng mnh m cho ngi nhn. Cc doanh nghip hin nay rt thch v a chung loi in card visit p kim cao cp. Cc chi tit, ha tit mu nh nh lp lnh khin bi in tr nn sang trng hn v cc k bt mt, tinh t.</p>\n\n<figure><img alt=\"Cc mu danh thip p kim chuyn nghip\" src=\"https://123in.vn/wp-content/uploads/2018/11/390066-PCBGN8-506.jpg\" width=\"562\" />\n<figcaption>Cc mu danh thip p kim chuyn nghip</figcaption>\n</figure>\n\n<h2><strong>In name card p kim, in p nh cn ch  g?</strong></h2>\n\n<p>Danh thip p kim, p nh to hiu ng tip xc cc k tt so vi cc dng danh thip khc. Lm ni bt ln dng ch, logo, thng tin a ch trn nn n phm<br />\n <strong>Chn mu</strong> p kim, p nh: La chn mu sc ph hp vi thit k. Cn la chn mu p kim, p nh phi tng phn vi nn giy. Nh th khi nhn vo thnh phm sau khi in mi ngi mi c th thy c thng tin cn lm ni bt.<br />\n<strong> Loi giy</strong>: Bn nn chn giy in p kim, p nh c nn ti. Nh vy, phn nh kim c p xung mi c th ni bt ln c.</p>\n\n<figure><img alt=\"Mu card visit p kim nh vng\" src=\"https://123in.vn/wp-content/uploads/2018/11/card-visit-ep-kim-cao-cap.jpg\" width=\"558\" />\n<figcaption>Mu card visit p kim nh vng</figcaption>\n</figure>\n\n<figure><img alt=\"Mu card visit p kim nh 7 mu\" src=\"https://123in.vn/wp-content/uploads/2018/11/card-visit-ep-nhu.jpg\" width=\"583\" />\n<figcaption>Mu card visit p kim nh 7 mu</figcaption>\n</figure>\n\n<p><strong>Tham kho mt s hnh nh mu in name card p kim cc p</strong></p>\n\n<p>Xu hng mi trong nm 2019 l cc mu name card p kim tinh so.</p>\n\n<figure><img alt=\"Danh thip in p kim\" src=\"https://123in.vn/wp-content/uploads/2018/11/danh-thiep-in-ep-kim.jpg\" width=\"600\" />\n<figcaption>Danh thip in p kim</figcaption>\n</figure>\n\n<figure><img alt=\"Name card p kim to s chuyn nghip v thu ht\" src=\"https://123in.vn/wp-content/uploads/2018/11/name-card-ep-kim-tao-su-chuyen-nghiep.jpg\" width=\"510\" />\n<figcaption>Name card p kim to s chuyn nghip v thu ht</figcaption>\n</figure>\n\n<figure><img alt=\"Card visit in p nh\" src=\"https://123in.vn/wp-content/uploads/2018/11/cardvisit-in-nhu.png\" width=\"500\" />\n<figcaption>Card visit in p nh</figcaption>\n</figure>\n\n<figure><img alt=\"In card visit p kim\" src=\"https://123in.vn/wp-content/uploads/2018/11/in-card-visit-ep-kim.jpg\" width=\"650\" />\n<figcaption>In card visit p kim</figcaption>\n</figure>\n\n<figure><img alt=\"Mu danh thip ca nh thit k\" src=\"https://123in.vn/wp-content/uploads/2018/11/name-card-ep-kim.jpg\" width=\"510\" />\n<figcaption>Mu danh thip ca nh thit k</figcaption>\n</figure>\n\n<figure><img alt=\"In p kim to  ln cho n phm p v chuyn nghip hn\" src=\"https://123in.vn/wp-content/uploads/2018/11/in-ep-kim-dep.jpg\" width=\"564\" />\n<figcaption>In p kim to  ln cho n phm p v chuyn nghip hn</figcaption>\n</figure>\n\n<figure><img alt=\"Mu in danh thip p kim ca ngh s make up\" src=\"https://123in.vn/wp-content/uploads/2018/11/danh-thiep-ep-kim-gia-tot.jpg\" width=\"564\" />\n<figcaption>Mu in danh thip p kim ca ngh s make up</figcaption>\n</figure>\n\n<h2><strong>In name card p kim trn cht liu giy m thut cao cp</strong></h2>\n\n<p>+ S dng cc dng my in cng ngh cao ca <strong>c &amp; Nht</strong></p>\n\n<p>+ Cht liu giy m thut cao cp nhp khu</p>\n\n<p>+ p kim tiu chun m bo  <strong>bn mu, kh phai</strong>, bn lu theo thi gian</p>\n\n<p>+ <strong>Dch v t in n online tin li</strong> vi cc bc t in name card d dng qua email, skype</p>\n\n<p>+ T vn h tr khch hng la chn cht liu, cch thc gia cng sau in tn tnh, chu o</p>\n\n<p>+ Giao hng tn ni, nhanh chng, <strong>nhn ship hng ton quc</strong></p>\n\n<p>+ Cc chng trnh <strong>u i, khuyn mi</strong> cc tt</p>\n\n<p>+ <strong>Gi tt tn xng</strong> cho tt c mi ngi</p>\n\n<figure><img alt=\"Dch v thit k &amp; in n danh thip p kim trn gi\" src=\"https://123in.vn/wp-content/uploads/2018/11/quy-trinh-in-danh-thiep-ep-kim.jpg\" width=\"550\" />\n<figcaption>Dch v thit k &amp; in n danh thip p kim trn gi</figcaption>\n</figure>\n\n<p><strong>Bng bo gi in name card p kim</strong></p>\n\n<p>Gi mt hp name card ph thuc vo nhiu yu t sau:</p>\n\n<ul>\n	<li>Loi giy m thut</li>\n	<li>Kch thc vng p kim</li>\n	<li>S khun p, s mu p kim</li>\n	<li>Gi ca mi mu kim cng khc nhau</li>\n</ul>\n\n<p>Hotline h tr min ph: <strong>1800.6549</strong> (Ms. Lin).</p>\n\n<p>t in online: <strong><a href=\"http://shop.123in.vn/\">http://shop.123in.vn/</a></strong> hoc <a href=\"https://123in.vn/\">https://123in.vn/</a></p>\n\n<figure><img alt=\"Card visit in p kim\" src=\"https://123in.vn/wp-content/uploads/2018/11/card-visit-in-ep-kim.jpg\" width=\"564\" />\n<figcaption>Card visit in p kim</figcaption>\n</figure>\n\n<figure><img alt=\"Bng gi in name card p kim (tham kho)\" src=\"https://123in.vn/wp-content/uploads/2018/11/bang-gia-in-name-card-ep-kim.png\" width=\"679\" />\n<figcaption>Bng gi in name card p kim (tham kho)</figcaption>\n</figure>\n\n<p>V th khng c gi chnh xc cho card visit p kim. Bng gi p kim trn y ch mang tnh cht tham kho. Gh thm Showroom 123in  tham kho thm <strong>cc mu in p kim, in p nh</strong> hoc hy gi cho <strong>123in</strong> qua <strong>HOTLINE 1800.6549  EMAIL: info@123in.vn, innhanh@123in.vn  SKYPE: skype123in</strong>  c t vn chnh xc nht.</p>'),
(1052, '<p><strong>In menu cafe</strong> n tng s thu ht s ch  ca mi ngi v kch thch th hiu s dng sn phm  vi cc menu cht lng cao, y mu sc. Th hin phong cch v bn sc ring ca qun to nn<strong> </strong>s c o v thu ht khch hng. <strong><a href=\"https://123in.vn/\">Xng 123in</a></strong> chng ti t tin l n v in menu hng u ti hcm vi thit k p, cht lng tt, uy tn.</p>\n\n<figure><img alt=\"Menu Coffee p\" src=\"https://123in.vn/wp-content/uploads/2019/04/menu-coffee-dep.jpg\" />\n<figcaption>Menu Coffee p</figcaption>\n</figure>\n\n<h2>Cc loi in menu cafe ph bin hin nay</h2>\n\n<h4>In menu nha</h4>\n\n<ul>\n	<li>Chng thm, rt bn lu, t b try xc.</li>\n	<li>D dng bo qun v lau chi khi s dng.</li>\n	<li> dy ca menu nha ln n 1mm. Chng gy chng cong. Khch hng c l tay lm rt cng s khng b hng.</li>\n	<li>Kch thc menu nha a dng</li>\n</ul>\n\n<figure><img alt=\"Mu menu nha qun cafe\" src=\"https://123in.vn/wp-content/uploads/2019/04/in-menu-nhua-quan-cafe.jpg\" />\n<figcaption>Mu menu nha qun cafe</figcaption>\n</figure>\n\n<h4><strong>In menu bng ba bi cng</strong></h4>\n\n<p>Menu ba bi cng bao gm 2 phn ba cng dy bao bc bn ngoi  bo v bn ngoi. Vi phn ba cng ny phn rut menu  trong s lu hng hn hn.</p>\n\n<figure><img alt=\"In menu bi ba cng ti Hcm\" src=\"https://123in.vn/wp-content/uploads/2019/04/in-menu-boi-bia-cung-tai-hcm.jpg\" />\n<figcaption>In menu bi ba cng ti Hcm</figcaption>\n</figure>\n\n<h4><strong>In menu dn tng cho qun cafe</strong></h4>\n\n<p>im quan trng nht ca menu dnh cho cc qun c ph l phi chng c nc. Menu nha th chng 100% th khi phi bn, tuy nhin gi in menu nha hi t mt t. Nn in menu dn tng l s la chn dnh cho mt s qun c ph va v nh. In menu dn tng gi rt r, mi qun ch cn lm t 1 n 2 tm menu dn tng thi. Ph thit k menu v gi in menu s gim xung mc thp nht.</p>\n\n<figure><img alt=\"Mu menu dn tng qun Cafe\" src=\"https://123in.vn/wp-content/uploads/2019/04/menu-dan-tuong-quan-ca-phe.jpg\" />\n<figcaption>Mu menu dn tng qun Cafe</figcaption>\n</figure>\n\n<h2><strong>Tiu chun thit k menu </strong></h2>\n\n<ul>\n	<li>Ba: Ba cng, bc gy c cn mng.  dy ba t 2mm  3mm.</li>\n	<li>Giy in: giy couche 300gsm, giy ford. Ngoi ra bn c th la chn cc loi giy m thut cao cp khc.</li>\n	<li>Cn mng: mng bng, mng m, mng nhm chng nc. .</li>\n	<li>Kch thc thng dng: 18 x 30cm, 20 x 28cm,ty chn theo yu cu ca bn</li>\n</ul>\n\n<figure><img alt=\"In menu cafe chuyn nghip\" src=\"https://123in.vn/wp-content/uploads/2019/04/in-menu-cafe-chuyen-nghiep.jpg\" />\n<figcaption>In menu cafe chuyn nghip</figcaption>\n</figure>\n\n<h2>In menu qun cafe ti xng 123in</h2>\n\n<p>In menu qun cafe p c rt nhiu mu m cho bn la chn. Cng ty lnh vc kinh doanh mi qun cafe khc nhau m xng 123in s t vn  bn c th chn c mu menu ph hp vi qun ca mnh. Tuy vy, chng u c mt c tnh chung l : p, bn v mi l. Chng ti chuyn in menu qun cafe.</p>\n\n<figure><img alt=\"`In Menu cafe ti xng 123in\" src=\"https://123in.vn/wp-content/uploads/2019/04/menu-cafe-tai-xuong-123in.jpg\" />\n<figcaption>In Menu cafe ti xng 123in</figcaption>\n</figure>\n\n<h2><strong>In menu p, uy tn, cht lng cao dnh cho cc qun cafe</strong></h2>\n\n<ul>\n	<li>S dng cc dng my in cng ngh cao ca <strong>c &amp; Nht</strong>Cht liu giy, nha cao cp nhp khu</li>\n	<li>Mc in xn m bo  <strong>bn mu, kh phai</strong>, bn lu theo thi gian</li>\n	<li><strong>Dch v t in menu online tin li</strong> vi cc bc t in nh d dng qua website<strong> <a href=\"http://shop.123in.vn/\">ti y</a></strong></li>\n	<li>T vn h tr khch hng la chn cht liu, kch thc nh tn tnh, chu o</li>\n	<li>Giao hng tn ni, nhanh chng, <strong>nhn ship hng ton quc</strong></li>\n	<li>Cc chng trnh <strong>u i, khuyn mi</strong> cc tt</li>\n	<li><strong>Gi tt tn xng</strong> cho tt c cc nh hng, qun n, qun cafe c nhu cu</li>\n</ul>\n\n<figure><img alt=\"Dch v in n cht lng cao vi gi c hp l\" src=\"https://123in.vn/wp-content/uploads/2019/04/Quy-trinh-lam-viec-3.jpg\" />\n<figcaption>Dch v in n cht lng cao vi gi c hp l</figcaption>\n</figure>\n\n<h2>Cng chng ti xem qua cc mu Menu qun Cafe siu thu ht khch hng</h2>\n\n<figure><img alt=\"In menu p - cht lng\" src=\"https://123in.vn/wp-content/uploads/2019/04/in-menu-chat-luong.jpg\" />\n<figcaption>In menu p  cht lng</figcaption>\n</figure>\n\n<figure><img alt=\"Mu menu n tng\" src=\"https://123in.vn/wp-content/uploads/2019/04/Menu-cafe-an-tuong.jpg\" />\n<figcaption>Mu menu n tng</figcaption>\n</figure>\n\n<figure><img alt=\"Xng chuyn in menu cafe\" src=\"https://123in.vn/wp-content/uploads/2019/04/xuong-chuyen-in-menu-cafe.jpg\" />\n<figcaption>Xng chuyn in menu cafe</figcaption>\n</figure>\n\n<figure><img alt=\"Mu menu cafe  bn\" src=\"https://123in.vn/wp-content/uploads/2019/04/mau-menu-cafe-de-ban.jpg\" />\n<figcaption>Mu menu cafe  bn</figcaption>\n</figure>\n\n<figure><img alt=\"Mu menu bi giy cao cp\" src=\"https://123in.vn/wp-content/uploads/2019/04/mau-menu-boi-giay-cao-cap.jpg\" />\n<figcaption>Mu menu bi giy cao cp</figcaption>\n</figure>\n\n<figure><img alt=\"Mu menu cafe p - n tng\" src=\"https://123in.vn/wp-content/uploads/2019/04/mau-menu-cafe-chuyen-nghiep-an-tuong.jpg\" />\n<figcaption>Mu menu cafe p  n tng</figcaption>\n</figure>\n\n<figure><img alt=\"Mu menu nha thu ht khch\" src=\"https://123in.vn/wp-content/uploads/2019/04/menu-nhua-quan-cafe-thu-hut-khach.jpg\" />\n<figcaption>Mu menu nha thu ht khch</figcaption>\n</figure>\n\n<figure><img alt=\"Mu menu gp ca s c o\" src=\"https://123in.vn/wp-content/uploads/2019/04/menu-gap-cua-so-doc-dao.jpg\" />\n<figcaption>Mu menu gp ca s c o</figcaption>\n</figure>\n\n<figure><img alt=\"Mu menu ba bi qun cafe\" src=\"https://123in.vn/wp-content/uploads/2019/04/mau-menu-bia-boi-quan-cafe.jpg\" />\n<figcaption>Mu menu ba bi qun cafe</figcaption>\n</figure>\n\n<p>Gh thm Showroom 123in  tham kho thm <strong>cc mu in menu cafe n tng  cc nhanh, cc p, gi cc tt</strong> hoc hy gi cho <strong>123in</strong> qua HOTLINE 1800.6549  EMAIL: info@123in.vn, innhanh@123in.vn  SKYPE: skype123in  c t vn chnh xc nht</p>'),
(1054, '<p>Bn  <strong>in menu bt vt</strong> nhng cha hi lng v cht lng ? Bn mun tm nh cung cp thit k &amp; in n menu bt vt uy tn, nhiu kinh nghim. <strong><a href=\"https://123in.vn/\">Xng 123in</a></strong> ta lc ti ng Cng Ha, TP.HCM c hn 10 nm kinh nghim, sn xut nhiu chng loi menu t menu giy, menu nha, menu ng gy m phng, menu l xo v thm ch l menu bt vt.</p>\n\n<figure><img alt=\"In menu bt vt chuyn nghip\" src=\"https://123in.vn/wp-content/uploads/2019/04/in-thuc-don-bat-vit.jpg\" />\n<figcaption>In menu bt vt chuyn nghip</figcaption>\n</figure>\n\n<h2>Xng 123in chuyn in menu bt vt hcm</h2>\n\n<p>Xng 123in l n v cung cp ton din quy trnh thit k in n <strong>in menu bt vt</strong> cho qun cafe, nh hng v resort. Vi cc sn phm a dng v mu m, 123in gip khch hng c nhiu la chn.</p>\n\n<p>Bn cnh , 123in cn c dch v thit k in menu nha cho khch hng c nhu cu lm gp v c nhng dch v trn gi gi r ph hp vi nhiu i tng khch hng.</p>\n\n<h3><strong>Thng tin lin h:</strong></h3>\n\n<p>a ch: 292 ng 3/2, Phng 12, Qun 10, TP HCM<br />\nHotline: 1800.6549<br />\nEmail: info@123in.vn; dichvu@123in.vn <br />\nWebsite: https://www.123in.vn/<br />\nGi lm vic: Th 2  Th 6: 8:00  17:15                       Th 7: 8:00  16:00</p>\n\n<figure><img alt=\"In menu qun n dng bt vt cc cht\" src=\"https://123in.vn/wp-content/uploads/2019/04/in-menu-bat-vit-123in.jpg\" />\n<figcaption>In menu qun n dng bt vt cc cht</figcaption>\n</figure>\n\n<figure><img alt=\"chuyn sn xut menu bt vt bn p, cht\" src=\"https://123in.vn/wp-content/uploads/2019/04/chuyen-in-menu-bat-vit.jpg\" />\n<figcaption>chuyn sn xut menu bt vt bn p, cht</figcaption>\n</figure>\n\n<h2><strong>La chn in menu dng bt vt cho qun</strong></h2>\n\n<p>+ S dng cc dng my in cng ngh cao ca <strong>c &amp; Nht</strong></p>\n\n<p>+ Cht liu giy cao cp nhp khu</p>\n\n<p>+ Mc in xn m bo  <strong>bn mu, kh phai</strong>, bn lu theo thi gian</p>\n\n<p>+ <strong>Dch v t in menu online tin li</strong> vi cc bc t in nh d dng qua website<strong> <a href=\"http://shop.123in.vn/\">ti y</a></strong></p>\n\n<p>+ T vn h tr khch hng la chn cht liu, kch thc nh tn tnh, chu o</p>\n\n<p>+ Giao hng tn ni, nhanh chng, <strong>nhn ship hng ton quc</strong></p>\n\n<p>+ Cc chng trnh <strong>u i, khuyn mi</strong> cc tt</p>\n\n<p>+ <strong>Gi tt tn xng</strong> cho tt c cc nh hng, qun n, qun cafe c nhu cu</p>\n\n<figure><img alt=\"Dch v in n 123in in n cht lng cao vi gi c hp l\" src=\"https://123in.vn/wp-content/uploads/2019/01/Quy-trinh-lam-viec.jpg\" />\n<figcaption>Dch v in n 123in in n cht lng cao vi gi c hp l</figcaption>\n</figure>\n\n<p><strong>Tiu chun thit k &amp; in menu bt vt hcm</strong></p>\n\n<ul>\n	<li>Kch thc: ty chn A3, A4, A5,..</li>\n	<li>S dng cht liu giy C300gsm, c cn mng  bn v gi sch s hn</li>\n	<li>Ba in giy C300gsm ba cng bi carton, sang trng, dy rt p, rt sang, rt chuyn nghip.</li>\n	<li>In nhanh cht lng cao</li>\n	<li>Gia cng ng quyn: bt vt</li>\n	<li>Trang in t 4 trang tr ln.</li>\n	<li>Thi gian: 2-5 ngy</li>\n	<li>Giao hng min ph ni thnh TP.HCM cho n hng t 1 triu.</li>\n	<li>H tr t vn thit k theo yu cu</li>\n</ul>\n\n<figure><img alt=\"Xng chuyn in menu bt vt cao cp\" src=\"https://123in.vn/wp-content/uploads/2019/04/chuyen-in-menu-bat-vit-cao-cap.jpg\" />\n<figcaption>Xng chuyn in thc n bt vt cao cp</figcaption>\n</figure>\n\n<figure><img alt=\"Menu nh hng Lc Thi\" src=\"https://123in.vn/wp-content/uploads/2019/04/chuyen-in-menu-bat-vit-1.jpg\" />\n<figcaption>Menu nh hng Lc Thi</figcaption>\n</figure>\n\n<p><strong>Tham kho mt s mu menu bt vt</strong></p>\n\n<p>Cc khch hng ca 123in c th tham kho mt s mu do 123in sn xut. Nhng mu menu ny s em n cho bn nhng  tng tuyt vi cho quyn menu qun cafe, qun tr sa, qun n v nh hng ca mnh.</p>\n\n<h3>In menu nh hng Holy Crab</h3>\n\n<figure><img alt=\"In menu qun n dng bt vt cc cht\" src=\"https://123in.vn/wp-content/uploads/2019/04/in-menu-bat-vit-123in.jpg\" />\n<figcaption>In menu qun n dng bt vt cc cht</figcaption>\n</figure>\n\n<figure><img alt=\"In thc n bt vt chuyn nghip\" src=\"https://123in.vn/wp-content/uploads/2019/04/in-thuc-don-bat-vit.jpg\" />\n<figcaption>In thc n bt vt chuyn nghip</figcaption>\n</figure>\n\n<h3>In menu nh hng Lc Thi</h3>\n\n<figure><img alt=\"Menu nh hng Lc Thi\" src=\"https://123in.vn/wp-content/uploads/2019/04/chuyen-in-menu-bat-vit-1.jpg\" />\n<figcaption>Menu nh hng Lc Thi</figcaption>\n</figure>\n\n<figure><img alt=\"In thc n bt vt cao cp\" src=\"https://123in.vn/wp-content/uploads/2019/04/in-menu-bat-vit-cao-cap.jpg\" />\n<figcaption>In thc n bt vt cao cp</figcaption>\n</figure>\n\n<figure><img alt=\"Thc n nh hng Lc Thi\" src=\"https://123in.vn/wp-content/uploads/2019/04/in-menu-bat-vit-1.jpg\" />\n<figcaption>Thc n nh hng Lc Thi</figcaption>\n</figure>\n\n<h3>In menu qun n vt</h3>\n\n<figure><img alt=\"Chuyn in menu thc n bt vt\" src=\"https://123in.vn/wp-content/uploads/2019/04/chuyen-in-menu-thuc-don-bat-vit.jpg\" />\n<figcaption>Chuyn in menu thc n bt vt</figcaption>\n</figure>\n\n<figure><img alt=\"In menu qun n vt\" src=\"https://123in.vn/wp-content/uploads/2019/04/in-menu-hcm.jpg\" />\n<figcaption>In menu qun n vt</figcaption>\n</figure>\n\n<figure><img alt=\"Qun n vt\" src=\"https://123in.vn/wp-content/uploads/2019/04/nhan-in-menu-bat-vit-hcm.jpg\" />\n<figcaption>Qun n vt</figcaption>\n</figure>\n\n<h3>In menu nh hng hi sn</h3>\n\n<figure><img alt=\"Menu nh hng hi sn Cu Quan\" src=\"https://123in.vn/wp-content/uploads/2019/04/chuyen-in-menu-bat-vit-hcm.jpg\" />\n<figcaption>Menu nh hng hi sn Cu Quan</figcaption>\n</figure>\n\n<figure><img alt=\"Xng chuyn in cc loi menu, thc n\" src=\"https://123in.vn/wp-content/uploads/2019/04/in-menu-bat-vit-chuyen-nghiep.jpg\" />\n<figcaption>Xng chuyn in cc loi menu, thc n</figcaption>\n</figure>\n\n<figure><img alt=\"Xng chuyn in cc loi menu, thc n\" src=\"https://123in.vn/wp-content/uploads/2019/04/xuong-in-menu-bat-vit.jpg\" />\n<figcaption>Xng chuyn in cc loi menu, thc n</figcaption>\n</figure>\n\n<h2>Bng gi in menu chuyn nghip</h2>\n\n<p>Gi in menu ph thuc vo nhiu yu t sau:</p>\n\n<ul>\n	<li>S lng cun menu, s lng trang trong mi cun</li>\n	<li>Kch thc kh menu</li>\n	<li>S mt cn in</li>\n	<li>Quy cch ng cun: ng l xo, bt vt</li>\n	<li>Thi gian in</li>\n</ul>\n\n<p>Hotline h tr min ph: <strong>1800.6549.</strong></p>\n\n<p>Gi yu cu t in qua email: <strong>dichvu@123in.vn</strong></p>\n\n<p>t in online: <strong><a href=\"http://shop.123in.vn/\">http://shop.123in.vn/</a></strong> hoc <a href=\"https://123in.vn/\">https://123in.vn/</a></p>\n\n<figure><img alt=\"In menu qun n vt\" src=\"https://123in.vn/wp-content/uploads/2019/04/in-menu-hcm.jpg\" />\n<figcaption>In menu bt vt qun n vt</figcaption>\n</figure>\n\n<p>Gh thm Showroom 123in  tham kho thm <strong>cc mu in menu bt vt cc p ti a ch 292 ng 3/2, phng 12, qun 10.</strong> </p>'),
(1055, '<p><strong>In Menu Nha</strong> s dng cht liu nha cao cp m bo chng thm nc tuyt i 100%, bao bn, bao p bt chp thi gian. Bn phi thng xuyn thay i menu v b rch ? B phai mu ? B thm nc ? B hng. Qu tn km &amp; mt thi gian. Tht may mn khi menu nha ra i lm thay i tt c. Hy cng <strong><a href=\"https://123in.vn/\">123in</a></strong> xem bi vit ny nh.</p>\n\n<figure><img alt=\"In menu nha cao cp\" src=\"https://123in.vn/wp-content/uploads/2019/03/in-menu-nhua-cao-cap-2.jpg\" />\n<figcaption>In menu nha cao cp</figcaption>\n</figure>\n\n<h2>u im tuyt vi ca menu nha cao cp</h2>\n\n<ul>\n	<li>Chng thm nc.</li>\n	<li>Chng try xc.</li>\n	<li>Chng bm bi</li>\n	<li>Ma gi bo bng vn bn b.</li>\n	<li>Xi my nm vn p lung linh nh ngy mi tu.</li>\n</ul>\n\n<figure><img alt=\"In menu nha cao cp\" src=\"https://123in.vn/wp-content/uploads/2019/03/in-menu-nhua-cao-cap-1.jpg\" />\n<figcaption>Xng in menu nha cao cp</figcaption>\n</figure>\n\n<h2>V sao bn cn phi cn in menu nha cho cc qun tr sa, qun cafe ?</h2>\n\n<ul>\n	<li>Menu nha c kh nng khng nc nn khi tip xc vi nc ung, cafe s d dng lau chi v v sinh.</li>\n	<li>Menu nha khng b bong trc, rch, rt bn b.</li>\n	<li>Hnh nh mn n in trn menu nha trng hp dn y nh mn n thc.</li>\n	<li> </li>\n</ul>\n\n<p>Chnh v l , 123in khuyn cc ch qun tr sa, qun cafe nn la chn in menu nha thay v cc loi menu giy thng thng. Lp nha ca chng ti c nhp khu tng t nh nha lm th ngn hng nn s cng cp hn rt nhiu.</p>\n\n<figure><img alt=\"Chuyn in menu nha cao cp dnh cho qun cafe, qun tr sa\" src=\"https://123in.vn/wp-content/uploads/2019/03/in-menu-nhua-cao-cap.jpg\" />\n<figcaption>Chuyn in menu nha cao cp dnh cho qun cafe, qun tr sa</figcaption>\n</figure>\n\n<h2><strong>a ch in menu nha p, uy tn, cht lng cao dnh cho cc nh hng</strong></h2>\n\n<p>+ S dng cc dng my in cng ngh cao ca <strong>c &amp; Nht</strong></p>\n\n<p>+ Cht liu nha cao cp nhp khu</p>\n\n<p>+ Mc in xn m bo  <strong>bn mu, kh phai</strong>, bn lu theo thi gian</p>\n\n<p>+ <strong>Dch v t in menu nha online tin li</strong> vi cc bc t in nh d dng qua website<strong> <a href=\"http://shop.123in.vn/\">ti y</a></strong></p>\n\n<p>+ T vn h tr khch hng la chn cht liu, kch thc nh tn tnh, chu o</p>\n\n<p>+ Giao hng tn ni, nhanh chng, <strong>nhn ship hng ton quc</strong></p>\n\n<p>+ Cc chng trnh <strong>u i, khuyn mi</strong> cc tt</p>\n\n<p>+ <strong>Gi tt tn xng</strong> cho tt c cc nh hng, qun n, qun cafe c nhu cu</p>\n\n<figure><img alt=\"Dch v in n 123in in n cht lng cao vi gi c hp l\" src=\"https://123in.vn/wp-content/uploads/2019/01/Quy-trinh-lam-viec.jpg\" />\n<figcaption>Dch v in n 123in in n cht lng cao vi gi c hp l</figcaption>\n</figure>\n\n<h2><strong>La chn cht liu in menu ty vo nhu cu</strong></h2>\n\n<ul>\n	<li><strong>In menu nha: </strong>Chng thm, rt bn lu, t b try xc. D dng bo qun v lau chi khi s dng. Tuy nhin chi ph in cao, ph hp cc nh hng c menu c nh, t thay i. Ch in menu mt ln, khng s h hng, thm t.</li>\n	<li><strong>In menu giy, menu t gp: </strong>Menu thng xuyn thay i theo tun, theo thng th thit k menu flyer ph hp vi xu hng ny.</li>\n	<li><strong>In menu bi giy:</strong> Bi 2 lp giy Couche 250-280 gsm li vi nhau. Cng cp, d s dng, gi c hp l vi cc qun cafe, qun n.</li>\n	<li> </li>\n</ul>\n\n<figure><img alt=\"Thit k in menu tim tr sa\" src=\"https://123in.vn/wp-content/uploads/2019/02/thiet-ke-in-an-meu-tiem-tra-sua-6.png\" />\n<figcaption>Thit k in menu tim tr sa</figcaption>\n</figure>\n\n<figure><img alt=\"Thit k in menu tim tr sa\" src=\"https://123in.vn/wp-content/uploads/2019/02/thiet-ke-in-an-meu-tiem-tra-sua-4.png\" />\n<figcaption>Thit k in menu tim tr sa</figcaption>\n</figure>\n\n<p><strong>Tiu chun thit k &amp; in menu nha</strong></p>\n\n<ul>\n	<li>Kch thc: ty chn A3, A4, A5,..</li>\n	<li>Cht liu nha PVC  dy t 2mm  3mm</li>\n	<li>In nhanh cht lng cao</li>\n	<li>Gia cng ng quyn: l xo gy</li>\n	<li>Trang in menu nha t 4 trang tr ln.</li>\n	<li>Thi gian: 2-5 ngy</li>\n	<li>Giao hng min ph ni thnh TP.HCM cho n hng t 1 triu.</li>\n	<li>H tr t vn thit k theo yu cu</li>\n	<li> </li>\n</ul>\n\n<figure><img alt=\"Menu nha th hin hnh nh mn n cc p\" src=\"https://123in.vn/wp-content/uploads/2019/03/menu-nhua-cao-cap-123in.jpg\" />\n<figcaption>Menu nha th hin hnh nh mn n cc p</figcaption>\n</figure>\n\n<figure><img alt=\"Menu nha th hin hnh nh mn n cc p\" src=\"https://123in.vn/wp-content/uploads/2019/03/menu-nhua-dep-123in.jpg\" />\n<figcaption>Menu nha th hin hnh nh mn n cc p</figcaption>\n</figure>\n\n<p><strong>Tham kho mt s mu menu nha</strong></p>\n\n<p>Cc khch hng ca 123in c th tham kho mt s mu do 123in sn xut. Nhng mu menu ny s em n cho bn nhng  tng tuyt vi cho quyn menu qun cafe, qun tr sa, qun n v nh hng ca mnh.</p>\n\n<h3>Menu qun cafe kem</h3>\n\n<figure><img alt=\"Thit k in menu qun cafe\" src=\"https://123in.vn/wp-content/uploads/2019/02/menu-nha-hang-123in.jpg\" />\n<figcaption>Thit k in menu qun cafe</figcaption>\n</figure>\n\n<figure><img alt=\"Thit k in menu qun cafe\" src=\"https://123in.vn/wp-content/uploads/2019/02/menu-quan-cafe.jpg\" />\n<figcaption>Thit k in menu qun cafe</figcaption>\n</figure>\n\n<figure><img alt=\"Thit k in menu qun cafe\" src=\"https://123in.vn/wp-content/uploads/2019/02/in-menu-nha-hang.jpg\" />\n<figcaption>Thit k in menu qun cafe</figcaption>\n</figure>\n\n<h3>Menu qun tr sa</h3>\n\n<figure><img alt=\"In menu nha qun tr sa chuyn nghip\" src=\"https://123in.vn/wp-content/uploads/2019/03/in-menu-nhua-chuyen-nghiep-1.jpg\" />\n<figcaption>In menu nha qun tr sa chuyn nghip</figcaption>\n</figure>\n\n<figure><img alt=\"Thit k in menu tim tr sa\" src=\"https://123in.vn/wp-content/uploads/2019/02/thiet-ke-in-an-meu-tiem-tra-sua-6.png\" />\n<figcaption>Thit k in menu tim tr sa</figcaption>\n</figure>\n\n<figure><img alt=\"Thit k in menu tim tr sa\" src=\"https://123in.vn/wp-content/uploads/2019/02/thiet-ke-in-an-meu-tiem-tra-sua-4.png\" />\n<figcaption>Thit k in menu tim tr sa</figcaption>\n</figure>\n\n<h3>Menu qun BBQ Nht Bn</h3>\n\n<figure><img alt=\"Menu nha th hin hnh nh mn n cc p\" src=\"https://123in.vn/wp-content/uploads/2019/03/menu-nhua-dep-123in.jpg\" />\n<figcaption>Menu nha th hin hnh nh mn n cc p</figcaption>\n</figure>\n\n<figure><img alt=\"Menu nha th hin hnh nh mn n cc p\" src=\"https://123in.vn/wp-content/uploads/2019/03/menu-nhua-cao-cap-123in.jpg\" />\n<figcaption>Menu nha th hin hnh nh mn n cc p</figcaption>\n</figure>\n\n<h3>Menu qun c ri Nht Bn</h3>\n\n<figure><img alt=\"In menu nha cao cp\" src=\"https://123in.vn/wp-content/uploads/2019/03/in-menu-nhua-cao-cap-4.jpg\" />\n<figcaption>In menu nha cao cp</figcaption>\n</figure>\n\n<figure><img alt=\"Chuyn in menu nha cao cp dnh cho qun cafe, qun tr sa\" src=\"https://123in.vn/wp-content/uploads/2019/03/in-menu-nhua-cao-cap.jpg\" />\n<figcaption>Chuyn in menu nha cao cp dnh cho qun cafe, qun tr sa</figcaption>\n</figure>\n\n<h2>Bng gi in menu chuyn nghip</h2>\n\n<p>Gi in menu ph thuc vo nhiu yu t sau:</p>\n\n<ul>\n	<li>S lng cun menu, s lng trang trong mi cun</li>\n	<li>Kch thc kh menu</li>\n	<li>S mt cn in</li>\n	<li>Quy cch ng cun: ng l xo, bt vt</li>\n	<li>Thi gian in</li>\n</ul>\n\n<p>Hotline h tr min ph: <strong>1800.6549.</strong></p>\n\n<p>Gi yu cu t in qua email: <strong>dichvu@123in.vn</strong></p>\n\n<figure><img alt=\"Thit k in menu tim tr sa\" src=\"https://123in.vn/wp-content/uploads/2019/02/thiet-ke-in-an-meu-tiem-tra-sua-4.png\" />\n<figcaption>Thit k in menu tim tr sa</figcaption>\n</figure>\n\n<p>t in online: <strong><a href=\"http://shop.123in.vn/\">http://shop.123in.vn/</a></strong> hoc <a href=\"https://123in.vn/\">https://123in.vn/</a></p>\n\n<p>Gh thm Showroom 123in  tham kho thm <strong>cc mu menu nha cc p ti a ch 292 ng 3/2, phng 12, qun 10.</strong> </p>'),
(1056, '<p> khch hng c nhng tri nghim m thc tt nht khi n nh hng, qun n th in thc n nh hng chuyn nghip gp phn ng k. Nhng nh thit k ang loay hoay tm  tng  <strong>thit k Menu  Thc n Nh Hng chuyn nghip</strong>th hy cng <strong><a href=\"http://shop.123in.vn/\">123in</a></strong> xem bi vit ny nh.</p>\n\n<figure><img alt=\"Xng chuyn in menu chuyn nghip\" src=\"https://kienthucinan.com/wp-content/uploads/2019/03/xuong-chuyen-in-menuchuyen-nghiep-1024x576.jpg\" />\n<figcaption>Xng chuyn in thc n nh hng chuyn nghip</figcaption>\n</figure>\n\n<h2>Mch nh trc khi bt tay thit k in thc n nh hng</h2>\n\n<ul>\n	<li>Cc thit k menu <strong>s dng cc k hiu $</strong>, thc khch s thng s dng cc la chn vi mc tin t trung bnh  xung ca menu. K hiu $ dng nh v tnh lm h lo lng cho v tin ca mnh lm nh hng n doanh s ca nh hng.</li>\n	<li>Thi gian trung bnh mt khch hng dnh ra trn thc n nh hng <strong>ch khong 109 giy.</strong> Do , hy cn nhc lng thng tin bn t ln trn thit k.</li>\n	<li>Nu bn a cho <strong>khch hng qu nhiu la chn</strong>, h s khng bit chn g v t hn l gi mt mn g  m h khng thc s thch.</li>\n	<li>Hy nh lc hng mt nhn ca khch hng vo vn  gi c. Bn nn <strong>t gi tin cch ch ci cui cng ca sn phm khong 2-3cm m</strong> <strong>khng c du chm hoc thanh ni no c</strong>. Gim s ch  ca khch hng vo vn  gi c nhiu hn</li>\n	<li><strong>ng vit hoa, m mi th</strong>. Vit hoa tn mn n. Phn m t mn n, bn nn s dng ch vit thng  lm gim nhp iu tit mt ca ngi xem.</li>\n</ul>\n\n<figure><img alt=\"In menu nha nh hng cao cp\" src=\"https://kienthucinan.com/wp-content/uploads/2019/03/menu-nhua-cao-cap-123in-1024x1024.jpg\" />\n<figcaption>In menu nha nh hng cao cp</figcaption>\n</figure>\n\n<h2><strong>5 mo thit k &amp; in thc n nh hng chuyn nghip</strong></h2>\n\n<p>Khi bn ang ngh v cch thit k mt menu chuyn nghip, hy bt u bng cch hi khch hng menu h mun hng n. Khi h a ra cho bn mt bn tm tt  tng cho bn, hy xem tht chnh xc nhng g h ang c gng t c.</p>\n\n<h3><strong>#1 Sp xp b cc thit k menu</strong></h3>\n\n<p>y l mo rt quan trng khi thit k mt menu chuyn nghip. <strong>Khng nn nhi nht vo mt khch hng ca bn nhng on text di.</strong> Hy nh rng h i n trong nh hng cn nhn ngm hnh nh nhng mn n. Ch khng phi l th vin c sch.</p>\n\n<p>Ct v l cng nhng khon trng s gip bn sp xp c ni dung trong thit k menu. Thc n cn phi ng b vi b nhn din thng hiu v mu sc ca nh hng. Cc nh hng chu u sang trng thng la chn <strong>phong cch thit k menu ti gin.</strong></p>\n\n<figure><img alt=\"Menu m phng nh hng Hong Yn\" src=\"https://kienthucinan.com/wp-content/uploads/2019/03/menu-mo-phang-dep-hoang-yen-1-1024x650.jpg\" />\n<figcaption>Menu m phng nh hng Hong Yn</figcaption>\n</figure>\n\n<figure><img alt=\"Menu Valentine nh hng cao cp\" src=\"https://kienthucinan.com/wp-content/uploads/2019/03/Valentines-Dinner-Menu.jpg\" />\n<figcaption>Menu Valentine nh hng cao cp</figcaption>\n</figure>\n\n<h3><strong>#2. La chn font ch s dng cho menu</strong></h3>\n\n<p><strong>Typography</strong> l mt trong nhng yu t quan trng nh hng ti thnh cng ca mt thit k menu. Font ch bn la chn cn <strong>nht qun vi ton b thit k </strong>v rng hn l ton b thng hiu ca nh hng.</p>\n\n<p>Bn khng cn qu nhiu font ch khi bn thit k menu. Cng ging nh a s cc quy tc thit k khc, ch nn <strong>la chn khng qu 3 font ch cho menu</strong> ca bn  trnh s hn lon khng cn thit. Font ch cng ng thi i din cho cc c tnh ca <strong>thc n nh hng</strong>, do  bn nn cn nhc la chn tht k lng.</p>\n\n<figure><img alt=\"Mu thit k nh hng ph\" src=\"https://kienthucinan.com/wp-content/uploads/2019/03/in-menu-nha-hang-123in-1024x1024.jpg\" />\n<figcaption>Mu thit k nh hng ph</figcaption>\n</figure>\n\n<h3><strong>#3. Ch a vo thc n cc thng tin quan trng nht</strong></h3>\n\n<p>S ch  ca khch hng vo cc menu nh hng ngy cng gim xung nhanh chng. Thc t rng chng ta cng t khi dnh trn 1p  nghin cu tht k lng v cc mn n xut hin trong menu. Do  vic <strong>gii hn kch c ca menu</strong>, ng thi t ni dung theo mt <strong>b cc hp l</strong> chnh l cha kha gip bn gii quyt vn  ny.</p>\n\n<figure><img alt=\"In menu chuyn nghip\" src=\"https://kienthucinan.com/wp-content/uploads/2019/03/xuong-in-menu-spa-chuyen-nghiep-1024x1024.jpg\" />\n<figcaption>In menu chuyn nghip</figcaption>\n</figure>\n\n<h3><strong>#4. m chm bng cc hnh nh p ca mn n</strong></h3>\n\n<p>Hnh nh v  ha khi c s dng chnh xc (vi cht lng tt), chc chn s gip bn <strong>tng ng k sc thu ht ca menu</strong>. Tuy nhin, nu qu lm dng s khin menu ca bn tr nn km chuyn nghip.</p>\n\n<figure><img alt=\"Hnh nh  mn n p bt mt gip tng doanh thu cho nh hng\" src=\"https://kienthucinan.com/wp-content/uploads/2019/03/chuyen-in-menu-mo-phang-z-1024x627.jpg\" />\n<figcaption>Hnh nh mn n p bt mt gip tng doanh thu cho nh hng</figcaption>\n</figure>\n\n<p>Bn phi cn nhc trong vic s dng hnh nh chnh l yu t mu sc. <strong>Trnh s dng qu nhiu cc mu sc khc nhau </strong>trn thit k menu l iu cn thit, bi mi mu sc u em li nhng cm xc khc nhau.</p>\n\n<h2>Xng 123in  In Menu Chuyn Nghip ti TP.HCM</h2>\n\n<p>Xng 123in l n v cung cp ton din quy trnh thit k in n <strong><a href=\"https://kienthucinan.com/tin-tuc/in-menu-dep-sang-trong-danh-cho-nha-hang/\">menu thc n</a></strong> cho qun cafe, nh hng v resort. Vi cc sn phm a dng v mu m, 123in gip khch hng c nhiu la chn hn nh: menu m phng, menu ng l xo, menu bt vt, menu t gp, menu ba da sang trng, hay menu bi giy cho s c tinh v bin ha.</p>\n\n<p>Bn cnh , 123in cn c dch v thit k in menu hcm cho khch hng c nhu cu lm gp v c nhng dch v trn gi gi r ph hp vi nhiu i tng khch hng.</p>\n\n<h3><strong>Thng tin lin h:</strong></h3>\n\n<p>a ch: 292 ng 3/2, Phng 12, Qun 10, TP HCM<br />\nHotline: 1800.6549<br />\nEmail: info@123in.vn<br />\nWebsite: https://www.123in.vn/<br />\nGi lm vic: Th 2  Th 6: 8:00  17:15 Th 7: 8:00  16:00</p>\n\n<figure><img alt=\"Quy trnh t hng ti 123in\" src=\"https://kienthucinan.com/wp-content/uploads/2019/01/Quy-trinh-lam-viec.jpg\" />\n<figcaption>Quy trnh t hng ti 123in</figcaption>\n</figure>\n\n<h2><strong>La chn cht liu in thc n nh hng ty vo nhu cu</strong></h2>\n\n<ul>\n	<li>In menu nha: Chng thm, rt bn lu, t b try xc. D dng bo qun v lau chi khi s dng. Tuy nhin chi ph in cao, ph hp cc nh hng c menu c nh, t thay i. Ch in menu mt ln, khng s h hng, thm t.</li>\n	<li>In menu giy, menu t gp: Menu thng xuyn thay i theo tun, theo thng th thit k menu flyer ph hp vi xu hng ny.</li>\n	<li>In menu bi giy: Bi 2 lp giy Couche 250-280 gsm li vi nhau. Cng cp, d s dng, gi c hp l vi cc qun cafe, qun n.</li>\n	<li> </li>\n</ul>\n\n<figure><img alt=\"In menu nha chuyn nghip\" src=\"https://kienthucinan.com/wp-content/uploads/2019/03/in-menu-nhua-chuyen-nghiep-3.jpg\" />\n<figcaption>In menu nha chuyn nghip</figcaption>\n</figure>\n\n<h2><strong>Tiu chun thit k in thc n nh hng</strong></h2>\n\n<ul>\n	<li>Ba: Ba cng, bc gy c cn mng.  dy ba t 2mm  3mm.</li>\n	<li>Giy in: giy couche 300gsm, giy ford. Ngoi ra bn c th la chn cc loi giy m thut cao cp khc.</li>\n	<li>Cn mng: mng bng, mng m, mng nhm chng nc. .</li>\n	<li>Kch thc thng dng: 18 x 30cm, 20 x 28cm,ty chn theo yu cu ca bn</li>\n</ul>\n\n<figure><img alt=\"Thit k &amp; in n menu qun tr sa\" src=\"https://kienthucinan.com/wp-content/uploads/2019/03/in-menu-nhua-chuyen-nghiep-2.jpg\" />\n<figcaption>Thit k &amp; in n menu qun tr sa</figcaption>\n</figure>\n\n<h2><strong> bn sn phm ca cc loi menu</strong></h2>\n\n<p>Cc loi menu giy hay menu giy bi c  bn khng cao. V lu di, di tc ng ca  m, nhit  v tc ng lc ca ngi cm. Menu giy bi c th b h hng, b bong ra, b thm nc cn phi thay mi sau mt thi gian s dng.</p>\n\n<p> khng phi mt thi gian v chi ph bn nn la chn in menu nha v rt bn, cc k p tuy nhin gi thnh tng i cao. Ty vo m hnh, style v nh hng kinh doanh ca bn m la chn kiu in thc n ph hp.</p>\n\n<figure><img alt=\"In menu nh hng cao cp\" src=\"https://kienthucinan.com/wp-content/uploads/2019/03/menu-nha-hang-123in-1024x683.jpg\" />\n<figcaption>In thc n nh hng cao cp</figcaption>\n</figure>\n\n<h2><strong>Tham kho mt s thc n nh hng do 123in sn xut</strong></h2>\n\n<h3>Menu nha cao cp chng nc  Thc n nh hng Nht</h3>\n\n<figure><img alt=\"Menu ng cun l xo dnh cho cc nh hng Nht\" src=\"https://kienthucinan.com/wp-content/uploads/2018/10/menu-dong-cuon-lo-xo-1.jpg\" />\n<figcaption>Menu ng cun l xo dnh cho cc nh hng Nht</figcaption>\n</figure>\n\n<figure><img alt=\"Menu nha p in, siu bn\" src=\"https://kienthucinan.com/wp-content/uploads/2018/10/menu-nhua-dep-123in-1.jpg\" />\n<figcaption>Menu nha p in, siu bn</figcaption>\n</figure>\n\n<h3>Menu m phng  Thc n qun kem</h3>\n\n<figure><img alt=\"Menu bi giy ba cng\" src=\"https://kienthucinan.com/wp-content/uploads/2018/10/menu-boi-giay-bia-cung-1.jpg\" />\n<figcaption>Menu bi giy ba cng</figcaption>\n</figure>\n\n<figure><img alt=\"Menu m phng 100%\" src=\"https://kienthucinan.com/wp-content/uploads/2019/03/menu-1024x724.jpg\" />\n<figcaption>Menu m phng 100%</figcaption>\n</figure>\n\n<h3>Menu ng kim  Thc n nh hng Php</h3>\n\n<figure><img alt=\"Menu qun n Php\" src=\"https://kienthucinan.com/wp-content/uploads/2018/10/in-menu-quan-an-nho-1.jpg\" />\n<figcaption>Menu qun n Php</figcaption>\n</figure>\n\n<figure><img alt=\"Menu nh hng Php ti TP.HCM\" src=\"https://kienthucinan.com/wp-content/uploads/2018/10/menu-quan-an-tphcm-1.jpg\" />\n<figcaption>Thc n nh hng Php ti TP.HCM</figcaption>\n</figure>\n\n<h3>Menu bt vt  Thc n nh hng tht beefsteak</h3>\n\n<figure><img alt=\"In menu bt vt p\" src=\"https://kienthucinan.com/wp-content/uploads/2018/10/in-menu-bat-vit-1.jpg\" />\n<figcaption>In menu bt vt p</figcaption>\n</figure>\n\n<figure><img alt=\"In menu p dng bt vt\" src=\"https://kienthucinan.com/wp-content/uploads/2018/10/in-menu-dep-bat-vit-123in-1.jpg\" />\n<figcaption>In menu p dng bt vt</figcaption>\n</figure>\n\n<figure><img alt=\"In thc n menu bt vt\" src=\"https://kienthucinan.com/wp-content/uploads/2019/03/in-menu-bat-vit-123in-1024x537.jpg\" />\n<figcaption>In thc n menu bt vt</figcaption>\n</figure>\n\n<figure><img alt=\"In thc n menu bt vt\" src=\"https://kienthucinan.com/wp-content/uploads/2019/03/in-thuc-don-bat-vit-1024x576.jpg\" />\n<figcaption>In thc n menu bt vt</figcaption>\n</figure>\n\n<h3>Menu qun tr sa</h3>\n\n<figure><img alt=\"Thit k &amp; in n menu qun tr sa\" src=\"https://kienthucinan.com/wp-content/uploads/2019/03/in-menu-nhua-chuyen-nghiep-2.jpg\" />\n<figcaption>Thit k &amp; in n menu qun tr sa</figcaption>\n</figure>\n\n<figure><img alt=\"In menu nha chuyn nghip\" src=\"https://kienthucinan.com/wp-content/uploads/2019/03/in-menu-nhua-chuyen-nghiep-3.jpg\" />\n<figcaption>In menu nha chuyn nghip</figcaption>\n</figure>\n\n<figure><img alt=\"In menu nh hng cao cp\" src=\"https://kienthucinan.com/wp-content/uploads/2019/03/menu-nha-hang-123in-1024x683.jpg\" />\n<figcaption>In thc n nh hng cao cp</figcaption>\n</figure>\n\n<figure><img alt=\"Menu l xo\" src=\"https://kienthucinan.com/wp-content/uploads/2019/03/menu-quan-cafe.jpg\" />\n<figcaption>Menu l xo</figcaption>\n</figure>\n\n<figure><img alt=\"Menu l xo\" src=\"https://kienthucinan.com/wp-content/uploads/2019/03/mau-thiet-ke-menu-lo-xo-1024x1024.jpg\" />\n<figcaption>Menu l xo</figcaption>\n</figure>\n\n<p>Gh thm Showroom 123in  tham kho thm <strong>cc mu in thc n nh hng chuyn nghip p</strong> hoc hy gi cho <strong>123in</strong> qua <strong>HOTLINE 1800.6549  EMAIL: info@123in.vn, dichvu@123in.vn  SKYPE: skype123in</strong>  c t vn chnh xc nht.</p>');
INSERT INTO `field_body` (`pages_id`, `data`) VALUES
(1057, '<p><strong>Mu thc n p</strong> khng nhng l t giy v tri m n cn l cha kha m ca tm l thc khch khi nhn vo menu m t mn. Hm nay <a href=\"https://123in.vn\">xng 123in</a> chng ti s chia s v nhng mu thc n p bt mt dnh cho nh hng, qun n s gip tng doanh thu bt ng. Hin ti 123in cung cp rt nhiu mu thc n p cho c nh hng, qun bar, qun caf,.</p>\n\n<figure><img alt=\"Mu thc n p nh hng\" src=\"https://123in.vn/wp-content/uploads/2019/04/Mau-thuc-don-dep-nha-hang-BBQ-1.jpg\" width=\"587\" />\n<figcaption>Mu thc n p nh hng</figcaption>\n</figure>\n\n<h2>V sao thit k thc n li l im cng gip nh hng tr nn ni bt hn</h2>\n\n<p>Thc n l mt trong nhng chi tit khng th thiu ca nhng nh hng nhm gip khch hng d dng hn trong vic order mn n. Nhng khch hng, c bit l trong ln u tin gh thm nh hng s c bit ch  n thc n. Thc n cng c thit k chn chu, c nhng im nhn sng to v y  v mt ni dung s khin cho khch hng c thin cm hn vi nh hng.</p>\n\n<figure><img alt=\"In mu thc n p nh hng\" src=\"https://123in.vn/wp-content/uploads/2019/04/In-mau-thuc-don-dep-nha-hang.jpg\" width=\"590\" />\n<figcaption>In mu thc n p nh hng</figcaption>\n</figure>\n\n<p>ng thi, thc n cng th hin c tm huyt v im ni bt ca nhng nh hng. Cc mn n ngon, c sn, gi thnh cung cp, cc dch v theo km, phong cch chung ca nh hng u c th hin trong menu. Chnh v vy, vic thit k menu p n tng s tr thnh im cng c bit to nn s thnh cng trong kinh doanh ca th trng thc phm.</p>\n\n<figure><img alt=\"In thc n p ti xng 123in\" src=\"https://123in.vn/wp-content/uploads/2019/04/In-thuc-don-dep-tai-xuong-123in.jpg\" width=\"594\" />\n<figcaption>In thc n p ti xng 123in</figcaption>\n</figure>\n\n<h2>B quyt thit k thc n p, n tng cho cc nh hng</h2>\n\n<p>Vic sng to nn thc n nh hng p, n tng th hin c tm nhn v s tm huyt ca ch nhn dnh cho n v kinh doanh ca mnh</p>\n\n<figure><img alt=\"Menu nh hng  ung sang trng\" src=\"https://123in.vn/wp-content/uploads/2019/04/Menu-nha-hang-do-nuong-sang-trong.png\" width=\"593\" />\n<figcaption>Menu nh hng  ung sang trng</figcaption>\n</figure>\n\n<h3>#1.Thu ht mnh t ci nhn ban u</h3>\n\n<p>Khi i n, thc khch mong mun xem mu thc n p nhanh hn. Thay v c thng tin t trc ra sau. Cho nn vic cung cp thng tin trn menu phi tht hiu qu. Nh hng to cho menu ca h d nhn hn. Bng cch s dng nhng tiu  r rng, nhanh chng tm c tn thc n. Hoc l nhng nhu cu khc.Ni tm li, khi cn chnh menu theo chiu dc. Khch hng s dnh thi gian  xem t trn xung di . Vi l do , nhng mn n trn a s thng xuyn bn nhanh nht.</p>\n\n<figure><img alt=\"Mu thc n p ti xng 123in\" src=\"https://123in.vn/wp-content/uploads/2019/04/Mau-thuc-don-dep-tai-xuong-123in.jpg\" width=\"586\" />\n<figcaption>Mu thc n p ti xng 123in</figcaption>\n</figure>\n\n<h3>#2.Nhn mnh phn ha tit</h3>\n\n<p>Cc nh nghin cu cho rng khi thc khch xem menu. Mt h s tp trung trc tin vo v tr trn cao  gc phi ca menu. Gi l im nhn. Chnh v th cc nh hng lun c tn dng v tr  vo nhng mn n m h mun bn nht . Tuy nhin, im nhn ca mu thc n p lun thay i lin tc. V cn phi cn c vo b cc ca menu na.</p>\n\n<figure><img alt=\"Mu menu nh hng sang trng\" src=\"https://123in.vn/wp-content/uploads/2019/04/Mau-menu-nha-hang-sang-trong.jpg\" width=\"585\" />\n<figcaption>Mu menu nh hng sang trng</figcaption>\n</figure>\n\n<h3>#3.n i gi tin</h3>\n\n<p>Gi c l vn  ln nht m nhiu ngi   trn cc mu thc n p. Thm gi c vo mt ct s lm cho khch hng tp trung vo gi hn l thc n . V c th h s chn mn n r nht.  l iu m cc nh hng khng bao gi mong mun. Trong t vn kinh doanh nh hng bng vic kho lo lng chng vo cc m t hp dn. Menu di y ging nh  kin y, t gi kn o bn di cc mc m t. Mt chiu tr m nh hng thng xuyn s dng  chnh l nh lc hng khch hng t gi c.</p>\n\n<figure><img alt=\"Menu nh hng ng cp\" src=\"https://123in.vn/wp-content/uploads/2019/04/Menu-nha-hang-%C4%91ang-cap.png\" width=\"593\" />\n<figcaption>Menu nh hng ng cp</figcaption>\n</figure>\n\n<h3>#4.Nhng con s thn thin</h3>\n\n<p>Con s lun l mt vn  ng quan tm vi tt c mi ngi. Trong thc t bn s lun b au u bi nhng con s  khi mua sm trong siu th hng ngy. Hoc phi t xc nh gi c th ca mt vt no . Khi kt hp cc con s khc nhau s c  ngha khc nhau.c bit nhng con s  c nh linh hn trong cc mu thc n p.</p>\n\n<figure><img alt=\"Thc n nh hng Nht Bn\" src=\"https://123in.vn/wp-content/uploads/2019/04/Thuc-don-nha-hang-nhat-ban.jpg\" width=\"583\" />\n<figcaption>Thc n nh hng Nht Bn</figcaption>\n</figure>\n\n<h3>#5.Lm ni bt cc mn n</h3>\n\n<p>Thng thng, cc t bo v cc quyn tp ch lun s dng li trch on.  nhn mnh mt lng thng tin ln. Cn cc mu thc n p lun lm ni bt mt s mn n. M nh hng mun bn gi mn bng cch s dng k thut sc ht th gic. Sc ht th gic chnh l cng ngh thu ht nh mt qua ci nhn u tin.</p>\n\n<figure><img alt=\"Mu thc n p ni bt\" src=\"https://123in.vn/wp-content/uploads/2019/04/Mau-thuc-don-dep-noi-bat.jpg\" width=\"588\" />\n<figcaption>Mu thc n p ni bt</figcaption>\n</figure>\n\n<h3>#6.nh hng mu sc</h3>\n\n<p>Mu sc cng c s dng  nhn mnh. Bi v mi ngi lun b thu ht bi s a dng ca mu sc. Chnh v nguyn nhn , mu sc l yu t  s dng cho qung co bao b sn phm. Vi mu thc n p th  v en huyn b chnh l hai mu thng thng c ngh n . V n khin cho thc khch khi nhn vo cng mong mun gi thm nhiu mn na.</p>\n\n<figure><img alt=\"Menu nh hng ng cp sang trng\" src=\"https://123in.vn/wp-content/uploads/2019/04/Menu-nha-hang-dang-cap-sang-trong-1.jpg\" width=\"589\" />\n<figcaption>Menu nh hng ng cp sang trng</figcaption>\n</figure>\n\n<h3>#7.Hnh nh phong ph</h3>\n\n<p>D c hay khng th nhng bc nh v cc mn n s mang nhng nh hng tch cc. Ph thuc mt cch rng ri vo tng c im ca nh hng. Ghp mi bc nh vi mi tn mn n s lm cho mu thc n p c cht lng km. Chnh v th vi nhng nh hng cht lng cao s trnh s dng cch ny. Mt khc, xng 123in chia s kinh nghim rng: mt bc nh  mi trang c th tng doanh s menu ln ti 30%.</p>\n\n<figure><img alt=\"Mu menu cc cht ti xng 123in\" src=\"https://123in.vn/wp-content/uploads/2019/04/Mau-menu-cuc-chat-tai-xuong123in.jpg\" width=\"582\" />\n<figcaption>Mu menu cc cht ti xng 123in</figcaption>\n</figure>\n\n<h3>#8.Ngn t miu t</h3>\n\n<p>Bn c th gi tn v miu t tng thnh phn cc mn n trong mu thc n p. y chnh l thng tin. M nhng thc khch s da vo n m quyt nh t mn.  l l do khi miu t tt mn n, doanh thu c th tng ln 30%.</p>\n\n<figure><img alt=\"Mu thc n p nh hng sang trng\" src=\"https://123in.vn/wp-content/uploads/2019/04/Mau-thuc-don-dep-nha-hang-sang-trong.png\" width=\"588\" />\n<figcaption>Mu thc n p nh hng sang trng</figcaption>\n</figure>\n\n<h3><br />\n#9.Mu thc n p km nhng thng ip v mn n m nh hng em li</h3>\n\n<p><br />\nNhng thng ip m nh hng mun gi gm cho khch hng. Chnh l yu t gip thu ht khch hng v to nn s ni bt cho n v kinh doanh. Bn nn km theo nhng thng ip y v cc mn n ch cht vo thc n ca nh hng.</p>\n\n<figure><img alt=\"Menu m phng nh hng\" src=\"https://123in.vn/wp-content/uploads/2019/04/Menu-mo-phang-nha-hang-1.jpg\" width=\"596\" />\n<figcaption>Menu m phng nh hng</figcaption>\n</figure>\n\n<h3>#10.Vt b nhng k hiu</h3>\n\n<p>Mt trong nhng bc u tin ca mu thc n p. L loi b cc du hiu ca ng  la hoc nhng k hiu tin t khc. Nhng vn  v tin t s nh hng t nhiu n thc khch</p>\n\n<figure><img alt=\"In menu m phng TP.HCM\" src=\"https://123in.vn/wp-content/uploads/2019/04/in-menu-mo-phang-tphcm-1.jpg\" width=\"596\" />\n<figcaption>In menu m phng TP.HCM</figcaption>\n</figure>\n\n<h2>Cng chng ti xem qua cc mu thc n p ca nh hng</h2>\n\n<figure><img alt=\"In menu m phng\" src=\"https://123in.vn/wp-content/uploads/2019/04/in-menu-mo-phang-z.jpg\" width=\"590\" />\n<figcaption>In menu m phng</figcaption>\n</figure>\n\n<figure><img alt=\"Mu thc n p nh hng\" src=\"https://123in.vn/wp-content/uploads/2019/04/MENU-NHA-HANG.jpg\" width=\"592\" />\n<figcaption>Mu thc n p nh hng</figcaption>\n</figure>\n\n<figure><img alt=\"Menu nha p 123in\" src=\"https://123in.vn/wp-content/uploads/2019/04/menu-nhua-dep-123in.jpg\" width=\"590\" />\n<figcaption>Menu nha p 123in</figcaption>\n</figure>\n\n<figure><img alt=\"Menu m phng Hong Yn\" src=\"https://123in.vn/wp-content/uploads/2019/04/menu-mo-phang-Hoang-Yen-2.jpg\" width=\"590\" />\n<figcaption>Menu m phng Hong Yn</figcaption>\n</figure>\n\n<figure><img alt=\"Mu thc n p m phng nh hng Hong Yn\" src=\"https://123in.vn/wp-content/uploads/2019/04/Menu-mo-phang-Hoang-Yen.jpg\" width=\"604\" />\n<figcaption>Mu thc n p m phng nh hng Hong Yn</figcaption>\n</figure>\n\n<figure><img alt=\"Chuyn in menu bt vt HCM\" src=\"https://123in.vn/wp-content/uploads/2019/04/chuyen-in-menu-bat-vit-hcm-1.jpg\" width=\"590\" />\n<figcaption>Chuyn in menu bt vt HCM</figcaption>\n</figure>\n\n<figure><img alt=\"In menu bt vt 123in\" src=\"https://123in.vn/wp-content/uploads/2019/04/in-menu-bat-vit-123in-1.jpg\" width=\"590\" />\n<figcaption>In menu bt vt 123in</figcaption>\n</figure>\n\n<figure><img alt=\"In menu bt vt chuyn nghip\" src=\"https://123in.vn/wp-content/uploads/2019/04/in-menu-bat-vit-chuyen-nghiep-1.jpg\" width=\"593\" />\n<figcaption>In menu bt vt chuyn nghip</figcaption>\n</figure>\n\n<p>Vi nhng t vn trn y. Hy vng c th gip bn c c c nhng nhn nh v tm quan trng ca vic in cc mu thc n p. Vi s pht trin ca nh hng. Nu bn cha bit phi in thc n nh th no hy n ngay xng 123in vi rt nhiu mu c sn. Chc chn s lm bn hi lng.</p>\n\n<figure><img alt=\"Dch v in n 123in in n cht lng cao vi i ng chuyn nghip\" src=\"https://123in.vn/wp-content/uploads/2019/04/Quy-trinh-lam-viec.jpg\" width=\"582\" />\n<figcaption>Dch v in n 123in in n cht lng cao vi i ng chuyn nghip</figcaption>\n</figure>\n\n<p>Gh thm Showroom 123in  tham kho thm <strong>cc mu thc n p chuyn nghip </strong>hoc hy gi cho <strong>123in</strong> qua <strong>HOTLINE 1800.6549  EMAIL: info@123in.vn, dichvu@123in.vn  SKYPE: skype123in</strong>  c t vn chnh xc nht.</p>\n\n<h3><strong>Tham kho:</strong></h3>'),
(1058, '<p><strong><a href=\"https://123in.vn/menu\">In menu qun n</a></strong> l mt trong nhng cng c gii thiu phong cch, vn ha m thc cng nh ng cp ca nh hng, qun n n trc tip vi khch hng. Nh hng ngoi vic ch trng n by tr khng gian th menu cng gp phn khng nh to nn tnh hp dn, s sang trng ca mt nh hng.</p>\n\n<p>Khch hng ca bn s nhn vo nhng hnh nh trong menu v c th suy ngh v cht lng cc mn n, thc ung. V vy, vic u t thit k, in n mt menu p, n tng s gip nh hng, qun n hay qun cafe ca bn c nng cao cht lng dch v v thu ht khch hng.</p>\n\n<figure><img alt=\"In menu tim bnh ngt cao cp\" src=\"https://123in.vn/wp-content/uploads/2018/12/in-menu-tiem-banh-ngot.jpg\" />\n<figcaption>In menu tim bnh ngt cao cp</figcaption>\n</figure>\n\n<h2>Dch v thit k &amp; in menu qun n</h2>\n\n<p>Dch v in n 123in s hu i ng cc ha s thit k y kinh nghim v sng to, chng ti s thit k cho bn mt menu ring bit, c o, n tng, xng tm vi ng cp nh hng ca bn.</p>\n\n<p>Vi cng ngh in n hin i nht hin nay, chng ti cam kt mang n cho bn a dng menu nh hng, qun n vi cht lng tt nht, lu bn nht v gi tt do c in ngay ti xng ln khng qua trung gian. c bit, chng ti h tr giao hng ton quc, thi gian lm nhanh siu tc c th ly lin ngay trong ngy.</p>\n\n<figure><img alt=\"Thit k &amp; in n menu cao cp\" src=\"https://123in.vn/wp-content/uploads/2018/12/menu-tiem-banh.jpg\" />\n<figcaption>Thit k &amp; in menu qun n cao cp</figcaption>\n</figure>\n\n<h2><strong>Menu qun n bi giy cao cp</strong></h2>\n\n<p>Giy bi p ng c cc yu cu dy dn, chc chn, khng b gy v sang trng trong cc qun n, nh hng vi phong cch hin i. Menu bi giy rt cng, ph hp vi tay cm,  bn lu hn cc loi menu mng 1 lp gi r thng thng.</p>\n\n<figure><img alt=\"Mu thit k menu bi giy tim bnh cao cp\" src=\"https://123in.vn/wp-content/uploads/2018/12/in-menu-tiem-banh-1.jpg\" />\n<figcaption>Mu thit k menu bi giy tim bnh cao cp</figcaption>\n</figure>\n\n<h2>Thit k &amp; In menu qun n, nh hng ly lin c khng ?</h2>\n\n<p>Qu khch hon ton c th yn tm v vn  ny, chng ti cam kt phc v trn gi Dch v thit k &amp; in menu qun n nhanh chng, khng ch i lu, c th ly ngay trong ngy. Chng ti lun n lc y nhanh tc  lm vic  m bo thi gian hon thnh menu nhanh nht n qu khch hng. Tit kim ti a thi gian qu gi ca qu khch.</p>\n\n<figure><img alt=\"Mu in menu qun n bi giy cng cc chc chn v p\" src=\"https://123in.vn/wp-content/uploads/2018/12/In-menu-quan-an-cuc-dep.jpg\" />\n<figcaption>Mu in menu qun n bi giy cng cc chc chn v p</figcaption>\n</figure>\n\n<h2>a ch thit k v in menu chuyn nghip ti TP.HCM</h2>\n\n<p><em>Hy n vi Dch v in n 123in! In v thng hiu ca bn.</em></p>\n\n<ul>\n	<li>n phm menu cht lng, ng cp v <strong>chuyn nghip n tng trang in </strong></li>\n	<li>Gi c hp l, do <strong>in trc tip ti xng ln </strong>khng qua trung gian</li>\n	<li>S dng cc dng my in cng ngh cao ca <strong>c &amp; Nht</strong></li>\n	<li>Thit k v sn xut chuyn nghip, i ng giu kinh nghim.</li>\n	<li>a dng chng loi <strong>giy m thut cao cp nhp khu</strong></li>\n	<li>Nht khu mc in ng tiu chun, an ton, bo v mi trng</li>\n	<li><strong>Dch v t in n online tin li </strong>vi cc bc t in menu d dng qua email, skype</li>\n	<li>Giao hng tn ni, nhanh chng, <strong>nhn ship hng ton quc</strong></li>\n	<li>Cc chng trnh <strong>u i, khuyn mi</strong> cc tt theo ma, theo s lng</li>\n	<li>C th in lin tc 24/24 (Nu khch hng cn gp v nhiu)</li>\n</ul>\n\n<figure><img alt=\"Quy trnh thit k v in catalogue chuyn nghip ti xng 123in\" src=\"https://123in.vn/wp-content/uploads/2018/12/quy-trinh-in-danh-thiep-ep-kim-768x768.jpg\" />\n<figcaption>Quy trnh thit k v in catalogue chuyn nghip ti xng 123in</figcaption>\n</figure>\n\n<h2>Tham kho mt s sn phm menu qun n bi ba cng do 123in sn xut</h2>\n\n<figure><img alt=\"Mu in menu tim bnh kem\" src=\"https://123in.vn/wp-content/uploads/2018/12/in-menu-tiem-banh-2.jpg\" />\n<figcaption>Mu in menu tim bnh kem</figcaption>\n</figure>\n\n<figure><img alt=\"In n menu cao cp\" src=\"https://123in.vn/wp-content/uploads/2018/12/in-menu-tiem-banh-3.jpg\" />\n<figcaption>In n menu cao cp</figcaption>\n</figure>\n\n<figure><img alt=\"In menu tim bnh\" src=\"https://123in.vn/wp-content/uploads/2018/12/in-menu-tiem-banh.jpg\" />\n<figcaption>In menu tim bnh</figcaption>\n</figure>\n\n<figure><img alt=\"Mu menu bi giy nh hng ph\" src=\"https://123in.vn/wp-content/uploads/2018/12/menu-nha-hang-pho-tphcm.jpg\" />\n<figcaption>Mu menu bi giy nh hng ph</figcaption>\n</figure>\n\n<figure><img alt=\"In menu nh hng ph cc p, chc chn\" src=\"https://123in.vn/wp-content/uploads/2018/12/in-menu-nha-hang-123in.jpg\" />\n<figcaption>In menu nh hng ph cc p, chc chn</figcaption>\n</figure>\n\n<figure><img alt=\"\" src=\"https://123in.vn/wp-content/uploads/2018/12/gay-menu.jpg\" />\n<figcaption>Gy menu bi giy m phng</figcaption>\n</figure>\n\n<figure><img alt=\"Menu bi giy cao cp ca qun cafe\" src=\"https://123in.vn/wp-content/uploads/2018/12/menu-giay-boi-cao-cap.jpg\" />\n<figcaption>Menu bi giy cao cp ca qun cafe</figcaption>\n</figure>\n\n<h2>Bo gi in menu chuyn nghip</h2>\n\n<p>Gi in menu ph thuc vo nhiu yu t sau:</p>\n\n<ul>\n	<li>S lng cun menu, s lng trang trong mi cun</li>\n	<li>Kch thc kh menu</li>\n	<li>S mt cn in</li>\n	<li>Cht liu giy thng hay giy m thut</li>\n	<li>Quy cch ng cun: ng kim, ng keo, ng l xo</li>\n	<li>Cc gia cng thnh phm sau in: p kim, ph UV nh v, dp ni, dp chm, cn mng..</li>\n	<li>Thi gian in</li>\n</ul>\n\n<p>V th khng c gi chnh xc cho in menu cao cp, chuyn nghip. Lin h vi 123in  nhn bo gi chnh xc cho thit k &amp; in menu ca bn.</p>\n\n<p>Hotline h tr min ph: <strong>1800.6549</strong> (Ms. Lin).</p>\n\n<p>t in online: <strong><a href=\"http://shop.123in.vn/\">http://shop.123in.vn/</a></strong> hoc <a href=\"https://123in.vn/\">https://123in.vn/</a></p>\n\n<figure><img alt=\"Menu m phng p nh hng Hong Yn\" src=\"https://123in.vn/wp-content/uploads/2018/12/menu-mo-phang-dep-hoang-yen-1-1.jpg\" />\n<figcaption>Menu m phng p nh hng Hong Yn</figcaption>\n</figure>\n\n<p>Gh thm Showroom 123in  tham kho thm <strong>cc mu catalogue p</strong> hoc hy gi cho <strong>123in</strong> qua <strong>HOTLINE 1800.6549  EMAIL: info@123in.vn, innhanh@123in.vn  SKYPE: skype123in</strong>  c t vn chnh xc nht.</p>\n\n<h2>Chi ph thit k thc n, menu nh hng v qun n</h2>\n\n<p>Bn mi m nh hng, qun n nhng cha c thit k chun. ng lo lng hy lin h ngay vi 123in  chng ti t vn cho bn la chn loi menu ph hp, tt nht dnh ring cho bn. <strong>Vi chi ph thit k menu rt hp l ch 200,000/trang c chnh sa 2 ln (min ph). </strong>Gi u i c bit, c th min ph nu khch hng t in menu  thc n s lng ln.</p>\n\n<p>Lin h t in menu  thc n bi giy qu khch hng gn xa vui lng lin h vi nhn vin ca 123in qua cc knh email <strong>info@123in.vn, hotline: 1800.6549, skype: skype123in</strong>. c bit nhng khch  c file thit k menu s c kim tra file min ph, hiu chnh kp thi trc khi in hng lot.</p>\n\n<figure><img alt=\"Menu m phng nh hng Hong Yn BBQ\" src=\"https://123in.vn/wp-content/uploads/2018/12/Menu-mo-phang-Hoang-Yen-1.jpg\" />\n<figcaption>Menu m phng nh hng Hong Yn BBQ</figcaption>\n</figure>\n\n<p>Gh thm Showroom 123in  tham kho thm <strong>cc mu menu cc p ti a ch 292 ng 3/2, phng 12, qun 10.</strong></p>'),
(1059, '<p>Bn hot ng trong lnh vc khch sn ? Th nhng gii php qung co hiu qu trm trn trm thng l g? <strong>In Catalogue </strong>chnh l mt gii php thng minh c im mt gi tn. To nn b nhn din thng hiu v to nn cht xc tc rt ln cho hot ng khch sn. Bn ang tm kim cho mnh mu catalogue khch sn ng cp ? Xng 123in hn hnh gii thiu ti bn<strong> 50 mu In catalogue khch sn sang trng ng cp quc t.</strong></p>\n\n<h2>B quyt in catalogue khch sn sang trng, ng cp quc t</h2>\n\n<p>Mt trong nhng b quyt in catalogue khch sn ng cp quc t. L phi k n quy trnh in catalogue bao gm cc bc. T vic bin son ni dung, thit k catalogue chp nh qung co. Thit k catalogue, in n v gia cng thnh phm.</p>\n\n<figure><img alt=\"In catalogue khch sn ti xng 123in\" src=\"https://123in.vn/wp-content/uploads/2019/04/In-catalogue-khach-san-tai-xuong-123in-2.jpg\" width=\"591\" />\n<figcaption>In catalogue khch sn ti xng 123in</figcaption>\n</figure>\n\n<h3><strong>Bin son ni dung catalogue:</strong></h3>\n\n<p><br />\nNi dung ca cun in catalogue khch sn l mt trong nhng yu t quan trng nht .  to dng ln mt n phm chuyn nghip, thu ht c s t m ca khch hng. Ni dung ca cun in Catalogue th cng cn c v nh b no ca cun in gii thiu sn phm. Chng v cng quan trng trong vic tip th, truyn ti thng tin n ngi tiu dng.</p>\n\n<figure><img alt=\"n Phm Marketing Chuyn Nghip\" src=\"https://123in.vn/wp-content/uploads/2019/04/An-pham-marketing-chuyen-nghiep.jpg\" width=\"592\" />\n<figcaption>n Phm Marketing Chuyn Nghip</figcaption>\n</figure>\n\n<h3><strong>Chp nh qung co khch sn:</strong></h3>\n\n<p>S ng cp ca bn in Catalogue khch sn cn c th hin qua yu t hnh nh. Mt cht lng hnh nh tt v khng vi phm bn quyn s c nh gi cao. Bi hnh nh c th lm c nhng iu m mi ngn ng khng th truyn t c. Nh nim tin, hnh phc hay ci p.</p>\n\n<figure><img alt=\"In catalogue khch sn cht lng\" src=\"https://123in.vn/wp-content/uploads/2019/04/In-catalogue-khach-san-chat-luong.jpg\" width=\"590\" />\n<figcaption>In catalogue khch sn cht lng</figcaption>\n</figure>\n\n<h3><strong>Thit k catalogue chuyn nghip:</strong></h3>\n\n<p>im nhn thit k s gip<strong> mu Catalogue khch sn </strong>ca bn c n nhn rng ri. <br />\nS chn tht, n gin nhng tinh t trong bn Catalogue. Lun th hin c s chuyn nghip v ng cp ca mnh trong kinh doanh.</p>\n\n<figure><img alt=\"Mu catalogue khch sn thit k n gin\" src=\"https://123in.vn/wp-content/uploads/2019/04/Mau-catalogue-khach-san-thiet-ke-don-gian.jpg\" width=\"594\" />\n<figcaption>Mu catalogue khch sn thit k n gin</figcaption>\n</figure>\n\n<h3><strong>In n catalogue cht lng cao:</strong></h3>\n\n<p>Khu cui cng ca quy trnh in catalogue khch sn trn gi l in n thnh phm. Cht lng thnh phm b nh hng nhiu trong qu trnh in n. Cht lng giy in, mc in, kh nng sp xp nhn din sn phm ca nh in. Chnh iu ny i hi doanh nghip phi c nhng la chn chnh xc. Gi gm cng sc vo nhng nh in chuyn nghip.</p>\n\n<p>Ngoi in KTS cht lng cao,  tng tnh cao cp ca sn phm. Chng ta cn c th thm cc loi gia cng c bit khc nh: p kim catalogue, UV nh hnh sn phm, dp chm dp ni, in catalogue giy m thut.</p>\n\n<figure><img alt=\"Catalogue khch sn m phng\" src=\"https://123in.vn/wp-content/uploads/2019/04/Catalogue-khach-san-mo-phang.jpg\" width=\"593\" />\n<figcaption>Catalogue khch sn m phng</figcaption>\n</figure>\n\n<h2><strong>Nhng mu in catalogue khch sn sang trng ng cp</strong></h2>\n\n<figure><img alt=\"Catalogue Khch sn tai xng 123in\" src=\"https://123in.vn/wp-content/uploads/2019/04/catalogue-khach-san-tai-xuong-123in.jpg\" width=\"590\" />\n<figcaption>Catalogue Khch sn tai xng 123in</figcaption>\n</figure>\n\n<figure><img alt=\"Mu catalogue khch sn p\" src=\"https://123in.vn/wp-content/uploads/2019/04/Mau-catalogue-khach-san-dep-1.jpg\" width=\"592\" />\n<figcaption>Mu in catalogue khch sn p</figcaption>\n</figure>\n\n<figure><img alt=\"Mu catalogue sang trng\" src=\"https://123in.vn/wp-content/uploads/2019/04/In-catalogue-sang-trong.jpg\" width=\"592\" />\n<figcaption>Mu catalogue sang trng</figcaption>\n</figure>\n\n<figure><img alt=\"In catalogue khch sn siu sc nt\" src=\"https://123in.vn/wp-content/uploads/2019/04/In-catalogoue-khach-san-sieu-sac-net-1.jpg\" width=\"591\" />\n<figcaption>In catalogue khch sn siu sc nt</figcaption>\n</figure>\n\n<figure><img alt=\"Catalogue khch sn bt mt\" src=\"https://123in.vn/wp-content/uploads/2019/04/catalogue-khach-san-bat-mat-2.jpg\" width=\"591\" />\n<figcaption>Catalogue khch sn bt mt</figcaption>\n</figure>\n\n<figure><img alt=\"Mu in catalogue ng cp\" src=\"https://123in.vn/wp-content/uploads/2019/04/Mau-in-catalogue-dang-cap.jpg\" width=\"591\" />\n<figcaption>Mu in catalogue ng cp</figcaption>\n</figure>\n\n<p>Gh thm Showroom 123in  tham kho thm <strong>cc mu in catalogue khch sn sang trng v ng cp</strong> hoc hy gi cho <strong>123in</strong> qua <strong>HOTLINE 1800.6549  EMAIL: info@123in.vn, innhanh@123in.vn  SKYPE: skype123in</strong>  c t vn chnh xc</p>'),
(1060, '<p>Bn ang c nhu cu <strong>in catalogue ng keo</strong> s lng t (&lt;100 cun)  phc v cho hot ng marketing ? Bn cn tm nh in catalogue cao cp, chuyn nghip ? <strong><a href=\"https://123in.vn/\">Xng 123in</a></strong> c y  trang thit b my mc in n v thnh phm khp kn  hon thnh catalogue xut sc cho bn.</p>\n\n<figure><img alt=\"In catalogue ng keo hcm\" src=\"https://123in.vn/wp-content/uploads/2019/04/in-catalogue-dong-keo-hcm.jpg\" />\n<figcaption>In catalogue ng keo hcm</figcaption>\n</figure>\n\n<h2>Quy cch in catalogue ng keo</h2>\n\n<ul>\n	<li>Kch thc khi in catalog: A6 (1015 cm), A5 ( 2015 cm), A4 (2129.7 cm), 2020 cm, ty theo yu cu.</li>\n	<li>Ba catalogue in giy C300gsm cn mng 2 mt  gi c bn lu.</li>\n	<li>Rut catalogue s dng giy C150, C200 hoc C300 cn mng hoc khng cn mng ty theo nhu cu v kinh ph.</li>\n	<li>S lng trang ph hp  in catalogue ng keo l trn 50 trang.</li>\n	<li>B, ng cun thnh phm thnh phm theo yu cu vi nhiu hnh dng khc nhau.</li>\n	<li>S lng khi in catalogue: Khng gii hn (in cng nhiu gi cng r).</li>\n	<li>Mu sc chun h 4 mu CMYK.</li>\n	<li>Nhn hng online qua website, fanpage, in thoi, email, Skype.</li>\n	<li>Sau khi duyt file, in catalogue test min ph</li>\n	<li>In s lng t 2 n 5 ngy l c hng.</li>\n	<li>In catalogue chuyn nghip, uy tn, gi tt nht ti TpHCM.</li>\n	<li> </li>\n</ul>\n\n<figure><img alt=\"In catalogue ng keo cht lng cao\" src=\"https://123in.vn/wp-content/uploads/2019/04/dong-cuon-keo-123in.jpg\" />\n<figcaption>In catalogue ng keo cht lng cao</figcaption>\n</figure>\n\n<h2>Nhng lu  khi in catalogue ng keo</h2>\n\n<p>Nu s lng trang catalogue t 40 trang tr ln, bn c th ng gy keo. Ngc li, trong trng hp in catalogue vi s trang t th ng cun bng cch ng kim  gy catalogue chnh l la chn ti u nht dnh cho bn.</p>\n\n<p>Qu trnh thit k v in catalogue din ra v cng nhanh chng v gp rt. Vn  t ra l qu trnh gia cng thnh phm thng s mt nhiu thi gian hn. Chng hn nh vic p gy keo hay cn mng phi ch i cho kh mi tin hnh khu tip theo. Hay nh quy trnh bm kim, cn, gp hoc ct, xn s chim khng mt t thi gian na ca bn.</p>\n\n<figure><img alt=\"Catalogue ng keo cao cp\" src=\"https://123in.vn/wp-content/uploads/2019/04/catalogue-dong-keo-cao-cap.jpg\" />\n<figcaption>Catalogue ng keo cao cp</figcaption>\n</figure>\n\n<p>V vy, lu  dnh cho bn l ng tnh ton thi gian hon thnh qu st nt. Hy tr hao mt mt khong thi gian nht nh.  khng nh hng n k hoch kinh doanh ca doanh nghip.</p>\n\n<h2>V sao cn in catalogue ng keo chuyn nghip ?</h2>\n\n<p><strong><a href=\"https://123in.vn/tin-tuc/30-mau-thiet-ke-catalogue\">Catalogue</a></strong>c dng  gii thiu cc sn phm, dch v ca doanh nghip. V th catalogue phi c trnh by v thit k tht chuyn nghip v p mt. Catalogue gip doanh nghip a trc tip thng tin sn phm ti khch hng phi trc quan v sinh ng, phi thu ht c s quan tm v phn hi t pha ngi xem.</p>\n\n<p>In Catalogue ng keo l n phm qung co dng  gii thiu sn phm n khch hng chuyn nghip nht nn c nhiu cng ty s dng rt ph bin. Hy u t tm huyn  c 1 cun catalogue p mt v n tng.</p>\n\n<figure><img alt=\"In catalogue ni tht chuyn nghip\" src=\"https://123in.vn/wp-content/uploads/2019/04/in-catalogue-san-pham-123in.jpg\" />\n<figcaption>In catalogue ni tht chuyn nghip</figcaption>\n</figure>\n\n<h2>a ch thit k v in catalogue chuyn nghip ti TP.HCM</h2>\n\n<p><em>Hy n vi Dch v in n 123in! In v thng hiu ca bn.</em></p>\n\n<ul>\n	<li>n phm catalogue cht lng, ng cp v <strong>chuyn nghip n tng trang in </strong></li>\n	<li>Gi c hp l, do <strong>in trc tip ti xng ln </strong>khng qua trung gian</li>\n	<li>S dng cc dng my in cng ngh cao ca <strong>c &amp; Nht</strong></li>\n	<li>Thit k v sn xut chuyn nghip, i ng giu kinh nghim.</li>\n	<li>a dng chng loi <strong>giy m thut cao cp nhp khu</strong></li>\n	<li>Nht khu mc in ng tiu chun, an ton, bo v mi trng</li>\n	<li><strong>Dch v t in n online tin li </strong>vi cc bc t in catalogue d dng qua email, skype</li>\n	<li>Giao hng tn ni, nhanh chng, <strong>nhn ship hng ton quc</strong></li>\n	<li>Cc chng trnh <strong>u i, khuyn mi</strong> cc tt theo ma, theo s lng</li>\n	<li>C th in lin tc 24/24 (Nu khch hng cn gp v nhiu)</li>\n</ul>\n\n<figure><img alt=\"In catalogue ng keo chuyn nghip hcm\" src=\"https://123in.vn/wp-content/uploads/2019/04/in-catalogue-dong-keo-chuyen-nghiep-hcm.jpg\" />\n<figcaption>In catalogue ng keo chuyn nghip hcm</figcaption>\n</figure>\n\n<figure><img alt=\"Dch v in n 123in in catalogue ng keo cht lng cao vi gi c hp l\" src=\"https://123in.vn/wp-content/uploads/2019/04/Quy-trinh-lam-viec-2.jpg\" />\n<figcaption>Dch v in n 123in in catalogue ng keo cht lng cao vi gi c hp l</figcaption>\n</figure>\n\n<h2>Tham kho mt s mu in catalogue ng keo</h2>\n\n<h4>Catalogue bt ng sn Kingdom 101</h4>\n\n<figure><img alt=\"In catalogue d n bt ng sn Kingdom 101\" src=\"https://123in.vn/wp-content/uploads/2019/04/catalogue-du-an-kingdom101.jpg\" />\n<figcaption>In catalogue d n bt ng sn Kingdom 101</figcaption>\n</figure>\n\n<figure><img alt=\"In catalogue p kim cao cp\" src=\"https://123in.vn/wp-content/uploads/2019/04/in-catalogue-bat-dong-san.jpg\" />\n<figcaption>In catalogue p kim cao cp</figcaption>\n</figure>\n\n<h3>Catalogue profile doanh nghip</h3>\n\n<figure><img alt=\"In catalogue ng keo hcm\" src=\"https://123in.vn/wp-content/uploads/2019/04/catalogue-dong-cuon-khau-chi.jpg\" />\n<figcaption>In catalogue ng keo hcm</figcaption>\n</figure>\n\n<figure><img alt=\"Catalogue ng keo gi tt\" src=\"https://123in.vn/wp-content/uploads/2019/04/catalogue-dong-keo-gia-re-tphcm-123in.jpg\" />\n<figcaption>Catalogue ng keo gi tt</figcaption>\n</figure>\n\n<h3>In catalogue ni tht</h3>\n\n<figure><img alt=\"Mu in catalogue ni tht p\" src=\"https://123in.vn/wp-content/uploads/2019/04/in-catalogue-noi-that-dep.jpg\" />\n<figcaption>Mu in catalogue ni tht p</figcaption>\n</figure>\n\n<figure><img alt=\"Mu in catalogue ni tht p\" src=\"https://123in.vn/wp-content/uploads/2019/04/mau-thiet-ke-catalogue-noi-that.jpg\" />\n<figcaption>Mu in catalogue ni tht p</figcaption>\n</figure>\n\n<h3>In gio trnh ngoi ng</h3>\n\n<figure><img alt=\"In gio trnh ngoi ng\" src=\"https://123in.vn/wp-content/uploads/2019/04/in-giao-trinh.jpg\" />\n<figcaption>In gio trnh ngoi ng</figcaption>\n</figure>\n\n<figure><img alt=\"In gio trnh ngoi ng\" src=\"https://123in.vn/wp-content/uploads/2019/04/in-giao-trinh-ngoai-ngu.jpg\" />\n<figcaption>In gio trnh ngoi ng</figcaption>\n</figure>\n\n<h3>In profile cng ty</h3>\n\n<figure><img alt=\"In catalogue p\" src=\"https://123in.vn/wp-content/uploads/2019/04/mau-in-catalogue-dong-keo.jpg\" />\n<figcaption>In catalogue p</figcaption>\n</figure>\n\n<figure><img alt=\"Mu in catalogue gy keo\" src=\"https://123in.vn/wp-content/uploads/2019/04/mau-in-catalogue-dong-keo-dep.jpg\" />\n<figcaption>Mu in catalogue gy keo</figcaption>\n</figure>\n\n<p>Gh thm Showroom 123in  tham kho thm <strong>cc mu in catalogue ng keo p</strong> hoc hy gi cho <strong>123in</strong> qua <strong>HOTLINE 1800.6549  EMAIL: info@123in.vn, innhanh@123in.vn  SKYPE: skype123in</strong>  c t vn chnh xc nht.</p>'),
(1061, '<p> to nn b nhn din thng hiu bn vng, vic pht trin thng hiu ng b ngay t lc u l iu rt quan trng. Vi UMG Motor  mt thng hiu mi trong lnh vc xe hai bnh va ra mt th trng Vit Nam, <strong>b nhn din thng ng cp ca hng UMG Motor</strong> li cng quan trng hn ht. <strong><a href=\"https://123in.vn/\">123in</a></strong> t ho khi c ng hnh cng UMG Motor  thc hin d n in n trn gi b nhn din marketing ca hng trong dp ra mt dng xe my mi. </p>\n\n\n\n<figure><img alt=\"Quyn catalogue sn phm xe my UMG ba in ph uv nh v, ng cun gy kim chc chn\" src=\"https://123in.vn/wp-content/uploads/2018/12/in-catalogue-phu-uv.jpg\" />\n<figcaption>Quyn catalogue sn phm xe my UMG ba in ph uv nh v, ng cun gy kim chc chn</figcaption>\n</figure>\n\n\n\n<h2>Gii thiu b nhn din thng hiu UMG Motor</h2>\n\n\n\n<p>UMG l mt tp on a ngnh n t Myanmar tng u t mnh vo lnh vc phn phi, bo tr v ti sn xut thit b my mc. H  m rng thm nhiu lnh vc nh gio dc, thc phm hay CNTT, v lnh vc xe my l mt ngnh mi ca tp on UMG.</p>\n\n\n\n<p>Ngy 7/12/2018 va qua UMG Motor  va ra mt th trng Vit Nam cc dng xe tay ga scooter vi tn gi Selena, Damon v RT250i . Trc khi ra mt dng sn phm xe my thng hiu UMG Motor danh ting  chun b rt k cng b nhn din thng hiu marketing hon ho cho s kin ra mt ny. </p>\n\n\n\n<p>123in xin gii thiu n qu khch hng <strong>B Nhn Din Thng Hiu ca hng UMG Motor</strong> c in n v s dng cho bui cng b dng xe hai bnh ny bao gm <strong>t ri qung co sn phm, catalogue gii thiu sn phm, folder ba h s kp ti liu,</strong> d theo di 123in s gii thiu theo tng dng sn phm. Mi cc bn theo di tip tc nh.</p>\n\n\n\n<figure><img alt=\"B nhn din thng hiu marketing ca UMG Motor trong bui ra mt dng xe my mi\" src=\"https://123in.vn/wp-content/uploads/2018/12/mau-thiet-ke-to-roi-dep.jpg\" />\n<figcaption>B nhn din thng hiu marketing ca UMG Motor trong bui ra mt dng xe my mi</figcaption>\n</figure>\n\n\n\n<figure><img alt=\"Bui ra mt 3 dng xe tay ga mi ca UMG Motor\" src=\"https://123in.vn/wp-content/uploads/2018/12/cover_forum_UMG-Motor.jpg\" />\n<figcaption>Bui ra mt 3 dng xe tay ga mi ca UMG Motor</figcaption>\n</figure>\n\n\n\n<h2>T ri qung co sn phm</h2>\n\n\n\n<p>i vi bui ra mt sn phm mi, vic thit k v in n t ri qung co sn phm l rt quan trng. Mu t ri phi <strong>nh gn nhng trnh by y  cc thng tin</strong> v dng sn phm xe my mi. Cc thng tin cn thit nh thng s k thut, cng ngh, ng c, tnh nng ni bt, phi c trnh by n gin, r rng v bt mt ngi xem. </p>\n\n\n\n<p>Trn t ri khng th thiu logo, thng tin v nhn hng, thng tin lin h khi cn mua sm. c bit <strong>mu sc ca mu t ri qung co sn phm</strong> phi ng b mu sc vi b nhn din thng hiu ca hng. Di y l mu t ri 2 dng xe mi nht ca UGM Motor va mi ra mt th trng, mi cc bn tham kho.</p>\n\n\n\n<figure><img alt=\"Mu in t ri hng xe UMG\" src=\"https://123in.vn/wp-content/uploads/2018/12/mau-thiet-ke-to-roi-UMG.jpg\" />\n<figcaption>Mu in t ri hng xe UMG</figcaption>\n</figure>\n\n\n\n<figure><img alt=\"T ri qung co dng xe my ca hng UGM\" src=\"https://123in.vn/wp-content/uploads/2018/12/to-roi-UMG-1.jpg\" />\n<figcaption>T ri qung co dng xe my ca hng UGM</figcaption>\n</figure>\n\n\n\n<figure><img alt=\"B nhn din thng hiu marketing\" src=\"https://123in.vn/wp-content/uploads/2018/12/bo-nhan-dien-thuong-hieu-marketing.jpg\" />\n<figcaption>B nhn din thng hiu marketing</figcaption>\n</figure>\n\n\n\n<h2>Catalogue gii thiu sn phm ba in ph UV nh v</h2>\n\n\n\n<p>Catalogue gii thiu sn phm l n phm marketing quan trng nht trong bui ra mt gii thiu dng sn phm mi. Thit k catalogue bao gm hnh nh v cc on miu t thng tin chi tit v sn phm v dch v ang c cung cp bi hng UMG Motor.</p>\n\n\n\n<p>Cht lng v ni dung, hnh nh ln cht ln in u c UMG rt ch trng. Ba catalogue ca hng s dng <strong>cng ngh mi nht in ph UV nh v</strong> <strong>to ra hiu ng th gic mt, sang trng, ng cp</strong> nh chnh sn phm xe my mi nht ca h. </p>\n\n\n\n<p>Catalogue gii thiu sn phm p ng y  cc tiu ch:</p>\n\n\n\n<ul>\n	<li>Cht liu giy <strong>thn thin</strong> vi ngi s dng</li>\n	<li>Thit k, trnh by, mu sc <strong>r rng, d c, d xem</strong></li>\n	<li><strong>Tng nhn din thng hiu hiu qu</strong></li>\n	<li>Thm m cao, bt mt, thu ht ngi xem</li>\n</ul>\n\n\n\n<figure><img alt=\"Catalogue in ph uv nh v\" src=\"https://123in.vn/wp-content/uploads/2018/12/catalogue-in-phu-uv-dinh-vi-2.jpg\" />\n<figcaption>catalogue in ph uv nh v</figcaption>\n</figure>\n\n\n\n<figure><img alt=\"Thit k catalogue in ph UV nh v\" src=\"https://123in.vn/wp-content/uploads/2018/12/catalogue-in-phu-uv-dinh-hinh.jpg\" />\n<figcaption>Thit k catalogue in ph UV nh v</figcaption>\n</figure>\n\n\n\n<figure><img alt=\"Mt sau ca catalogue gii thiu sn phm UMG\" src=\"https://123in.vn/wp-content/uploads/2018/12/mau-catalogue-in-uv-dinh-vi.jpg\" />\n<figcaption>Mt sau ca catalogue gii thiu sn phm UMG</figcaption>\n</figure>\n\n\n\n<figure><img alt=\"B nhn din thng hiu hng xe my UMG Motor\" src=\"https://123in.vn/wp-content/uploads/2018/12/in-catalogue-in-phu-uv-dinh-hinh-1.jpg\" />\n<figcaption>B nhn din thng hiu hng xe my UMG Motor</figcaption>\n</figure>\n\n\n\n<h2>In ba h s bc da, p kim logo</h2>\n\n\n\n<p>Hng UMG Motor quyt nh t <strong>in ba h s bc da, p kim nh bc logo</strong>. Ba h s bc da hay folder bc da l loi folder cao cp nht hng u hin nay, vi<strong> tnh thm m cao, bc da sang trng</strong>. Kt hp vi p kim logo cng tn ln v p hon m cho ba kp h s k kt hp ng ca hng i vi cc i tc.</p>\n\n\n\n<p>Ba kp h s bc da l mt trong nhng n phm ng ch  nht ca UMG Motor th hin s chuyn nghip, tinh t,gy n tng tuyt vi nht vi cc i tc. </p>\n\n\n\n<figure><img alt=\"In ba kp h s UMG Motor bc da, p kim logo thng hiu\" src=\"https://123in.vn/wp-content/uploads/2018/12/in-bia-kep-ho-so-UMG.jpg\" width=\"698\" />\n<figcaption>In ba kp h s UMG Motor bc da, p kim logo thng hiu</figcaption>\n</figure>\n\n\n\n<figure><img alt=\"Mu thit k ba h s bc da ca UMG Motor\" src=\"https://123in.vn/wp-content/uploads/2018/12/in-bia-ho-so-UMG.jpg\" />\n<figcaption>Mu thit k ba h s bc da ca UMG Motor</figcaption>\n</figure>\n\n\n\n<p>Vi s u t <strong>thit k v in n b nhn din thng hiu ht sc chnh chu</strong> ca UMG Motor cho bui ra mt sn phm mi gia nhp th trng xe my ti Vit Nam.UMG Motor c kinh nghim lp rp xe my cho th trng ng Nam  nhiu nm nay nn 123in tin rng chc chn trong tng lai UMG Motor s l mt thng hiu xe my mnh ti Vit Nam.</p>'),
(1062, '<p>Bn mun thit k c mt Catalogue p th iu u tin bn phi bit Catalogue l g. Catalogue chnh l mt n phm bao gm c yu t hnh nh, nhng on m t thng tin chi tit cho khch hng v i tc c th nm r c cc sn phm, dch v ang cung cp ti h thng cng ty.</p>\n\n<figure><img alt=\"Thit k Catalogue p\" src=\"https://123in.vn/wp-content/uploads/2019/04/thiet-ke-catalogue-dep.jpg\" />\n<figcaption>Thit k Catalogue p</figcaption>\n</figure>\n\n<p>Thit k Catalogue ang l xu th trong chin lc marketing ca cc doanh nghip hin ti. Mt doanh nghip khn ngoan l mt doanh nghip bit nng tm sn phm ca mnh ln nhng gi tr khc bit mi.</p>\n\n<h2> c mt Catalogue p  chun m cn v cng c o th xem qua chia s ny nh!</h2>\n\n<h3><strong>Ngh thut s dng mu sc trong thit k Catalogue</strong></h3>\n\n<p>Thit k Catalogue tun th theo 4 dng mu chnh: Mu ph, Mu nh, Mu chnh, Mu nhn mnh. C bn mu sc th khng a dng nh t ng dng trong mu thit k Catalogue. V vy cn phi c la chn v phi hp chun xc.</p>\n\n<figure><img alt=\"In Catalogue chun TP.HCM\" src=\"https://123in.vn/wp-content/uploads/2019/04/In-catalogue-chuan-TP.HCM_.jpg\" />\n<figcaption>In Catalogue chun TP.HCM</figcaption>\n</figure>\n\n<p><strong>Mu ph:</strong>N l mng mu c kh nng tng phn. S dng n lm ni bt ln mng mu chnh trong thit k Catalogue.</p>\n\n<p><strong>Mu nh: </strong>Gip mu thit k to nn s si ni, nh nhn v tinh t. Thng cc designer chuyn nghip s kt hp vi hm lng ln mu trng v mu nht.</p>\n\n<figure><img alt=\"Mu Catalogue chuyn nghip\" src=\"https://123in.vn/wp-content/uploads/2019/04/mau-catalogue-chuyen-nghiep.png\" width=\"768\" />\n<figcaption>Mu Catalogue chuyn nghip</figcaption>\n</figure>\n\n<p><strong>Mu chnh:</strong>Mu chnh trong thit k Catalogue s ng vai tr ch o. Tt c cc gam mu ph phi da vo mu ny  to nn s ha hp trong thit k.</p>\n\n<p><strong>Mu nhn mnh:</strong>L loi mu thu ht hon ton s ch  ca ngi xem. c dng  b tr cho mu ph, mu chnh hay mang  ngha nhn mnh mu thit k.</p>\n\n<figure><img alt=\"Mu Catalogue ni tht sang trng\" src=\"https://123in.vn/wp-content/uploads/2019/04/Mau-catalogue-noi-that-sang-trong-3.jpg\" width=\"768\" />\n<figcaption>Mu Catalogue ni tht sang trng</figcaption>\n</figure>\n\n<h3>Trnh by Catalogue nh th no l ng chun</h3>\n\n<p><strong>Trnh by trang ba: </strong><br />\nTrang ba khin khch hng t m v kch thch hn, h c th nhanh chng lt nhng trang tip theo. N chnh l b mt th hin kh bao qut ton b ni dung catalog.</p>\n\n<p>Mt cun catalogue chuyn nghip,  trang ba phi c  thng tin sau: Logo, tn cng ty, hnh nh c trng th hin lnh vc hot ng, vi dng m t v lnh vc hot ng v a ch website. Trang ba thit k lm sao tht n gin, hoc tinh xo nhng khng c ri mt.</p>\n\n<figure><img alt=\"Thit k Catalogue ti xng 123in\" src=\"https://123in.vn/wp-content/uploads/2019/04/thiet-ke-catalogue-tai-xuong-123in.jpg\" width=\"768\" />\n<figcaption>Thit k Catalogue ti xng 123in</figcaption>\n</figure>\n\n<p><strong>Trang Mc lc:</strong><br />\nBao qut ton b ni dung catalog Nu catalog ca bn ngn khong 8 hoc 12 trang th c th khng cn mc lc. Nhng nu s trang nhiu hn v ni dung chia thnh nhiu ch  th  tin cho khch hng bao qut v tip thu thng tin.</p>\n\n<p><strong>Hnh v, biu  trong catalog:</strong><br />\n khi in, hnh nh c sc nt, tt c cc biu , s , bng biu trong catalog nn c chuyn sang dng vector ch khng nn  dng hnh nh bitmap (tr 1 s nh icon th c th gi nguyn)</p>\n\n<figure><img alt=\"Catalogue ni tht hnh ch nht\" src=\"https://123in.vn/wp-content/uploads/2019/04/catalogue-noi-that-hinh-chu-nhat.jpg\" width=\"768\" />\n<figcaption>Catalogue ni tht hnh ch nht</figcaption>\n</figure>\n\n<h3><strong>Bn ang thc mc v cng c thit k Catalogue  p  Chuyn Nghip?</strong></h3>\n\n<p>Chng ti khuyn bn nn s dng DesignBold. Phn mm ny em n mt giao din thit k thn thin v nhng ty chnh a dng, cng vi tnh nng thit k Catalogue nhanh chng, em li cho bn nhng tri nghim trn mt cng c thit k chuyn nghip.</p>\n\n<figure><img alt=\"Thit k Catalogue tp ch\" src=\"https://123in.vn/wp-content/uploads/2019/04/thiet-ke-catalogue-tap-chi.jpg\" width=\"768\" />\n<figcaption>Thit k Catalogue tp ch</figcaption>\n</figure>\n\n<h2>Quy Cch In Catalogue Chuyn Nghip</h2>\n\n<ul>\n	<li>B, ng cun thnh phm thnh phm theo yu cu vi nhiu hnh dng khc nhau.</li>\n	<li>Cht liu giy in catalogue: : C80 &gt; C 300 gsm, catalogue chun thng ba giy dy hn rut, c cn mng, ng kim hoc ng gy thnh phm. Hoc theo yu cu khch hng,</li>\n	<li>Kch thc khi in catalog: A6 (1015 cm), A5 ( 2015 cm), A4 (2129.7 cm), 2020 cm, ty theo yu cu.</li>\n	<li>S lng khi in catalogue: Khng gii hn (in cng nhiu gi cng r).</li>\n	<li>Mu sc chun h 4 mu CMYK.</li>\n	<li>Nhn hng online qua website, fanpage, in thoi, email, Skype.</li>\n	<li>Sau khi duyt file, in catalogue test min ph</li>\n	<li>In s lng t 2 n 10 ngy l c hng.</li>\n	<li>In catalogue chuyn nghip, uy tn, gi tt nht ti TpHCM.</li>\n</ul>\n\n<figure><img alt=\"Thit k Catalogue thi trang - tp ch\" src=\"https://123in.vn/wp-content/uploads/2019/04/mau-catalogue-thoi-trang-tap-chi.jpg\" width=\"768\" />\n<figcaption>Thit k Catalogue thi trang  tp ch</figcaption>\n</figure>\n\n<h2>Cng chng ti xem qua cc mu Catalogue p  Chuyn Nghip</h2>\n\n<figure><img alt=\"Mu Catalogue hnh vung\" src=\"https://123in.vn/wp-content/uploads/2019/04/mau-catalogue-hinh-vuong.jpg\" width=\"768\" />\n<figcaption>Mu Catalogue hnh vung</figcaption>\n</figure>\n\n<figure><img alt=\"Thit k v in n Catalogue thng hiu Coach\" src=\"https://123in.vn/wp-content/uploads/2019/04/thiet-ke-va-in-an-thuong-hieu-coach.jpg\" width=\"768\" />\n<figcaption>Thit k v in n Catalogue thng hiu Coach</figcaption>\n</figure>\n\n<figure><img alt=\"Catalogue Doanh Nghip\" src=\"https://123in.vn/wp-content/uploads/2019/04/catalogue-doanh-nghiep.jpg\" width=\"768\" />\n<figcaption>Catalogue Doanh Nghip</figcaption>\n</figure>\n\n<figure><img alt=\"Mu Catalogue ng keo cao cp\" src=\"https://123in.vn/wp-content/uploads/2019/04/mau-catalogue-dong-keo-cao-cap.jpg\" width=\"768\" />\n<figcaption>Mu Catalogue ng keo cao cp</figcaption>\n</figure>\n\n<figure><img alt=\"Mu Catalogue khch sn\" src=\"https://123in.vn/wp-content/uploads/2019/04/catalogue-khach-san-bat-mat-3.jpg\" width=\"768\" />\n<figcaption>Mu Catalogue khch sn</figcaption>\n</figure>\n\n<figure><img alt=\"Thit k Catalogue ni tht\" src=\"https://123in.vn/wp-content/uploads/2019/04/thiet-ke-catalogue-noi-that-sang-trong.jpg\" width=\"768\" />\n<figcaption>Thit k Catalogue ni tht</figcaption>\n</figure>\n\n<figure><img alt=\"Thit k Catalogue chuyn nghip\" src=\"https://123in.vn/wp-content/uploads/2019/04/thiet-ke-catalogue-chuyen-nghiep.jpg\" width=\"768\" />\n<figcaption>Thit k Catalogue chuyn nghip</figcaption>\n</figure>\n\n<figure><img alt=\"Thit k Catalogue n tng\" src=\"https://123in.vn/wp-content/uploads/2019/04/thiet-ke-catalogue-an-tuong.jpg\" width=\"768\" />\n<figcaption>Thit k Catalogue n tng</figcaption>\n</figure>\n\n<p>Gh thm Xng 123in  tham kho thm cc mu <strong>THIT K CATALOGUE CHUYN NGHIP</strong> ca chng ti hoc gi <strong>HOTLINE 1800 6549</strong>  Xng 123in t vn chi tit cho bn nh!</p>');
INSERT INTO `field_body` (`pages_id`, `data`) VALUES
(1063, '<p>Bn ang c k hoch in catalogue ni tht nhm h tr hot ng kinh doanh hoc gii thiu nhng sn phm ni tht mi ca mnh? Chc chn bn ang cn nhc nn lm th no  t hiu qu cao nht. Nhng mu catalogue ni tht p. N nh tuyt chiu qung co siu li hi ca doanh nghip ang  s dng chng. Hy n vi <a href=\"https://123in.vn/\">xng in 123</a>  c t vn k hn.</p>\n\n<figure><img alt=\"In catalogue cht lng ti xng\" src=\"https://123in.vn/wp-content/uploads/2019/04/In-catalogue-chat-luong-tai-xuong.jpg\" width=\"592\" />\n<figcaption>In catalogue cht lng ti xng</figcaption>\n</figure>\n\n<h2><strong>In catalogue ni tht l g?</strong></h2>\n\n<p><strong>In catalogue</strong> <strong>ni tht</strong> l n phm marketing, nhm gii thiu sn phm ca doanh nghip n vi khch hng. S hu mt catalogue ni tht chuyn nghip, s l mt v kh li hi trong cng cuc chin cnh tranh. Doanh s, li nhun ca cng ty, gi tr thng hiu s khng ngng tng ln tng ngy. Nu bn bit cch lm catalogue hiu qu.  catalogue hiu qu, la chn phong cch catalogue ni tht chnh xc ngay t hm nay.</p>\n\n<figure><img alt=\"Mu catalogue ni tht sang trng\" src=\"https://123in.vn/wp-content/uploads/2019/04/Mau-catalogue-noi-that-sang-trong.jpg\" width=\"593\" />\n<figcaption>Mu catalogue ni tht sang trng</figcaption>\n</figure>\n\n<h2><strong>Ti sao phi c mu in catalogue ni tht?</strong></h2>\n\n<h4><strong><em>L do 1</em></strong><em>:</em></h4>\n\n<p>Vi mu in catalogue ni tht bn c th gii thiu chi tit mi thng tin ca tng sn phm. Khch hng s nm khong 90% thng tin sn phm t catalogue. Vic ny gip gim ti 90% cng t vn khch hng. Lng nhn vin t vn ti showroom s gim ng k, gip bn tit kim chi ph cc ln.</p>\n\n<figure><img alt=\"Catalogue ni tht 123in\" src=\"https://123in.vn/wp-content/uploads/2019/04/catalogue-noi-that-123in.jpg\" width=\"577\" />\n<figcaption>Catalogue ni tht 123in</figcaption>\n</figure>\n\n<h4><strong><em>L do 2</em></strong><em>:</em></h4>\n\n<p>Nu nh nhiu ngi khng c nhiu thi gian  i xem xt v la chn tt c cc sn phm c trong ca hng ni tht th c th da vo cc cun in catalogue ni tht  tham kho, chn la cc sn phm cho mnh. y cng c xem l cu ni gia doanh nghip v khch hng.</p>\n\n<figure><img alt=\"In  n phm ni tht sc nt\" src=\"https://123in.vn/wp-content/uploads/2019/04/In-an-pham-noi-that-sac-net.jpg\" width=\"592\" />\n<figcaption>In n phm ni tht sc nt</figcaption>\n</figure>\n\n<h4><strong><em>L do 3</em></strong><em>:</em></h4>\n\n<p>Cun in catalogue ni tht cn c xem nh n phm i din cho ca hng, doanh nghip ca bn. Nu chng thc s n tng s c tc dng qung b thng hiu rt hiu qu, nhanh chng nht.</p>\n\n<figure><img alt=\"In catalogue uy tn TP.HCM\" src=\"https://123in.vn/wp-content/uploads/2019/04/In-catalogue-uy-tin-TP.HCM_.jpg\" width=\"589\" />\n<figcaption>In catalogue uy tn TP.HCM</figcaption>\n</figure>\n\n<h4><strong><em>L do 4</em></strong><em>:</em></h4>\n\n<p>Cc n v kinh doanh ni tht vi mt hng ln, s lng sn phm a dng th vic khch hng chn mu trc tip l iu gn nh khng th.</p>\n\n<figure><img alt=\"Mu catalogue ni tht sang trng\" src=\"https://123in.vn/wp-content/uploads/2019/04/Mau-catalogue-noi-that-sang-trong-1.jpg\" width=\"591\" />\n<figcaption>Mu catalogue ni tht sang trng</figcaption>\n</figure>\n\n<h4><strong><em>L do 5</em></strong><em>:</em></h4>\n\n<p>C mt mu catalogue ni tht p gip hnh nh doanh nghip chuyn nghip hn rt nhiu. So vi mt ca hng bnh dn khng c catalogue sn phm, ca hng ca bn c mt cun brochure sn phm chuyn nghip th nh th no nh?</p>\n\n<figure><img alt=\"In Catalogue ni tht cng ty An Vit\" src=\"https://123in.vn/wp-content/uploads/2019/04/In-Catalogue-noi-that-cong-ty-An-Viet.jpg\" width=\"589\" />\n<figcaption>In Catalogue ni tht cng ty An Vit</figcaption>\n</figure>\n\n<h2><strong>Nhng mu in catalogue ni tht chuyn nghip</strong></h2>\n\n<p> p ng nhu cu xem mu catalogue ni tht ca qu khch hng. Xng 123in xin c gii thiu nhng mu catalogue ni tht c sc. Mi cc bn xem mu ngay di y nh.</p>\n\n<figure><img alt=\"Mu catalogue ni tht chuyn nghip\" src=\"https://123in.vn/wp-content/uploads/2019/04/Mau-catalogue-noi-that-chuyen-nghiep.jpg\" />\n<figcaption>Mu catalogue ni tht chuyn nghip</figcaption>\n</figure>\n\n<figure><img alt=\"Mu in catalogue ni tht cht lng\" src=\"https://123in.vn/wp-content/uploads/2019/04/Mau-in-catalogue-noi-that-chat-luong.jpg\" width=\"595\" />\n<figcaption>Mu in catalogue ni tht cht lng</figcaption>\n</figure>\n\n<figure><img alt=\"Mu in catalogue ni tht tinh t\" src=\"https://123in.vn/wp-content/uploads/2019/04/Mau-in-catalogue-noi-that-tinh-te.jpg\" width=\"591\" />\n<figcaption>Mu in catalogue ni tht tinh t</figcaption>\n</figure>\n\n<figure><img alt=\"Mu catalogue ni tht vung\" src=\"https://123in.vn/wp-content/uploads/2019/04/Mau-catalogue-noi-that-vuong.jpg\" width=\"596\" />\n<figcaption>Mu catalogue ni tht vung</figcaption>\n</figure>\n\n<figure><img alt=\"Mu catalogue ni tht hnh ch nht\" src=\"https://123in.vn/wp-content/uploads/2019/04/Mau-catalogue-noi-that-hinh-chu-nhat.jpg\" width=\"590\" />\n<figcaption>Mu catalogue ni tht hnh ch nht</figcaption>\n</figure>\n\n<figure><img alt=\"Mu catalogue kh ngang\" src=\"https://123in.vn/wp-content/uploads/2019/04/Mau-catalogue-kho-ngang.jpg\" width=\"593\" />\n<figcaption>Mu catalogue kh ngang</figcaption>\n</figure>\n\n<figure><img alt=\"Mu catalogue ni tht sang trng\" src=\"https://123in.vn/wp-content/uploads/2019/04/Mau-catalogue-noi-that-sang-trong-2.jpg\" width=\"592\" />\n<figcaption>Mu catalogue ni tht sang trng</figcaption>\n</figure>\n\n<figure><img alt=\"Kiu thit k catalogue ni tht kh ngang\" src=\"https://123in.vn/wp-content/uploads/2019/04/Kieu-thiet-ke-catalogue-noi-that-kho-ngang.jpg\" width=\"592\" />\n<figcaption>Kiu thit k catalogue ni tht kh ngang</figcaption>\n</figure>\n\n<p>Trn y chng ti  gii thiu mt s mu thit k catalogue ni tht n tng. Qu khch c th tham kho  xc nh phong cch in catalogue ni tht siu ng cp.  t hng in catalogue, qu khch hy lin h vi nhn vin kinh doanh ca xng 123in  c h tr.</p>\n\n<p><em>Gh thm </em><strong><em>Xng 123in</em></strong><em>  tham kho thm cc mu in catalogue p ca chng ti hoc gi </em><strong><em>HOTLINE 1800 6549</em></strong><em>  Xng 123in t vn chi tit cho bn nh!</em></p>'),
(1064, '<p>Thng hiu thi trang cao cp PHUONG MY mang n nhng thit k trong b su tp Thu ng. Cc mu thit k thi trang cao cp c la chn in trn cht liu giy m thut. Nh thit k Phng My v ekip ca mnh  u t in nhng quyn <strong><a href=\"https://123in.vn/in-catalogue\">catalogue thi trang</a></strong> gii thiu sn phm rt nghim tc v bi bn. Thng hiu PHUONG MY vi nhng thit k thu ng tr trung, nng ng v ng cp hng n cc i tng khch hng Vit Nam c thu nhp cao.</p>\n\n<h2><strong>Th no l mt mu thit k catalogue thi trang hon ho?</strong></h2>\n\n<p>123in va hon thnh cc n phm catalogue tp ch thi trang cao cp ca nh thit k Phng My. Nh thit k rt hi lng khi cc mu thit k ca mnh c trnh by p mt. Mu sc nh ng thit k, tn vinh nt p sang trng ca mu. Catalogue thi trang cn phi th hin c ng cht liu v mu sc ca mu.</p>\n\n<p>Tiu ch hng u ca h l <strong>p, sang trng v ng cp</strong>. 123in l n v in n uy tn, l s la chn hng u ca cc nh thit k ni ting ti Vit Nam trong  c nh thit k Phng My.</p>\n\n<h2><strong>Hnh nh catalogue thi trang thu ng ca MYMY by PHUONG MY</strong></h2>\n\n<p>Thng hiu MYMY by PHUONG MY l dng sn phm second line ca nh thit k tre Phng My. Ton b cht liu vi s dng u c dt ng dng cng ngh tin tin nht bi nhng i tc hng u ti Hn Quc v i Loan. Thng hiu nay hng n nhng mu thit k vi cac mc gia t cao cp n binh dn, phu hp vi moi i tng khach hang.</p>\n\n<p>Nh thit k tr Phng My mang n nhng thit k Thu ng sang trng, n tnh v ti tr dnh cho phi p. Thng hiu c ng o dn sao Vit nh m nh din vin Midu, ca s Vn mai Hng, hoa hu HHen Nie, ngi mu Thu Hng, la chn.</p>\n\n<figure><img alt=\"in catalogue thi trang tp ch 123in\" src=\"https://123in.vn/wp-content/uploads/2018/09/in-catalogue-thoi-trang-tap-chi-123in.jpg\" width=\"954\" />\n<figcaption>Catalogue thi trang B su tp Thu ng ca thng hiu PHUONG MY</figcaption>\n</figure>\n\n<figure><img alt=\"Cc thit k thi trang thu ng\" src=\"https://123in.vn/wp-content/uploads/2018/09/in-catalogue-thoi-trang-123in.jpg\" width=\"962\" />\n<figcaption>Catalogue thi trang c in cht liu giy m thut cao cp</figcaption>\n</figure>\n\n<figure><img alt=\"Mc in chnh hng ln mu chn tht, ng thit k\" src=\"https://123in.vn/wp-content/uploads/2018/09/in-catalogue-tap-chi-gia-re.jpg\" width=\"952\" />\n<figcaption>Mc in chnh hng ln mu chn tht, ng thit k</figcaption>\n</figure>\n\n<p>Mt mu catalogue thi trang p phi hi t c nhiu yu t. Hnh nh in phi c k thut, cng ngh in sc nt, siu mn. Th hin ng gi tr, cht liu ca cc mu thit k. Bn l nh thit k ang bn khon tm xng in n uy tn, chuyn nghip.</p>\n\n<p>Hy lin h ngay vi 123in  S la chn ng tin cy ca cc nh thit k hng u Vit Nam. Vi kinh nghim dy dn, my mc hin i, mc in v giy in nhp khu ha hn mang n cho bn cc n phm cht lng nht.</p>\n\n<h3>Gh thm Xng 123in  tham kho thm cc mu <strong>CATALOGUE CHUYN NGHIP. </strong>Hoc gi <strong>HOTLINE 1800 6549</strong>  Xng 123in t vn chi tit cho bn nh!</h3>'),
(1065, '<h3><strong>Ti sao bn nn s dng dch v in nhanh ca 123in ?</strong></h3>\n\n<p>Chng ti cam kt mang n cho qu khch hng cc dch v in n tuyt ho. S hi lng ca khch hng chnh l gi tr ct li ca chng ti.</p>'),
(1149, '<p>Dch v in nhanh theo trang ca 123in p ng nhu cu in nhanh giy couche, giy ford, giy m thut k c giy Conqueror. Bn in p, cht lng, r nt vi gi thnh hp l ph hp  cc n v thit k in upsale vi khch hng.</p>'),
(1154, '<p>123in cung cp a dng s la chn cho qu khch hng khi in n danh thip, name card.</p>\n\n<ul>\n	<li>\n	<p>Cn mng: Gia cng cn mng bng hoc cn mng m nhm bo v lp mu, trnh xc,</p>\n	</li>\n	<li>\n	<p>p kim, p nh: To im nhn cho logo, biu tng hoc mt phn ch no   tng thm s sang trng, cao cp cho tm danh thip.</p>\n	</li>\n	<li>\n	<p>Bi nhiu lp: Tng  dy dn, cng cp cho tm danh thip bng cch ghp chng nhiu lp giy khc nhau  to thnh khi ng nht.</p>\n	</li>\n	<li>\n	<p>Dp chm, dp ni: To hiu ng th gic 3D n tng, lm logo, tn cng ty, hnh nh i din tr nn ni bt c bit hn.</p>\n	</li>\n</ul>'),
(1172, '<p>Xng 123in chng ti chuyn nhn in gia cng standee gi tt, cht lng ti TPHCM. Sn phm trng by standee c in trn cht liu PP khng dn keo mt sau. Nhn in s lng t 1 tm tr ln, ly ngay trong ngy nu khch hng cn gp.</p>\n\n<p><em>Gi file in ti y: info@123in.vn v tng i t in 1800.6549</em></p>'),
(1179, '<p>Xng 123in c h thng my in HP mi 100%, mc in chnh hng nhp khu t Chu u. Vt liu canvas c la chn t nhng nh cung cp uy tn, cht lng sn phm rt cao.</p>'),
(1185, '<p>Dch v in decal bi formex chuyn nghip ng dng nh bin treo  cc siu th, bng qung co, bin hiu, bng demo hnh nh sn phm, trang tr ni tht. Xng 123in cung cp formex - foam  bn cao, an ton cho ngi s dng, gi thnh r ph hp cho cc n v in gia cng.</p>'),
(1211, '<p>Dch v gia cng ng cun theo trang ca 123in p ng nhu cu ng cun kim, ng gy keo, ng cun khu ch. Thnh phm cht lng, thm m vi gi thnh hp l ph hp  cc n v thit k in upsale vi khch hng.</p>'),
(1071, '<p>Qu khch c th t hng, gi thng tin cho chng ti theo cc mc di, hoc t hng nhanh qua <a	data-pwid=1236	href=\"/lien-he/dat-hang/\">form t hng.</a></p>');

-- --------------------------------------------------------

--
-- Table structure for table `field_button_caption`
--

CREATE TABLE `field_button_caption` (
  `pages_id` int(10) UNSIGNED NOT NULL,
  `data` text NOT NULL
) ENGINE=MyISAM DEFAULT CHARSET=utf8;

--
-- Dumping data for table `field_button_caption`
--

INSERT INTO `field_button_caption` (`pages_id`, `data`) VALUES
(1109, 'Lin h'),
(1110, 'Lin h'),
(1117, 'Lin h'),
(1115, 'Lin h'),
(1119, 'Lin h'),
(1137, 'Lin h'),
(1138, 'Lin h'),
(1140, 'Lin h'),
(1141, 'Lin h'),
(1142, 'Lin h'),
(1122, 'Lin h'),
(1143, 'Lin h'),
(1145, 'Lin h'),
(1146, 'Lin h'),
(1147, 'Lin h'),
(1148, 'Lin h'),
(1151, 'Lin h'),
(1152, 'Lin h'),
(1156, 'Lin h'),
(1157, 'Lin h'),
(1160, 'Lin h'),
(1161, 'Lin h'),
(1164, 'Lin h'),
(1165, 'Lin h'),
(1166, 'Lin h'),
(1167, 'Lin h'),
(1168, 'Lin h'),
(1175, 'Lin h'),
(1171, 'Lin h'),
(1176, 'Lin h'),
(1177, 'Lin h'),
(1178, 'Lin h'),
(1181, 'Lin h'),
(1184, 'Lin h'),
(1187, 'Lin h'),
(1188, 'Lin h'),
(1189, 'Lin h'),
(1190, 'Lin h'),
(1191, 'Lin h'),
(1194, 'Lin h'),
(1195, 'Lin h'),
(1196, 'Lin h'),
(1197, 'Lin h'),
(1198, 'Lin h'),
(1199, 'Lin h'),
(1200, 'Lin h'),
(1201, 'Lin h'),
(1202, 'Lin h'),
(1192, 'Lin h'),
(1204, 'Lin h'),
(1193, 'Lin h'),
(1207, 'Lin h'),
(1208, 'Lin h'),
(1209, 'Lin h'),
(1210, 'Lin h'),
(1213, 'Lin h'),
(1214, 'Lin h'),
(1215, 'Lin h'),
(1216, 'Lin h'),
(1219, 'Lin h'),
(1220, 'Lin h'),
(1223, 'Lin h'),
(1224, 'Lin h'),
(1225, 'Lin h'),
(1226, 'Lin h'),
(1229, 'Lin h'),
(1234, 'Lin h'),
(1235, 'Lin h');

-- --------------------------------------------------------

--
-- Table structure for table `field_categories`
--

CREATE TABLE `field_categories` (
  `pages_id` int(10) UNSIGNED NOT NULL,
  `data` int(11) NOT NULL,
  `sort` int(10) UNSIGNED NOT NULL
) ENGINE=MyISAM DEFAULT CHARSET=utf8;

--
-- Dumping data for table `field_categories`
--

INSERT INTO `field_categories` (`pages_id`, `data`, `sort`) VALUES
(1015, 1018, 0),
(1021, 1018, 0),
(1022, 1018, 0),
(1051, 1018, 0),
(1059, 1049, 0),
(1060, 1049, 0),
(1061, 1049, 0),
(1062, 1049, 0),
(1063, 1049, 0),
(1064, 1049, 0),
(1052, 1053, 0),
(1054, 1053, 0),
(1055, 1053, 0),
(1056, 1053, 0),
(1057, 1053, 0),
(1058, 1053, 0);

-- --------------------------------------------------------

--
-- Table structure for table `field_comments`
--

CREATE TABLE `field_comments` (
  `pages_id` int(10) UNSIGNED NOT NULL,
  `data` text NOT NULL,
  `sort` int(10) UNSIGNED NOT NULL,
  `id` int(10) UNSIGNED NOT NULL,
  `status` tinyint(3) NOT NULL DEFAULT '0',
  `cite` varchar(128) NOT NULL DEFAULT '',
  `email` varchar(250) NOT NULL DEFAULT '',
  `created` int(10) UNSIGNED NOT NULL,
  `created_users_id` int(10) UNSIGNED NOT NULL,
  `ip` varchar(15) NOT NULL DEFAULT '',
  `user_agent` varchar(250) NOT NULL DEFAULT '',
  `website` varchar(250) NOT NULL DEFAULT '',
  `parent_id` int(10) UNSIGNED NOT NULL DEFAULT '0',
  `flags` int(10) UNSIGNED NOT NULL DEFAULT '0',
  `code` varchar(128) DEFAULT NULL,
  `subcode` varchar(40) DEFAULT NULL,
  `upvotes` int(10) UNSIGNED NOT NULL DEFAULT '0',
  `downvotes` int(10) UNSIGNED NOT NULL DEFAULT '0',
  `stars` tinyint(3) UNSIGNED DEFAULT NULL
) ENGINE=MyISAM DEFAULT CHARSET=utf8;

-- --------------------------------------------------------

--
-- Table structure for table `field_comments_votes`
--

CREATE TABLE `field_comments_votes` (
  `comment_id` int(10) UNSIGNED NOT NULL,
  `vote` tinyint(4) NOT NULL,
  `created` timestamp NOT NULL DEFAULT CURRENT_TIMESTAMP ON UPDATE CURRENT_TIMESTAMP,
  `ip` varchar(15) NOT NULL DEFAULT '',
  `user_id` int(10) UNSIGNED NOT NULL DEFAULT '0'
) ENGINE=MyISAM DEFAULT CHARSET=utf8;

-- --------------------------------------------------------

--
-- Table structure for table `field_contact_band`
--

CREATE TABLE `field_contact_band` (
  `pages_id` int(10) UNSIGNED NOT NULL,
  `data` text NOT NULL
) ENGINE=MyISAM DEFAULT CHARSET=utf8;

--
-- Dumping data for table `field_contact_band`
--

INSERT INTO `field_contact_band` (`pages_id`, `data`) VALUES
(1149, '[[contact-band]]'),
(1154, '[[contact-band]]'),
(1205, '[[contact-band]]'),
(1221, '[[contact-band]]'),
(1211, '[[contact-band]]'),
(1217, '[[contact-band]]'),
(1034, '[[contact-band]]'),
(1035, '[[contact-band]]'),
(1065, '[[contact-band]]'),
(1036, '[[contact-band]]'),
(1037, '[[contact-band]]'),
(1038, '[[contact-band]]'),
(1040, '[[contact-band]]'),
(1039, '[[contact-band]]'),
(1041, '[[contact-band]]'),
(1042, '[[contact-band]]'),
(1045, '[[contact-band]]'),
(1043, '[[contact-band]]'),
(1048, '[[contact-band]]'),
(1046, '[[contact-band]]'),
(1162, '[[contact-band]]'),
(1172, '[[contact-band]]'),
(1185, '[[contact-band]]'),
(1227, '[[contact-band]]'),
(1067, '[[contact-band]]'),
(1111, '[[contact-band]]'),
(1068, '[[contact-band]]'),
(1066, '[[contact-band]]'),
(1084, '[[contact-band]]'),
(1112, '[[contact-band]]');

-- --------------------------------------------------------

--
-- Table structure for table `field_contact_page_addresses`
--

CREATE TABLE `field_contact_page_addresses` (
  `pages_id` int(10) UNSIGNED NOT NULL,
  `data` mediumtext NOT NULL
) ENGINE=MyISAM DEFAULT CHARSET=utf8;

--
-- Dumping data for table `field_contact_page_addresses`
--

INSERT INTO `field_contact_page_addresses` (`pages_id`, `data`) VALUES
(1071, 'address_1:Shop In Nhanh: 292 ng 3 Thng 2, P. 12, Q. 10, TPHCM\rurl_google_map_1:https://goo.gl/maps/EoApv2rCZFKn6Wpt7\raddress_2:Tr s v Xng: 132 Cng Ha, P. 4, Q. Tn Bnh, TPHCM\rurl_google_map_2:https://goo.gl/maps/RUrG3ozhAFfnSpq76');

-- --------------------------------------------------------

--
-- Table structure for table `field_contact_part`
--

CREATE TABLE `field_contact_part` (
  `pages_id` int(10) UNSIGNED NOT NULL,
  `data` text NOT NULL,
  `sort` int(10) UNSIGNED NOT NULL
) ENGINE=MyISAM DEFAULT CHARSET=utf8;

--
-- Dumping data for table `field_contact_part`
--

INSERT INTO `field_contact_part` (`pages_id`, `data`, `sort`) VALUES
(1071, 'innhanh@123in.vn', 2),
(1071, '1800.6548', 3),
(1071, 'Qu khch t hng bng cch gi email hoc in thoi', 1),
(1071, 'Lin h t hng', 0),
(1071, 'innhanh.123in (skype)', 4);

-- --------------------------------------------------------

--
-- Table structure for table `field_contact_part_2`
--

CREATE TABLE `field_contact_part_2` (
  `pages_id` int(10) UNSIGNED NOT NULL,
  `data` text NOT NULL,
  `sort` int(10) UNSIGNED NOT NULL
) ENGINE=MyISAM DEFAULT CHARSET=utf8;

--
-- Dumping data for table `field_contact_part_2`
--

INSERT INTO `field_contact_part_2` (`pages_id`, `data`, `sort`) VALUES
(1071, '1800.6548', 3),
(1071, 'innhanh@123in.vn', 2),
(1071, 'Qu khch c th in Form k bn khi khiu ni v dch v, gi thng tin cn thit.', 1),
(1071, 'Dch v v khiu ni', 0);

-- --------------------------------------------------------

--
-- Table structure for table `field_date`
--

CREATE TABLE `field_date` (
  `pages_id` int(10) UNSIGNED NOT NULL,
  `data` datetime NOT NULL
) ENGINE=MyISAM DEFAULT CHARSET=utf8;

--
-- Dumping data for table `field_date`
--

INSERT INTO `field_date` (`pages_id`, `data`) VALUES
(1015, '2019-05-11 00:00:00'),
(1022, '2019-05-11 00:00:00'),
(1021, '2019-05-11 00:00:00'),
(1051, '2019-05-11 00:00:00'),
(1052, '2019-05-13 00:00:00'),
(1054, '2019-05-13 00:00:00'),
(1055, '2019-05-13 00:00:00'),
(1056, '2019-05-13 00:00:00'),
(1057, '2019-05-13 00:00:00'),
(1058, '2019-05-13 00:00:00'),
(1059, '2019-05-13 00:00:00'),
(1060, '2019-05-13 00:00:00'),
(1061, '2019-05-13 00:00:00'),
(1062, '2019-05-13 00:00:00'),
(1063, '2019-05-13 00:00:00'),
(1064, '2019-05-13 00:00:00');

-- --------------------------------------------------------

--
-- Table structure for table `field_email`
--

CREATE TABLE `field_email` (
  `pages_id` int(10) UNSIGNED NOT NULL,
  `data` varchar(191) NOT NULL DEFAULT ''
) ENGINE=MyISAM DEFAULT CHARSET=utf8;

--
-- Dumping data for table `field_email`
--

INSERT INTO `field_email` (`pages_id`, `data`) VALUES
(41, 'dzung@caan.com.vn'),
(1033, 'ngan.pkb@123in.vn');

-- --------------------------------------------------------

--
-- Table structure for table `field_headline`
--

CREATE TABLE `field_headline` (
  `pages_id` int(10) UNSIGNED NOT NULL,
  `data` text NOT NULL
) ENGINE=MyISAM DEFAULT CHARSET=utf8;

--
-- Dumping data for table `field_headline`
--

INSERT INTO `field_headline` (`pages_id`, `data`) VALUES
(1, 'Dch V In Nhanh Dnh Cho Nh Dch V Thit K In n'),
(27, '404 Page Not Found'),
(1024, 'Demonstration of front-end-editing'),
(1029, 'Trang blog'),
(1034, 'CHUYN NHN IN CARD P KIM, P NH, DP CHM, DP NI, UV NH V - GIAO HNG TON QUC'),
(1035, 'NHN IN S LNG THEO NHU CU, GIAO HNG TN NI TON QUC, GIAO GP TRONG NGY'),
(1036, 'A DNG CHT LIU GIY M THUT, GIA CNG NG GY HON HO'),
(1037, 'IN NHANH - R - P - 100% KHCH HNG HI LNG'),
(1038, 'NHN IN CC LOI BAO TH, PHONG B CHUYN NGHIP - H TR THIT K CHI PH THP'),
(1039, 'NHN IN DECAL GIY, DECAL TRONG, DECAL KRAFT,...'),
(1040, 'IN GIY TIU  CHUYN NGHIP - BO GI TT KHI IN S LNG LN'),
(1041, 'NHN IN LCH  BN, IN LCH TREO TNG, IN LCH TT, LCH B TI'),
(1042, 'CHUYN NHN IN MENU BT VT, MENU M PHNG, MENU L XO, MENU NHA'),
(1043, 'IN VOUCHER, GIFT VOUCHER, PHIU GIM GI, PHIU QU TNG'),
(1044, 'HP GIY'),
(1045, 'NHN IN THIP MI, THIP CHC MNG, THIP CI, THIP SINH NHT'),
(1046, 'TH NHA - TH KHCH HNG THN THIT - TH VIP'),
(1161, 'BO GI IN PHONG B (in offset)'),
(1048, 'TI GIY KRAFT, TI GIY THI TRANG'),
(1002, 'In Nhanh 123in l mt dch v chuyn bit ca 123in dnh cho cc Nh Thit K In'),
(1065, 'L dch v in nhanh dng cng ngh k thut s tin tin. Chng ti phc v:'),
(1069, 'Head Danh mc dch v in'),
(1066, 'Danh thip, brochure, catalogue,...'),
(1068, 'PP Decal, Standee, Formex,...'),
(1031, 'Ton b dch v in chng ti ang phc v.'),
(1071, 'Ni qu khch c th lin h  t hng'),
(1077, 'CHT LNG'),
(1078, 'THI GIAN'),
(1079, 'TIT KIM'),
(1082, 'Sn xut n hng in chuyn nghip'),
(1083, 'L n v sn xut hng u cho cc nh DV TKI'),
(1081, 'Chnh trc'),
(1001, 'Dnh ring cho cc nh Thit K In'),
(1084, 'In n tem, nhn, hp mm nh'),
(1085, 'Tt c dch v in'),
(1089, 'Head line'),
(1086, 'Danh mc sn phm head line'),
(1088, 'Head line'),
(1095, 'NHN IN S LNG THEO NHU CU, GIAO HNG TN NI TON QUC, GIAO GP TRONG NGY'),
(1160, 'BO GI IN BAO TH'),
(1109, 'BNG GI IN DANH THIP - GIY TIU CHUN'),
(1110, 'BNG GI IN DANH THIP - GIY CAO CP'),
(1117, 'BNG GI IN T RI A6 (10 x 20cm)'),
(1115, 'BNG GI IN DANH THIP - GIY C BIT'),
(1119, 'BNG GI IN T RI A5 (15 x 20cm)'),
(1122, 'BO GI IN CATALOGUE A5 (14.5 x 20.5cm)'),
(1137, 'BNG GI IN DANH THIP - MC C BIT'),
(1138, 'BNG GI IN T RI A4 (21 x 29.7cm)'),
(1140, 'BNG GI IN T RI A3 (29.7 x 42cm)'),
(1141, 'BNG GI IN T GP A4 DI (29.7 x 63cm)'),
(1142, 'BNG GI IN T GP A4 DI (29.7 x 84cm)'),
(1143, 'BO GI IN CATALOGUE A5 (14.5 x 20.5cm)'),
(1145, 'BO GI IN CATALOGUE A4 (20.5 x 29.5cm) DC'),
(1146, 'BO GI IN CATALOGUE A4 (20.5 x 29.5cm) DC'),
(1147, 'BO GI IN KP FILE - FOLDER (in k thut s)'),
(1148, 'BO GI IN KP FILE - FOLDER (in offset)'),
(1149, 'In nhanh gia cng theo trang, in l v in theo gi'),
(1151, 'Bng Gi In L'),
(1152, 'Bng Gi In Theo L'),
(1154, 'In gia cng cc loi danh thip'),
(1156, 'BNG GI IN DANH THIP'),
(1157, 'BNG GI IN DANH THIP GIY EN'),
(1162, 'IN PP TRONG NH V PP NGOI TRI'),
(1164, 'BO GI IN POSTER PP TRONG NH'),
(1165, 'BO GI IN POSTER PP NGOI TRI'),
(1166, 'BO GI IN PP - DECAL PP TRONG NH'),
(1167, 'BO GI IN PP - DECAL PP TRONG NH'),
(1168, 'BO GI IN DECAL PP NGOI TRI'),
(1175, 'BO GI IN STANDEE - PP'),
(1171, 'BO GI IN DECAL PP NGOI TRI'),
(1176, 'BO GI IN STANDEE - BACKLIT'),
(1177, 'BO GI PH KIN GI CUN NHM'),
(1178, 'BO GI PH KIN CHN X'),
(1172, 'CHT LIU PP TRONG NH, PP NGOI TRI, PVC CAO CP'),
(1181, 'BO GI IN V CNG KHUNG TRANH CANVAS'),
(1184, 'BO GI IN V CNG KHUNG TRANH CANVAS'),
(1179, 'IN TRANH CANVAS DECOR, NH TREO TNG CAO CP'),
(1187, 'BO GI IN PP TRONG NH BI FOMEX'),
(1188, 'BO GI IN PP TRONG NH BI FOMEX'),
(1189, 'BO GI IN PP NGOI TRI BI FOMEX'),
(1190, 'BO GI IN PP NGOI TRI BI FOMEX'),
(1185, 'BNG DEMO SN PHM, BIN TREO, BIN HIU'),
(1191, 'BO GI IN TIU  TH'),
(1192, 'BO GI IN LCH  BN  CH A'),
(1193, 'BO GI IN LCH  BN  CH A'),
(1194, 'BNG GI IN GIY MI - INVITATION'),
(1195, 'BNG GI IN GIY MI - INVITATION'),
(1196, 'BNG GI IN GIY MI - INVITATION'),
(1197, 'BNG GI IN GIY MI - INVITATION'),
(1198, 'BO GI IN PHONG B (in k thut s)'),
(1199, 'BO GI IN PHONG B (in k thut s)'),
(1200, 'BO GI IN VOUCHER - TH GIM GI'),
(1201, 'BO GI IN VOUCHER - TH GIM GI'),
(1202, 'BO GI IN TH NHA TIU CHUN'),
(1204, 'BO GI IN TH NHA C NH NHN VIN'),
(1205, 'Cn mng, cn, rng ca, b, p kim'),
(1207, 'Bng Gi Cn Mng'),
(1208, 'Bng Gi Cn, Rng Ca'),
(1209, 'Bng Gi B'),
(1210, 'Bng Gi p kim'),
(1211, 'ng cun kim, ng cun keo, ng cun khu ch'),
(1213, 'Bng Gi ng Kim Lng'),
(1214, 'Bng Gi ng Keo Eva'),
(1215, 'Bng Gi ng Keo Siu Bn'),
(1216, 'Bng Gi Cun Khu Ch'),
(1217, 'M phng Zen, M Phng Cnh Bm'),
(1219, 'Bng gi Cun M Phng Zen'),
(1220, 'Bng gi Cun MP Cnh Bm'),
(1221, 'B, b demi, khoan, ct'),
(1223, 'Bng Gi B'),
(1224, 'Bng Gi Ct Demi'),
(1225, 'Bng Gi Khoan L'),
(1226, 'Bng Gi ng L xo'),
(1227, 'Gia cng p kim, dp ni, dp chm s lng ln t cc n hng offset.'),
(1229, 'Bng Gi p Kim'),
(1067, 'In, thnh phm nhanh'),
(1111, 'p kim, dp ni, bi giy'),
(1234, 'Bng Gi Ct'),
(1235, 'Bng Gi In S'),
(1236, 'Qu khch t hng qua web bng cc in cc thng tin cn thit.'),
(1070, 'L sn phm c sn xut ti xng 123in');

-- --------------------------------------------------------

--
-- Table structure for table `field_home_cta`
--

CREATE TABLE `field_home_cta` (
  `pages_id` int(10) UNSIGNED NOT NULL,
  `data` mediumtext NOT NULL
) ENGINE=MyISAM DEFAULT CHARSET=utf8;

--
-- Dumping data for table `field_home_cta`
--

INSERT INTO `field_home_cta` (`pages_id`, `data`) VALUES
(1, 'cta_content:Vi kinh nghim 10 nm trong ngnh sn xut n hng in chng ti sn sng p ng mi th thch.\rurl_link_title:Lin h\rurl_link:/lien-he-in123/');

-- --------------------------------------------------------

--
-- Table structure for table `field_images`
--

CREATE TABLE `field_images` (
  `pages_id` int(10) UNSIGNED NOT NULL,
  `data` varchar(191) NOT NULL,
  `sort` int(10) UNSIGNED NOT NULL,
  `description` text NOT NULL,
  `modified` datetime DEFAULT NULL,
  `created` datetime DEFAULT NULL,
  `filedata` mediumtext
) ENGINE=MyISAM DEFAULT CHARSET=utf8;

--
-- Dumping data for table `field_images`
--

INSERT INTO `field_images` (`pages_id`, `data`, `sort`, `description`, `modified`, `created`, `filedata`) VALUES
(1, 'p2_png_1.png', 1, '', '2019-10-18 09:10:00', '2019-10-18 09:10:00', ''),
(1, 'p1.png', 2, '', '2019-10-18 09:10:00', '2019-10-18 09:10:00', ''),
(1, 'p4.png', 3, '', '2019-10-18 09:10:00', '2019-10-18 09:10:00', ''),
(1036, 'in-catalogue-dong-keo-chuyen-nghiep-hcm.jpg', 11, '', '2019-10-18 15:02:06', '2019-10-18 15:02:06', ''),
(1038, 'in-bao-thu-dep-hcm.jpg', 2, '', '2019-10-18 15:38:15', '2019-10-18 15:38:15', ''),
(1039, 'in-decal-giay-hcm.jpg', 2, '', '2019-05-10 15:36:58', '2019-05-10 15:36:58', ''),
(1043, 'voucher.jpg', 0, '', '2019-10-21 11:33:21', '2019-10-21 11:33:21', ''),
(1044, 'in-hop-giay-hcm-1.jpg', 1, '', '2019-05-11 08:34:01', '2019-05-11 08:34:01', ''),
(1044, 'in-hop-giay-hcm.jpg', 0, '', '2019-05-11 08:34:01', '2019-05-11 08:34:01', ''),
(1046, 'in-the-nhua-cao-cap-tphcm.jpg', 1, '', '2019-10-19 11:32:00', '2019-10-19 11:32:00', ''),
(1067, 'in-theo-trang.jpg', 0, '', '2019-10-26 09:19:31', '2019-10-26 09:19:31', ''),
(1015, 'mau-danh-thiep-ep-kim-hcm.jpg', 0, '', '2019-05-11 09:49:27', '2019-05-11 09:49:27', ''),
(1021, 'danh-thiep-cao-cap-123in.jpg', 0, '', '2019-05-11 09:45:03', '2019-05-11 09:45:03', ''),
(1022, 'elegant-name-card-design-3.jpg', 0, '', '2019-05-11 09:43:24', '2019-05-11 09:43:24', ''),
(1050, 'mau-card-ep-kim-nhu-vang.jpg', 0, '', '2019-05-11 10:23:09', '2019-05-11 10:23:09', ''),
(1051, 'mau-card-ep-kim-nhu-vang.jpg', 0, '', '2019-05-11 10:51:08', '2019-05-11 10:51:08', ''),
(1052, 'in-menu-bat-vit-123in.jpg', 0, '', '2019-05-13 11:45:55', '2019-05-13 11:45:55', ''),
(1054, 'chuyen-in-menu-bat-vit-hcm.jpg', 0, '', '2019-05-13 11:56:20', '2019-05-13 11:56:20', ''),
(1055, 'thiet-ke-in-an-meu-tiem-tra-sua_6.png', 0, '', '2019-05-13 11:57:50', '2019-05-13 11:57:50', ''),
(1056, 'menu-mo-phang-hoang-yen-2.jpg', 0, '', '2019-05-13 13:33:34', '2019-05-13 13:33:34', ''),
(1058, 'menu-nhua-dep-123in.jpg', 0, '', '2019-05-13 13:55:49', '2019-05-13 13:55:49', ''),
(1059, 'catalogue-san-pham-dep-123in.jpg', 0, '', '2019-05-13 13:59:39', '2019-05-13 13:59:39', ''),
(1060, 'in-catalogue-thoi-trang-tap-chi-123in.jpg', 0, '', '2019-05-13 14:02:35', '2019-05-13 14:02:35', ''),
(1061, 'bo-nhan-dien-thuong-hieu-umg.jpg', 0, '', '2019-05-13 14:04:23', '2019-05-13 14:04:23', ''),
(1062, 'brochure-dang-cuon-dep-123in_xlarge.png', 0, '', '2019-05-13 14:14:24', '2019-05-13 14:14:24', ''),
(1063, 'in-catalogue-noi-that.jpg', 0, '', '2019-05-13 14:16:58', '2019-05-13 14:16:58', ''),
(1217, 'in-menu-cao-cap-hcm.jpg', 1, '', '2019-10-26 11:38:37', '2019-10-26 11:38:37', ''),
(1084, 'decal-480x480.jpg', 0, '', '2019-10-21 09:18:26', '2019-10-21 09:18:26', ''),
(1035, 'brochure-banner.jpg', 0, '', '2019-10-21 09:28:18', '2019-10-21 09:28:18', ''),
(1035, 'in-brochure-dep-hcm.jpg', 1, '', '2019-10-18 14:32:59', '2019-10-18 14:32:59', ''),
(1034, 'in-name-card-ep-kim-hcm.jpg', 4, '', '2019-10-18 11:08:15', '2019-10-18 11:08:15', ''),
(1034, 'p11.jpg', 3, '', '2019-10-18 16:08:28', '2019-10-18 16:08:28', ''),
(1034, 'card-ep-kim.jpg', 2, '', '2019-10-18 13:59:41', '2019-10-18 13:59:41', ''),
(1076, 'photo_2019-10-17_16-35-02.jpg', 0, '', '2019-10-18 09:12:28', '2019-10-18 09:12:28', ''),
(1041, 'p13.jpg', 1, '', '2019-10-19 09:58:19', '2019-10-19 09:58:19', ''),
(1075, 'photo_2019-10-17_16-35-04.jpg', 0, '', '2019-10-18 09:23:37', '2019-10-18 09:23:37', ''),
(1, 'istock-179225493.jpg', 0, '', '2019-05-10 14:56:57', '2019-05-10 14:56:57', ''),
(1034, 'in-danh-thiep-1.jpg', 5, '', '2019-10-18 11:08:15', '2019-10-18 11:08:15', ''),
(1034, 'in-danh-thiep.jpg', 6, '', '2019-10-18 10:49:38', '2019-10-18 10:49:38', ''),
(1034, 'danh-thiep-cao-cap-dang-cap-tphcm-123in.jpg', 7, '', '2019-10-18 10:52:20', '2019-10-18 10:52:20', ''),
(1034, 'in-card-visit-dep_-_copy.jpg', 8, '', '2019-10-18 11:08:15', '2019-10-18 11:08:15', ''),
(1034, 'hop-dung-name-card-mau-do-vang-xanh.jpg', 9, '', '2019-10-18 11:08:15', '2019-10-18 11:08:15', ''),
(1034, 'mau-name-card-boi-giay-mau.jpg', 10, '', '2019-10-18 11:10:25', '2019-10-18 11:10:25', ''),
(1034, 'in-card-dap-noi-hcm.jpg', 11, '', '2019-10-18 11:10:25', '2019-10-18 11:10:25', ''),
(1034, 'anphamvanphong_price-01.jpg', 12, '', '2019-10-18 11:15:16', '2019-10-18 11:15:16', ''),
(1034, 'anphamvanphong-price-001.jpg', 13, '', '2019-10-18 11:17:05', '2019-10-18 11:17:05', ''),
(1034, 'size-module-original-bc-usbc-x5880.png', 14, '', '2019-10-18 11:46:30', '2019-10-18 11:46:30', ''),
(1034, 'photo_2019-05-02_14-56-39.jpg', 15, '', '2019-10-18 13:54:12', '2019-10-18 13:54:12', ''),
(1034, 'hop-dung-name-card-1-mau-vang.jpg', 16, '', '2019-10-18 13:59:41', '2019-10-18 13:59:41', ''),
(1066, 'an-pham-van-phong-480x480.jpg', 0, '', '2019-10-21 09:13:18', '2019-10-21 09:13:18', ''),
(1036, 'catalogue-dong-cuon-lo-xo-mau-xanh.jpg', 10, '', '2019-10-18 15:02:06', '2019-10-18 15:02:06', ''),
(1037, 'folder.jpg', 0, '', '2019-10-21 10:36:15', '2019-10-21 10:36:15', ''),
(1035, 'in-brochure-gia-re-tphcm.jpg', 2, '', '2019-10-18 14:32:59', '2019-10-18 14:32:59', ''),
(1035, 'in-to-roi-a4.jpg', 3, '', '2019-10-18 14:20:48', '2019-10-18 14:20:48', ''),
(1035, 'mau-in-to-roi-chuyen-nghiep.jpg', 4, '', '2019-10-18 14:29:27', '2019-10-18 14:29:27', ''),
(1035, 'in-brochure-lay-lien-hcm-brochure-a3.jpg', 5, '', '2019-10-18 14:29:27', '2019-10-18 14:29:27', ''),
(1035, 'in-brochure-lay-lien-brochure-a3.jpg', 6, '', '2019-10-18 14:29:27', '2019-10-18 14:29:27', ''),
(1036, 'catalogue-du-an-kingdom101.jpg', 9, '', '2019-10-18 14:41:30', '2019-10-18 14:41:30', ''),
(1036, 'catalogue-du-an-bat-dong-san-kingdom101.jpg', 8, '', '2019-10-18 14:41:30', '2019-10-18 14:41:30', ''),
(1036, 'in-catalogue-phim-anh-thay-ngoi-sao.jpg', 7, '', '2019-10-18 14:41:30', '2019-10-18 14:41:30', ''),
(1036, 'in-catalogue-hcm.jpg', 6, '', '2019-10-18 14:41:30', '2019-10-18 14:41:30', ''),
(1036, 'mau-catalogue-in-uv-dinh-vi.jpg', 5, '', '2019-10-18 14:41:30', '2019-10-18 14:41:30', ''),
(1036, 'in-catalogue-phu-uv.jpg', 4, '', '2019-10-18 14:41:30', '2019-10-18 14:41:30', ''),
(1036, 'in-catalogue-2.jpg', 3, '', '2019-10-18 14:41:30', '2019-10-18 14:41:30', ''),
(1036, 'catalogue-1.jpg', 2, '', '2019-10-18 14:38:22', '2019-10-18 14:38:22', ''),
(1036, 'so-tay-dep-123in.png', 1, '', '2019-10-18 15:02:06', '2019-10-18 15:02:06', ''),
(1036, 'catalogue-banner.jpg', 0, '', '2019-10-21 10:08:11', '2019-10-21 10:08:11', ''),
(1037, 'abbott-bennett-pocket-folder-mockup.jpg', 1, '', '2019-10-18 16:23:24', '2019-10-18 16:23:24', ''),
(1037, '50855120_1969933936452597_6465294483478020096_o.jpg', 9, '', '2019-10-18 15:29:11', '2019-10-18 15:29:11', ''),
(1037, 'in-bia-ho-so-ep-kim-dep.jpg', 8, '', '2019-10-18 15:29:11', '2019-10-18 15:29:11', ''),
(1037, 'xuong-chuyen-in-bia-ho-so-ep-kim_xlarge.png', 7, '', '2019-10-18 15:25:43', '2019-10-18 15:25:43', ''),
(1037, 'in-folder-tokyo-deli.jpg', 6, '', '2019-10-18 15:25:43', '2019-10-18 15:25:43', ''),
(1037, 'nhan-in-bia-ho-so.jpg', 5, '', '2019-10-18 15:25:43', '2019-10-18 15:25:43', ''),
(1037, 'folder-ep-kim-1_large.png', 4, '', '2019-10-18 15:25:43', '2019-10-18 15:25:43', ''),
(1037, 'in-bia-ho-so-ep-kim-1_xlarge.png', 3, '', '2019-10-18 15:25:43', '2019-10-18 15:25:43', ''),
(1037, 'thiet-ke-in-an-bia-ho-so_-_copy.jpg', 2, '', '2019-10-18 15:05:47', '2019-10-18 15:05:47', ''),
(1038, 'in-bao-thu-van-phong.jpg', 3, '', '2019-10-18 15:38:15', '2019-10-18 15:38:15', ''),
(1038, 'in-phong-bi-hcm.jpg', 4, '', '2019-10-18 15:38:15', '2019-10-18 15:38:15', ''),
(1038, 'in-bao-thu.jpg', 5, '', '2019-10-18 15:38:15', '2019-10-18 15:38:15', ''),
(1034, 'name-card-boi-giay-mau.jpg', 1, '', '2019-10-18 13:59:41', '2019-10-18 13:59:41', ''),
(1034, 'banner-danh-thiep.jpg', 0, '', '2019-10-18 10:32:31', '2019-10-18 10:32:31', ''),
(1037, 'in-bia-ho-so.jpg', 10, '', '2019-10-18 15:29:11', '2019-10-18 15:29:11', ''),
(1040, 'giay-tieu-de-gia-re-tphcm-123in.jpg', 2, '', '2019-05-10 15:41:45', '2019-05-10 15:41:45', ''),
(1040, 'bao-gia-giay-tieu-de.jpg', 3, '', '2019-10-18 16:33:53', '2019-10-18 16:33:53', ''),
(1040, 'in-giay-tieu-de-tphcm.jpg', 4, '', '2019-10-18 16:33:53', '2019-10-18 16:33:53', ''),
(1040, 'bo-giay-tieu-de.jpg', 5, '', '2019-10-18 16:33:53', '2019-10-18 16:33:53', ''),
(1039, 'in-decal-hcn.jpg', 1, '', '2019-10-18 16:48:43', '2019-10-18 16:48:43', ''),
(1040, 'letterhead-design-with-blue-geometric-shapes-arrow_1017-8408.jpg', 1, '', '2019-10-18 16:26:58', '2019-10-18 16:26:58', ''),
(1039, 'decal-giay-my-pham.jpg', 5, '', '2019-10-18 16:48:43', '2019-10-18 16:48:43', ''),
(1039, 'in-decal-dep.jpg', 4, '', '2019-10-18 16:48:43', '2019-10-18 16:48:43', ''),
(1039, 'in-decal-hcm-dep.jpg', 3, '', '2019-10-18 16:48:43', '2019-10-18 16:48:43', ''),
(1095, 'brochure-a4-gia-tot-123in.jpg', 0, '', '2019-10-18 16:56:45', '2019-10-18 16:56:45', ''),
(1103, 'google_drive_logo.png', 0, '', '2019-10-29 09:21:24', '2019-10-29 09:21:24', ''),
(1105, 'logo_dummy5.jpg', 0, '', '2019-10-19 06:06:38', '2019-10-19 06:06:38', ''),
(1042, 'in-menu-mo-phang-zen-dep-hcm-1.jpg', 1, '', '2019-10-19 10:16:28', '2019-10-19 10:16:28', ''),
(1043, 'voucher-phieu-qua-tang-phieu-giam-gia-bitis-shop123in.jpg', 1, '', '2019-10-19 10:45:46', '2019-10-19 10:45:46', ''),
(1047, 'in-brochure-so-luong-it-tai-hcm.jpg', 1, '', '2019-10-19 11:02:30', '2019-10-19 11:02:30', ''),
(1048, '20180721112023_65036.jpg', 1, '', '2019-10-19 11:13:07', '2019-10-19 11:13:07', ''),
(1037, 'in-bia-ho-so-ep-kim-dep-1.jpg', 11, '', '2019-10-18 15:29:11', '2019-10-18 15:29:11', ''),
(1038, 'in-bao-thu-dep.jpg', 1, '', '2019-10-18 15:33:41', '2019-10-18 15:33:41', ''),
(1038, 'bao-thu.jpg', 0, '', '2019-10-21 10:42:36', '2019-10-21 10:42:36', ''),
(1040, 'tieu-de-thu.jpg', 0, '', '2019-10-21 10:55:21', '2019-10-21 10:55:21', ''),
(1039, 'decal.jpg', 0, '', '2019-10-21 11:01:34', '2019-10-21 11:01:34', ''),
(1041, 'in-lich-tet.jpg', 0, '', '2019-10-21 11:08:49', '2019-10-21 11:08:49', ''),
(1042, 'menu.jpg', 0, '', '2019-10-21 11:15:17', '2019-10-21 11:15:17', ''),
(1045, 'in-bao-thu-su-kien-ep-kim-cao-cap.jpg', 1, '', '2019-10-19 10:37:57', '2019-10-19 10:37:57', ''),
(1045, 'thiep-1.jpg', 0, '', '2019-10-21 11:25:01', '2019-10-21 11:25:01', ''),
(1048, 'tui-giay.jpg', 0, '', '2019-10-21 11:38:19', '2019-10-21 11:38:19', ''),
(1046, 'the-nhua.jpg', 0, '', '2019-10-21 11:46:00', '2019-10-21 11:46:00', ''),
(1047, 'in-pp-poster.jpg', 0, '', '2019-10-22 08:38:35', '2019-10-22 08:38:35', ''),
(1172, 'o1.jpg', 1, '', '2019-10-22 10:20:33', '2019-10-22 10:20:33', ''),
(1162, 'in-poster-banner.jpg', 0, '', '2019-10-22 09:52:33', '2019-10-22 09:52:33', ''),
(1162, 'in-poster.jpg', 1, '', '2019-10-22 09:49:48', '2019-10-22 09:49:48', ''),
(1172, 'in-standee.jpg', 0, '', '2019-10-22 10:33:27', '2019-10-22 10:33:27', ''),
(1179, 'in-tranh-canva.jpg', 1, '', '2019-10-22 11:19:32', '2019-10-22 11:19:32', ''),
(1179, 'in-tranh-canva-dep.jpg', 0, '', '2019-10-22 11:23:45', '2019-10-22 11:23:45', ''),
(1185, 'in-formex-1.jpg', 2, '', '2019-10-22 14:28:27', '2019-10-22 14:28:27', ''),
(1185, 'in-form.jpg', 1, '', '2019-10-22 13:47:43', '2019-10-22 13:47:43', ''),
(1185, 'in-formex.jpg', 0, '', '2019-10-22 14:24:54', '2019-10-22 14:24:54', ''),
(1149, 'in-theo-trang.jpg', 1, '', '2019-10-23 10:44:47', '2019-10-23 10:44:47', ''),
(1149, 'in-gia-cong.jpg', 0, '', '2019-10-23 10:44:47', '2019-10-23 10:44:47', ''),
(1154, 'in-card-visit-nhanh-giao-ngay-trong-ngay.jpg', 2, '', '2019-10-23 11:12:32', '2019-10-23 11:12:32', ''),
(1154, 'mau-danh-thiep-boi-giay-mau.jpg', 1, '', '2019-10-23 11:12:32', '2019-10-23 11:12:32', ''),
(1154, 'in-nhanh-name-card.jpg', 0, '', '2019-10-23 11:12:32', '2019-10-23 11:12:32', ''),
(1205, 'in-menu-mo-phang-dep-hcm.jpg', 1, '', '2019-10-24 16:09:15', '2019-10-24 16:09:15', ''),
(1205, 'p34.jpg', 0, '', '2019-10-24 16:19:34', '2019-10-24 16:19:34', ''),
(1211, 'catalogue-1.jpg', 1, '', '2019-10-25 11:39:31', '2019-10-25 11:39:31', ''),
(1211, 'catalogue-dep.jpg', 0, '', '2019-10-25 08:54:18', '2019-10-25 08:54:18', ''),
(1221, 'cty-in-decal-pp-boi-formex.jpg', 1, '', '2019-10-25 14:38:43', '2019-10-25 14:38:43', ''),
(1221, 'in-gia-cong.jpg', 0, '', '2019-10-25 14:38:43', '2019-10-25 14:38:43', ''),
(1111, 'gia-cong-in-an.jpg', 0, '', '2019-10-26 09:29:06', '2019-10-26 09:29:06', ''),
(1068, 'img_5054_master.jpg', 0, '', '2019-10-26 09:43:37', '2019-10-26 09:43:37', ''),
(1217, 'catalogue-dep.jpg', 0, '', '2019-10-26 11:41:28', '2019-10-26 11:41:28', ''),
(1104, 'onedrivelogotile.png', 0, '', '2019-10-29 09:31:23', '2019-10-29 09:31:23', ''),
(1100, 'logo-lanvi1.jpg', 0, '', '2019-10-29 09:19:14', '2019-10-29 09:19:14', ''),
(1101, 'logo-thuan-an.jpg', 0, '', '2019-10-29 09:17:01', '2019-10-29 09:17:01', ''),
(1102, 'wing-logo.jpg', 0, '', '2019-10-29 09:18:04', '2019-10-29 09:18:04', ''),
(1227, 'name-card-ep-kim.jpg', 1, '', '2019-10-29 13:58:50', '2019-10-29 13:58:50', ''),
(1227, 'may-ep-kim-1.jpg', 0, '', '2019-10-29 14:46:07', '2019-10-29 14:46:07', '');

-- --------------------------------------------------------

--
-- Table structure for table `field_image_alt_text`
--

CREATE TABLE `field_image_alt_text` (
  `pages_id` int(10) UNSIGNED NOT NULL,
  `data` text NOT NULL
) ENGINE=MyISAM DEFAULT CHARSET=utf8;

--
-- Dumping data for table `field_image_alt_text`
--

INSERT INTO `field_image_alt_text` (`pages_id`, `data`) VALUES
(1067, 'In gia cng theo trang'),
(1111, 'Gia cng thnh phm'),
(1100, 'logo lanvi'),
(1101, 'logo thun an'),
(1102, 'logo wings'),
(1103, 'logo Google'),
(1104, 'logo microsoft'),
(1105, 'logo-123in');

-- --------------------------------------------------------

--
-- Table structure for table `field_image_name`
--

CREATE TABLE `field_image_name` (
  `pages_id` int(10) UNSIGNED NOT NULL,
  `data` text NOT NULL
) ENGINE=MyISAM DEFAULT CHARSET=utf8;

--
-- Dumping data for table `field_image_name`
--

INSERT INTO `field_image_name` (`pages_id`, `data`) VALUES
(1077, 'p1.png'),
(1078, 'p2_png_1.png'),
(1079, 'p4.png');

-- --------------------------------------------------------

--
-- Table structure for table `field_image_thumb_name`
--

CREATE TABLE `field_image_thumb_name` (
  `pages_id` int(10) UNSIGNED NOT NULL,
  `data` text NOT NULL
) ENGINE=MyISAM DEFAULT CHARSET=utf8;

--
-- Dumping data for table `field_image_thumb_name`
--

INSERT INTO `field_image_thumb_name` (`pages_id`, `data`) VALUES
(1034, 'name-card-boi-giay-mau.jpg'),
(1035, 'in-brochure-gia-re-tphcm.jpg'),
(1036, 'catalogue-dong-cuon-lo-xo-mau-xanh.jpg'),
(1037, 'abbott-bennett-pocket-folder-mockup.jpg'),
(1038, 'in-bao-thu-dep.jpg'),
(1040, 'letterhead-design-with-blue-geometric-shapes-arrow_1017-8408.jpg'),
(1039, 'in-decal-hcn.jpg'),
(1041, 'p13.jpg'),
(1042, 'in-menu-mo-phang-zen-dep-hcm-1.jpg'),
(1045, 'in-bao-thu-su-kien-ep-kim-cao-cap.jpg'),
(1043, 'voucher-phieu-qua-tang-phieu-giam-gia-bitis-shop123in.jpg'),
(1048, '20180721112023_65036.jpg'),
(1046, 'in-the-nhua-cao-cap-tphcm.jpg'),
(1162, 'in-poster.jpg'),
(1172, 'o1.jpg'),
(1179, 'in-tranh-canva.jpg'),
(1185, 'in-formex-1.jpg'),
(1149, 'in-theo-trang.jpg'),
(1154, 'in-card-visit-nhanh-giao-ngay-trong-ngay.jpg'),
(1205, 'in-menu-mo-phang-dep-hcm.jpg'),
(1211, 'catalogue-1.jpg'),
(1221, 'cty-in-decal-pp-boi-formex.jpg'),
(1217, 'in-menu-cao-cap-hcm.jpg'),
(1227, 'name-card-ep-kim.jpg');

-- --------------------------------------------------------

--
-- Table structure for table `field_image_url_link`
--

CREATE TABLE `field_image_url_link` (
  `pages_id` int(10) UNSIGNED NOT NULL,
  `data` text NOT NULL
) ENGINE=MyISAM DEFAULT CHARSET=utf8;

-- --------------------------------------------------------

--
-- Table structure for table `field_inactive`
--

CREATE TABLE `field_inactive` (
  `pages_id` int(10) UNSIGNED NOT NULL,
  `data` int(11) NOT NULL
) ENGINE=MyISAM DEFAULT CHARSET=utf8;

--
-- Dumping data for table `field_inactive`
--

INSERT INTO `field_inactive` (`pages_id`, `data`) VALUES
(1151, 0),
(1235, 0);

-- --------------------------------------------------------

--
-- Table structure for table `field_nav_menu_only_drop_down`
--

CREATE TABLE `field_nav_menu_only_drop_down` (
  `pages_id` int(10) UNSIGNED NOT NULL,
  `data` int(11) NOT NULL
) ENGINE=MyISAM DEFAULT CHARSET=utf8;

-- --------------------------------------------------------

--
-- Table structure for table `field_num_text`
--

CREATE TABLE `field_num_text` (
  `pages_id` int(10) UNSIGNED NOT NULL,
  `data` text NOT NULL
) ENGINE=MyISAM DEFAULT CHARSET=utf8;

--
-- Dumping data for table `field_num_text`
--

INSERT INTO `field_num_text` (`pages_id`, `data`) VALUES
(1082, '01'),
(1083, '02'),
(1081, '03');

-- --------------------------------------------------------

--
-- Table structure for table `field_page_content_repeater`
--

CREATE TABLE `field_page_content_repeater` (
  `pages_id` int(10) UNSIGNED NOT NULL,
  `data` text NOT NULL,
  `count` int(11) NOT NULL,
  `parent_id` int(11) NOT NULL
) ENGINE=MyISAM DEFAULT CHARSET=utf8;

--
-- Dumping data for table `field_page_content_repeater`
--

INSERT INTO `field_page_content_repeater` (`pages_id`, `data`, `count`, `parent_id`) VALUES
(1, '1075,1076,1094,1077,1078,1079,1091,1092,1093,1103,1104,1105,1100,1102,1101', 15, 1074),
(1002, '1082,1083,1081', 3, 1080);

-- --------------------------------------------------------

--
-- Table structure for table `field_pass`
--

CREATE TABLE `field_pass` (
  `pages_id` int(10) UNSIGNED NOT NULL,
  `data` char(40) NOT NULL,
  `salt` char(32) NOT NULL
) ENGINE=MyISAM DEFAULT CHARSET=ascii;

--
-- Dumping data for table `field_pass`
--

INSERT INTO `field_pass` (`pages_id`, `data`, `salt`) VALUES
(41, 'TKnkZowzA0HLGSvu5tFba5Ai33Z6xki', '$2y$11$B5RorBQrSP4IYhs6m2QKVu'),
(40, '', ''),
(1033, 'eDtRXg0qoWdh5ScxQSgp.TYBhFFlOsq', '$2y$11$CCGZOnboBXGWzYFCTn6.mu');

-- --------------------------------------------------------

--
-- Table structure for table `field_permissions`
--

CREATE TABLE `field_permissions` (
  `pages_id` int(10) UNSIGNED NOT NULL,
  `data` int(11) NOT NULL,
  `sort` int(10) UNSIGNED NOT NULL
) ENGINE=MyISAM DEFAULT CHARSET=utf8;

--
-- Dumping data for table `field_permissions`
--

INSERT INTO `field_permissions` (`pages_id`, `data`, `sort`) VALUES
(38, 32, 1),
(1032, 32, 1),
(38, 34, 2),
(38, 35, 3),
(1032, 35, 2),
(37, 36, 0),
(38, 36, 0),
(1032, 36, 0),
(38, 50, 4),
(38, 51, 5),
(38, 52, 7),
(38, 53, 8),
(38, 54, 6),
(1032, 1026, 3);

-- --------------------------------------------------------

--
-- Table structure for table `field_price_table_4c`
--

CREATE TABLE `field_price_table_4c` (
  `pages_id` int(10) UNSIGNED NOT NULL,
  `data` int(10) UNSIGNED NOT NULL,
  `sort` int(10) UNSIGNED NOT NULL,
  `quantity` text,
  `option_01` text,
  `option_02` text,
  `option_03` text
) ENGINE=MyISAM DEFAULT CHARSET=utf8;

--
-- Dumping data for table `field_price_table_4c`
--

INSERT INTO `field_price_table_4c` (`pages_id`, `data`, `sort`, `quantity`, `option_01`, `option_02`, `option_03`) VALUES
(1115, 62, 1, 'T 06 - 10', '180.000/hp', '220.000/hp', '250.000/hp'),
(1109, 4, 3, 'T 21 - 50', '45.000/hp', '40.000/hp', '40.000/hp'),
(1109, 3, 2, 'T 11 - 20', '50.000/hp', '45.000/hp', '45.000/hp'),
(1109, 2, 1, 'T 06 - 10', '60.000/hp', '50.000/hp', '50.000/hp'),
(1119, 50, 1, '300 t', '1.980/t', '2.030/t', '2.080/t'),
(1117, 70, 6, '10.000 t', '280/t', '330/t', '380/t'),
(1117, 69, 5, '5.000 t', '450/t', '480/t', '520/t'),
(1110, 9, 2, 'T 11 - 20', '80.000/h', '100.000/hp', '110.000/hp'),
(1110, 8, 1, 'T 06 - 10', '90.000/hp', '110.000/hp', '120.000/hp'),
(1110, 7, 0, 'T 01 - 05', '100.000 /hp', '120.000 /hp', '130.000 /hp'),
(1117, 46, 2, '500 t', '1.250/t', '1.290/t', '1.320/t'),
(1117, 47, 3, '1.000 t', '1.000/t', '1.030/t', '1.060/t'),
(1117, 48, 4, '3.000 t', '780/t', '810/t', '840/t'),
(1115, 64, 3, 'T 21 - 50', '160.000/hp', '190.000/hp', '210.000/hp'),
(1115, 63, 2, 'T 11 - 20', '170.000/hp', '200.000/hp', '230.000/hp'),
(1122, 59, 5, '28 trang', '44.000/cun', '34.000/cun', '28.000/cun'),
(1119, 71, 5, '5.000 t', '520/t', '580/t', '630/t'),
(1119, 53, 4, '3.000 t', '1.110/t', '1.150/t', '1.200/t'),
(1119, 52, 3, '1.000 t', '1.150/t', '1.200/t', '1.240/t'),
(1119, 51, 2, '500 t', '1.690/t', '1.740/t', '1.790/t'),
(1122, 58, 4, '24 trang', '39.000/cun', '32.000/cun', '26.000/cun'),
(1122, 57, 3, '20 trang', '34.000/cun', '27.000/cun', '24.000/cun'),
(1122, 56, 2, '16 trang', '33.000/cun', '25.000/cun', '21.000/cun'),
(1122, 55, 1, '12 trang', '27.000/cun', '21.000/cun', '18.000/cun'),
(1115, 61, 0, 'T 01 - 05', '200.000/hp', '250.000/hp', '300.000/hp'),
(1137, 68, 3, 'T 21 - 50', '150.000/hp', '150.000/hp', '150.000/hp'),
(1137, 67, 2, 'T 11 - 20', '170.000/hp', '170.000/hp', '170.000/hp'),
(1137, 66, 1, 'T 06 - 10', '180.000/hp', '180.000/hp', '180.000/hp'),
(1137, 65, 0, 'T 01 - 05', '200.000/hp', '200.000/hp', '200.000/hp'),
(1117, 45, 1, '300 t', '1.390/t', '1.420/t', '1.460/t'),
(1117, 44, 0, '100 t', '1.670/t', '1.700/t', '1.740/t'),
(1119, 72, 6, '10.000 t', '370/t', '430/t', '480/t'),
(1119, 49, 0, '100 t', '2.380/t', '2.430/t', '2.480/t'),
(1138, 73, 0, '100 t', '4.150/t', '4.250/t', '4.350/t'),
(1138, 74, 1, '300 t', '3.350/t', '3.450/t', '3.550/t'),
(1138, 75, 2, '500 t', '2.430/t', '2.520/t', '2.620/t'),
(1138, 76, 3, '1.000 t', '1.850/t', '2.000/t', '2.100/t'),
(1138, 77, 4, '2.000 t', '1.150/t', '1.300/t', '1.500/t'),
(1138, 78, 5, '5.000 t', '720/t', '850/t', '1.100/t'),
(1138, 79, 6, '10.000 t', '650/t', '710/t', '950/t'),
(1140, 92, 5, '5.000 t', '1.200/t', '1.450/t', '1.650/t'),
(1140, 91, 4, '2.000 t', '1.650/t', '1.850/t', '2.100/t'),
(1140, 90, 3, '1.000 t', '2.250/t', '2.600/t', '2.800/t'),
(1140, 89, 2, '500 t', '4.660/t', '4.850/t', '5.040/t'),
(1140, 88, 1, '300 t', '4.900/t', '5.100/t', '5.300/t'),
(1140, 87, 0, '100 t', '7.500/t', '7.700/t', '7.900/t'),
(1140, 93, 6, '10.000 t', '1.150/t', '1.350/t', '1.600/t'),
(1141, 106, 5, '5.000 t', '2.800/t', '3.100/t', '3.800/t'),
(1141, 105, 4, '2.000 t', '3.100/t', '3.800/t', '4.200/t'),
(1141, 104, 3, '1.000 t', '4.300/t', '4.900/t', '5.800/t'),
(1141, 103, 2, '500 t', '8.630/t', '8.960/t', '9.290/t'),
(1141, 102, 1, '300 t', '9.080/t', '9.430/t', '9.780/t'),
(1141, 101, 0, '100 t', '11.930/t', '12.280/t', '12.630/t'),
(1141, 107, 6, '10.000 t', '2.500/t', '2.800/t', '3.400/t'),
(1142, 120, 5, '5.000 t', '3.500/t', '4.000/t', '4.500/t'),
(1142, 119, 4, '2.000 t', '3.900/t', '4.500/t', '5.000/t'),
(1142, 118, 3, '1.000 t', '6.000/t', '6.500/t', '7.000/t'),
(1142, 117, 2, '500 t', '11.530/t', '11.980/t', '12.430/t'),
(1142, 116, 1, '300 t', '11.730/t', '12.180/t', '12.630/t'),
(1142, 115, 0, '100 t', '13.280/t', '13.730/t', '14.180/t'),
(1142, 121, 6, '10.000 t', '3.000/t', '3.500/t', '4.000/t'),
(1143, 141, 9, '44 trang', '37.000/cun', '34.000/cun', '30.000/cun'),
(1143, 140, 8, '40 trang', '34.000/cun', '31.000/cun', '28.000/cun'),
(1143, 139, 7, '36 trang', '31.000/cun', '28.000/cun', '25.000/cun'),
(1143, 138, 6, '32 trang', '28.000/cun', '26.000/cun', '25.000/cun'),
(1143, 137, 5, '28 trang', '44.000/cun', '34.000/cun', '28.000/cun'),
(1122, 60, 6, '32 trang', '50.000/cun', '38.000/cun', '30.000/cun'),
(1122, 129, 7, '36 trang', '50.000/cun', '40.000/cun', '32.000/cun'),
(1122, 130, 8, '40 trang', '55.000/cun', '44.000/cun', '35.000/cun'),
(1122, 54, 0, '8 trang', '20.000/cun', '17.000/cun', '15.000/cun'),
(1143, 136, 4, '24 trang', '39.000/cun', '32.000/cun', '26.000/cun'),
(1143, 135, 3, '20 trang', '20.000/cun', '18.000/cun', '17.000/cun'),
(1143, 134, 2, '16 trang', '17.000/cun', '15.000/cun', '14.000/cun'),
(1143, 133, 1, '12 trang', '15.000/cun', '13.000/cun', '12.000/cun'),
(1143, 132, 0, '8 trang', '13.000/cun', '10.000/cun', '9.000/cun'),
(1145, 153, 1, '12 trang', '37.000/cun', '34.000/cun', '29.000/cun'),
(1145, 154, 2, '16 trang', '47.000/cun', '43.000/cun', '35.000/cun'),
(1145, 155, 3, '20 trang', '57.000/cun', '52.000/cun', '39.000/cun'),
(1145, 156, 4, '24 trang', '61.000/cun', '55.000/cun', '43.000/cun'),
(1145, 157, 5, '28 trang', '69.000/cun', '63.000/cun', '48.000/cun'),
(1145, 158, 6, '32 trang', '78.000/cun', '67.000/cun', '52.000/cun'),
(1145, 159, 7, '36 trang', '87.000/cun', '75.000/cun', '55.000/cun'),
(1145, 152, 0, '8 trang', '32.000/cun', '28.000/cun', '23.000/cun'),
(1146, 173, 1, '12 trang', '25.000/cun', '21.000/cun', '20.000/cun'),
(1146, 174, 2, '16 trang', '30.000/cun', '26.000/cun', '25.000/cun'),
(1146, 175, 3, '20 trang', '33.000/cun', '31.000/cun', '30.000/cun'),
(1146, 176, 4, '24 trang', '37.000/cun', '36.000/cun', '35.000/cun'),
(1146, 177, 5, '28 trang', '43.000/cun', '41.000/cun', '39.000/cun'),
(1146, 178, 6, '32 trang', '48.000/cun', '46.000/cun', '43.000/cun'),
(1146, 179, 7, '36 trang', '53.000/cun', '51.000/cun', '48.000/cun'),
(1122, 131, 9, '44 trang', '60.000/cun', '45.000/cun', '38.000/cun'),
(1145, 160, 8, '40 trang', '96.000/cun', '82.000/cun', '60.000/cun'),
(1145, 161, 9, '44 trang', '95.000/cun', '85.000/cun', '66.000/cun'),
(1146, 172, 0, '8 trang', '21.000/cun', '18.000/cun', '15.000/cun'),
(1146, 180, 8, '40 trang', '58.000/cun', '56.000/cun', '53.000/cun'),
(1146, 181, 9, '44 trang', '63.000/cun', '61.000/cun', '58.000/cun'),
(1147, 188, 6, '300 folder', '7.900', '9.200', '12.800'),
(1147, 187, 5, '200 folder', '8.600', '10.400', '13.000'),
(1147, 186, 4, '100 folder', '9.600', '12.800', '17.000'),
(1147, 185, 3, '50 folder', '10.800', '14.100', '19.300'),
(1147, 184, 2, '30 folder', '10.800', '14.100', '19.900'),
(1147, 183, 1, '20 folder', '11.600', '15.600', '20.900'),
(1147, 182, 0, '10 folder', '12.600', '17.900', '23.100'),
(1148, 200, 4, '5.000 folder', '3.600', '4.300', '8.000'),
(1148, 199, 3, '3.000 folder', '3.900', '4.500', '9.000'),
(1148, 198, 2, '2.000 folder', '4.000', '4.800', '10.000'),
(1148, 197, 1, '1.000 folder', '4.500', '5.200', '11.000'),
(1148, 196, 0, '500 folder', '6.500', '8.000', '12.000'),
(1160, 205, 4, '2.000 chic', '1.200/chic', '1.500/chic', '4.000/chic'),
(1160, 204, 3, '1.000 chic', '1.300/chic', '1.800/chic', '4.500/chic'),
(1160, 203, 2, '500 chic', '1.500/chic', '2.200/chic', '5.000/chic'),
(1160, 202, 1, '300 chic', '1.800/chic', '2.500/chic', '5.500/chic'),
(1160, 201, 0, '100 chic', '2.000/chic', '3.000/chic', '6.000/chic'),
(1164, 219, 4, 'A4 (20x30)', '6.000/tm', '8.000/tm', '+5.000/tm'),
(1161, 214, 3, '5.000 chic', '800/chic', '1.000/chic', '1.900/chic'),
(1161, 213, 2, '3.000 chic', '900/chic', '1.100/chic', '2.000/chic'),
(1161, 212, 1, '2.000 chic', '1.000/chic', '1.300/chic', '2.500/chic'),
(1161, 211, 0, '1.000 chic', '1.200/chic', '1.500/chic', '3.000/chic'),
(1164, 218, 3, 'A3 (30x40)', '12.000/tm', '14.000/tm', '+8.000/tm'),
(1164, 217, 2, 'A2 (40x60)', '20.000/tm', '25.000/tm', '+12.000/tm'),
(1164, 216, 1, 'A1 (60x80)', '35.000/tm', '40.000/tm', '+15.000/tm'),
(1164, 215, 0, 'A0 (80x120)', '60.000/tm', '65.000/tm', '+20.000/tm'),
(1165, 225, 0, 'A0 (80x120)', '80.000/tm', '85.000/tm', '+20.000/tm'),
(1165, 226, 1, 'A1 (60x80)', '50.000/tm', '55.000/tm', '+15.000/tm'),
(1165, 227, 2, 'A2 (40x60)', '35.000/tm', '40.000/tm', '+12.000/tm'),
(1165, 228, 3, 'A3 (30x40)', '20.000/tm', '25.000/tm', '+8.000/tm'),
(1166, 236, 1, '2-10m', '47.000/m', '52.000/m', '52.000/m2'),
(1166, 237, 2, '11-30m', '43.000/m', '43.000/m2', '43.000/m2'),
(1166, 238, 3, '31-100m', '36.000/m', '40.000/m', '40.000/m2'),
(1166, 239, 4, '101-300m', '35.000/m', '39.000/m', '39.000/m2'),
(1166, 235, 0, '1m', '55.000/m', '65.000/m', '61.000/m2'),
(1167, 248, 1, '2-10m', '65.000/m', '78.000/m', '52.000/m2'),
(1167, 249, 2, '11-30m', '54.000/m', '64.000/m', '43.000/m2'),
(1167, 250, 3, '31-100m', '50.000/m', '60.000/m', '40.000/m2'),
(1167, 251, 4, '101-300m', '49.000/m', '58.000/m', '39.000/m2'),
(1167, 247, 0, '1m', '77.000/m', '92.000/m', '61.000/m2'),
(1168, 263, 4, '101-300m', '52.000/m', '54.000/m', '52.000/m2'),
(1168, 262, 3, '31-100m', '53.000/m', '56.000/m', '53.000/m2'),
(1168, 261, 2, '11-30m', '57.000/m', '60.000/m', '57.000/m2'),
(1168, 259, 0, '1m', '74.000/m', '74.000/m', '81.000/m2'),
(1168, 260, 1, '2-10m', '63.000/m', '73.000/m', '69.000/m2'),
(1175, 285, 2, '80x200cm', '100.000/tm', '90.000/tm', '80.000/tm'),
(1175, 284, 1, '80x180cm', '90.000/tm', '80.000/tm', '70.000/tm'),
(1175, 283, 0, '60x160cm', '80.000/tm', '60.000/tm', '50.000/tm'),
(1171, 281, 4, '101-300m', '65.000/m', '82.000/m', '52.000/m2'),
(1171, 280, 3, '31-100m', '67.000/m', '87.000/m', '53.000/m2'),
(1171, 279, 2, '11-30m', '72.000/m', '92.000/m', '57.000/m2'),
(1171, 278, 1, '2-10m', '87.000/m', '97.000/m', '69.000/m2'),
(1171, 277, 0, '1m', '102.000/m', '102.000/m', '81.000/m2'),
(1171, 282, 5, '301-500m', '61.000/m', '77.000/m', '49.000/m2'),
(1176, 291, 2, '80x200cm', '130.000/tm', '120.000/tm', '110.000/tm'),
(1176, 289, 0, '60x160cm', '100.000/tm', '75.000/tm', '65.000/tm'),
(1176, 290, 1, '80x180cm', '120.000/tm', '110.000/tm', '100.000/tm'),
(1178, 299, 0, '60x160cm', '70.000/c', '65.000/c', '60.000/c'),
(1177, 295, 0, '60x160cm', '200.000/c', '190.000/c', '180.000/c'),
(1177, 296, 1, '80x180cm', '220.000/c', '210.000/c', '200.000/c'),
(1178, 300, 1, '80x180cm', '100.000/c', '90.000/c', '80.000/c'),
(1184, 343, 0, '15x30cm', '103.000', '50x150cm', '695.000'),
(1184, 344, 1, '20x40cm', '144.000', '50x160cm', '733.000'),
(1184, 345, 2, '30x60cm', '238.000', '50x170cm', '773.000'),
(1184, 346, 3, '40x80cm', '343.000', '50x190cm', '849.000'),
(1184, 347, 4, '50x100cm', '500.000', '60x150cm', '768.000'),
(1181, 342, 11, '100x200cm', '1,341.000', '90x120cm', '831.000'),
(1181, 341, 10, '100x160cm', '1,116.000', '80x120cm', '767.000'),
(1181, 340, 9, '100x100cm', '780.000', '80x100cm', '670.000'),
(1181, 339, 8, '90x90cm', '673.000', '70x100cm', '613.000'),
(1181, 333, 2, '30x30cm', '147.000', '30x40cm', '177.000'),
(1181, 334, 3, '40x40cm', '210.000', '40x60cm', '279.000'),
(1181, 335, 4, '50x50cm', '286.000', '50x70cm', '366.000'),
(1181, 336, 5, '60x60cm', '363.000', '60x80cm', '443.000'),
(1181, 337, 6, '70x70cm', '446.000', '60x90cm', '514.000'),
(1181, 338, 7, '80x80cm', '537.000', '70x90cm', '567.000'),
(1181, 331, 0, '15x15cm', '66.000', '20x25cm', '106.000'),
(1181, 332, 1, '20x20cm', '91.000', '20x30cm', '119.000'),
(1184, 348, 5, '60x120cm', '641.000', '60x160cm', '811.000'),
(1184, 349, 6, '40x120cm', '505.000', '60x170cm', '851.000'),
(1184, 350, 7, '50x140cm', '655.000', '70x150cm', '842.000'),
(1184, 351, 8, '60x140cm', '725.000', '70x160cm', '886.000'),
(1184, 352, 9, '60x165cm', '832.000', '70x170cm', '932.000'),
(1184, 353, 10, '60x180cm', '894.000', '80x200cm', '1.160.000'),
(1184, 354, 11, '60x200cm', '978.000', '100x200cm', '1.341.000'),
(1187, 356, 1, 'A1 (60x80)', '82.000/tm', '107.000/tm', '169.000/tm'),
(1187, 357, 2, 'A2 (40x60)', '41.000/tm', '54.000/tm', '85.000/tm'),
(1187, 358, 3, 'A3 (30x40)', '21.000/tm', '27.000/tm', '43.000/tm'),
(1187, 359, 4, 'A4 (20x30)', '11.000/tm', '14.000/tm', '22.000/tm'),
(1187, 360, 5, 'Kh ln', '140.000/m2', '185.000/m2', '290.000/m2'),
(1187, 355, 0, 'A0 (80x120)', '137.000/tm', '178.000/tm', '281.000/tm'),
(1188, 376, 5, 'Kh ln', '331.000/m2', 'x 1,2 ln', 'x 1,6 ln'),
(1188, 375, 4, 'A4 (20x30)', '25.000/tm', 'x 1,2 ln', 'x 1,6 ln'),
(1188, 374, 3, 'A3 (30x40)', '50.000/tm', 'x 1,2 ln', 'x 1,6 ln'),
(1188, 373, 2, 'A2 (40x60)', '99.000/tm', 'x 1,2 ln', 'x 1,6 ln'),
(1188, 371, 0, 'A0 (80x120)', '329.000/tm', 'x 1,2 ln', 'x 1,6 ln'),
(1188, 372, 1, 'A1 (60x80)', '197.000/tm', 'x 1,2 ln', 'x 1,6 ln'),
(1189, 386, 1, 'A1 (60x80)', '94.000/tm', '119.000/tm', '180.000/tm'),
(1189, 387, 2, 'A2 (40x60)', '47.000/tm', '60.000/tm', '90.000/tm'),
(1189, 388, 3, 'A3 (30x40)', '24.000/tm', '30.000/tm', '45.000/tm'),
(1189, 389, 4, 'A4 (20x30)', '12.000/tm', '15.000/tm', '23.000/tm'),
(1189, 390, 5, 'Kh ln', '165.000/m2', '210.000/m2', '310.000/m2'),
(1189, 385, 0, 'A0 (80x120)', '156.000/tm', '197.000/tm', '300.000/tm'),
(1190, 406, 5, 'Kh ln', '356.000/m2', '', '310.000/m2'),
(1190, 405, 4, 'A4 (20x30)', '27.000/tm', 'x 1,2 ln', 'x 1,6 ln'),
(1190, 404, 3, 'A3 (30x40)', '53.000/tm', 'x 1,2 ln', 'x 1,6 ln'),
(1190, 403, 2, 'A2 (40x60)', '105.000/tm', 'x 1,2 ln', 'x 1,6 ln'),
(1190, 402, 1, 'A1 (60x80)', '209.000/tm', 'x 1,2 ln', 'x 1,6 ln'),
(1190, 401, 0, 'A0 (80x120)', '348.000/tm', 'x 1,2 ln', 'x 1,6 ln'),
(1190, 407, 6, 'Gi ct ta', 't 50.000/m2', 'n 300.000/m2', ''),
(1192, 413, 0, '1 cun', '100.000/cun', '130.000/cun', '150.000/cun'),
(1192, 414, 1, '5 cun', '83.000/cun', '96.000/cun', '96.000/cun'),
(1191, 412, 4, '1.000 t', '1.000.000', '20.000 t', '7.600.000'),
(1191, 408, 0, '100 t', '200.000', '2.000 t', '1.400.000'),
(1191, 409, 1, '200 t', '360.000', '3.000 t', '1.700.000'),
(1191, 410, 2, '300 t', '480.000', '5.000 t', '2.500.000'),
(1191, 411, 3, '500 t', '680.000', '10.000 t', '4.000.000'),
(1192, 415, 2, '10 cun', '74.000/cun', '89.000/cun', '89.000/cun'),
(1192, 416, 3, '30 cun', '60.000/cun', '68.000/cun', '68.000/cun'),
(1192, 417, 4, '50 cun', '52.000/cun', '62.000/cun', '62.000/cun'),
(1192, 418, 5, '100 cun', '45.000/cun', '56.000/cun', '56.000/cun'),
(1192, 419, 6, '200 cun', '42.000/cun', '52.000/cun', '52.000/cun'),
(1192, 420, 7, '300 cun', '39.000/cun', '50.000/cun', '50.000/cun'),
(1192, 421, 8, '500 cun', '37.000/cun', '48.000/cun', '48.000/cun'),
(1192, 422, 9, '1000 cun', '36.000/cun', '47.000/cun', '47.000/cun'),
(1194, 449, 6, '2.000 t', '1.000/t', '2.400/t', '2.900/t'),
(1193, 442, 9, '1000 cun', '36.000/cun', '47.000/cun', '47.000/cun'),
(1193, 441, 8, '500 cun', '37.000/cun', '48.000/cun', '48.000/cun'),
(1193, 440, 7, '300 cun', '39.000/cun', '50.000/cun', '50.000/cun'),
(1193, 439, 6, '200 cun', '42.000/cun', '52.000/cun', '52.000/cun'),
(1193, 438, 5, '100 cun', '45.000/cun', '56.000/cun', '56.000/cun'),
(1193, 437, 4, '50 cun', '52.000/cun', '62.000/cun', '62.000/cun'),
(1193, 436, 3, '30 cun', '60.000/cun', '68.000/cun', '68.000/cun'),
(1193, 435, 2, '10 cun', '74.000/cun', '89.000/cun', '89.000/cun'),
(1194, 444, 1, '100 t', '1.900/t', '4.200/t', '5.100/t'),
(1194, 445, 2, '200 t', '1.600/t', '3.800/t', '4.700/t'),
(1194, 446, 3, '300 t', '1.600/t', '3.600/t', '4.200/t'),
(1194, 447, 4, '500 t', '1.500/t', '3.000/t', '3.200/t'),
(1194, 448, 5, '1.000 t', '1.200/t', '2.500/t', '3.000/t'),
(1195, 458, 1, '100 t', '2.600/t', '5.100/t', '7.100/t'),
(1195, 463, 6, '2.000 t', '1.400/t', '2.900/t', '4.100/t'),
(1195, 462, 5, '1.000 t', '1.500/t', '3.000/t', '4.400/t'),
(1195, 461, 4, '500 t', '2.000/t', '3.200/t', '4.500/t'),
(1195, 459, 2, '200 t', '2.300/t', '4.700/t', '6.100/t'),
(1195, 460, 3, '300 t', '2.200/t', '4.200/t', '5.100/t'),
(1196, 472, 1, '100 t', '2.600/t', '4.600/t', '7.500/t'),
(1196, 477, 6, '2.000 t', '1.400/t', '2.700/t', '4.300/t'),
(1196, 476, 5, '1.000 t', '1.500/t', '2.800/t', '4.500/t'),
(1196, 475, 4, '500 t', '2.000/t', '2.900/t', '4.700/t'),
(1196, 473, 2, '200 t', '2.300/t', '4.200/t', '6.400/t'),
(1196, 474, 3, '300 t', '2.200/t', '3.800/t', '5.200/t'),
(1194, 443, 0, '50 t', '2.100/t', '5.300/t', '6.300/t'),
(1195, 457, 0, '50 t', '3.000/t', '6.300/t', '8.000/t'),
(1196, 471, 0, '50 t', '3.000/t', '5.200/t', '8.000/t'),
(1197, 486, 1, '100 t', '6.200/t', '3.800/t', '7.100/t'),
(1197, 487, 2, '200 t', '5.400/t', '3.600/t', '6.100/t'),
(1197, 488, 3, '300 t', '4.800/t', '3.200/t', '5.100/t'),
(1197, 489, 4, '500 t', '3.900/t', '2.800/t', '4.500/t'),
(1197, 490, 5, '1.000 t', '3.800/t', '2.200/t', '4.400/t'),
(1197, 485, 0, '50 t', '7.000/t', '4.700/t', '8.000/t'),
(1200, 513, 0, '100 th', '540/th', '750/th', '1.900/th'),
(1200, 517, 4, '2.000 th', '370/th', '490/th', '990/th'),
(1200, 516, 3, '1.000 th', '540/th', '520/th', '1.180/th'),
(1200, 515, 2, '500 th', '470/th', '560/th', '1.490/th'),
(1200, 514, 1, '300 th', '480/th', '640/th', '1.600/th'),
(1198, 499, 0, '100 chic', '2.000/chic', '3.000/chic', '6.000/chic'),
(1198, 500, 1, '300 chic', '1.800/chic', '2.500/chic', '5.500/chic'),
(1198, 501, 2, '500 chic', '1.500/chic', '2.200/chic', '5.000/chic'),
(1198, 502, 3, '1.000 chic', '1.300/chic', '1.800/chic', '4.500/chic'),
(1198, 503, 4, '5.000 chic', '1.200/chic', '1.500/chic', '4.000/chic'),
(1200, 518, 5, '3.000 th', '330/th', '390/th', '990/th'),
(1200, 519, 6, '5.000 th', '280/th', '330/th', '980/th'),
(1201, 527, 0, '100 th', '540/th', '750/th', '1.900/th'),
(1201, 528, 1, '300 th', '480/th', '640/th', '1.600/th'),
(1201, 529, 2, '500 th', '470/th', '560/th', '1.490/th'),
(1199, 511, 2, '3.000 chic', '900/chic', '1.100/chic', '2.000/chic'),
(1199, 512, 3, '5.000 chic', '800/chic', '1.000/chic', '1.900/chic'),
(1199, 509, 0, '1.000 chic', '1.200/chic', '1.500/chic', '3.000/chic'),
(1199, 510, 1, '2.000 chic', '1.000/chic', '1.300/chic', '2.500/chic'),
(1201, 530, 3, '1.000 th', '540/th', '520/th', '1.180/th'),
(1201, 531, 4, '2.000 th', '370/th', '490/th', '990/th'),
(1201, 532, 5, '3.000 th', '330/th', '390/th', '990/th'),
(1202, 543, 9, '20.000', '1.600/th', '+1.000/th', '+300/th'),
(1202, 542, 8, '10.000', '1.800/th', '+1.000/th', '+300/th'),
(1202, 541, 7, '5.000', '2.000/th', '+1.000/th', '+300/th'),
(1202, 540, 6, '2.000', '3.000/th', '+1.500/th', '+500/th'),
(1202, 539, 5, '1.000', '4.000/th', '+1.500/th', '+500/th'),
(1202, 538, 4, '500', '5.000/th', '+1.500/th', '+500/th'),
(1202, 537, 3, '200', '6.000/th', '+1.500/th', '+500/th'),
(1202, 536, 2, '100', '7.000/th', '+1.500/th', '+1.000/th'),
(1201, 533, 6, '5.000 th', '280/th', '330/th', '980/th'),
(1197, 491, 6, '2.000 t', '3.600/t', '2.100/t', '4.100/t'),
(1202, 535, 1, '50', '10.000/th', '+2.000/th', '+1.000/th'),
(1202, 534, 0, '20', '15.000/th', '+3.000/th', '+1.000/th'),
(1193, 433, 0, '1 cun', '100.000/cun', '130.000/cun', '150.000/cun'),
(1193, 434, 1, '5 cun', '83.000/cun', '96.000/cun', '96.000/cun'),
(1109, 1, 0, 'T 01 - 05', '70.000/hp', '60.000/hp', '60.000/hp'),
(1187, 361, 6, '> 10 m2', 'gim 5%', '> 50 m2', 'gim 10%'),
(1187, 362, 7, '> 100 m2', 'gim 15%', '> 300 m2', 'gim 20%'),
(1188, 377, 6, 'Gi ct ta', 't 50.000/m2', 'n 300.000/m2', ''),
(1189, 391, 6, '> 10 m2', 'gim 5%', '> 50 m2', 'gim 10%'),
(1189, 392, 7, '> 100 m2', 'gim 15%', '> 300 m2', 'gim 20%'),
(1165, 229, 4, 'A4 (20x30)', '10.000/tm', '15.000/tm', '+5.000/tm'),
(1166, 240, 5, '301-500m', '33.000/m', '37.000/m', '37.000/m2'),
(1167, 252, 5, '301-500m', '46.000/m', '55.000/m', '37.000/m2'),
(1168, 264, 5, '301-500m', '49.000/m', '52.000/m', '49.000/m2'),
(1110, 10, 3, 'T 21 - 50', '75.000/hp', '90.000/hp', '100.000/hp');

-- --------------------------------------------------------

--
-- Table structure for table `field_price_table_repeater`
--

CREATE TABLE `field_price_table_repeater` (
  `pages_id` int(10) UNSIGNED NOT NULL,
  `data` text NOT NULL,
  `count` int(11) NOT NULL,
  `parent_id` int(11) NOT NULL
) ENGINE=MyISAM DEFAULT CHARSET=utf8;

--
-- Dumping data for table `field_price_table_repeater`
--

INSERT INTO `field_price_table_repeater` (`pages_id`, `data`, `count`, `parent_id`) VALUES
(1034, '1109,1110,1115,1137', 4, 1108),
(1035, '1117,1119,1138,1140,1141,1142', 6, 1116),
(1036, '1122,1143,1145,1146', 4, 1121),
(1037, '1147', 1, 1127),
(1149, '1151,1152,1235', 3, 1150),
(1154, '1156,1157', 2, 1155),
(1038, '1160', 1, 1128),
(1162, '1164,1165,1166,1167,1168,1171', 6, 1163),
(1172, '1175,1176,1177,1178', 4, 1173),
(1179, '1181,1184', 2, 1180),
(1185, '1187,1188,1189,1190', 4, 1186),
(1040, '1191', 1, 1129),
(1041, '1192,1193', 2, 1131),
(1045, '1194,1195,1196,1197,1198,1199', 6, 1133),
(1043, '1200,1201', 2, 1134),
(1046, '1202,1204', 2, 1136),
(1205, '1207,1208,1210', 3, 1206),
(1211, '1213,1226,1214,1215,1216', 5, 1212),
(1217, '1219,1220', 2, 1218),
(1221, '1223,1225,1234', 3, 1222),
(1227, '1229', 1, 1228);

-- --------------------------------------------------------

--
-- Table structure for table `field_print_product_cates`
--

CREATE TABLE `field_print_product_cates` (
  `pages_id` int(10) UNSIGNED NOT NULL,
  `data` int(11) NOT NULL,
  `sort` int(10) UNSIGNED NOT NULL
) ENGINE=MyISAM DEFAULT CHARSET=utf8;

--
-- Dumping data for table `field_print_product_cates`
--

INSERT INTO `field_print_product_cates` (`pages_id`, `data`, `sort`) VALUES
(1089, 1088, 0);

-- --------------------------------------------------------

--
-- Table structure for table `field_print_product_cate_teasing_texts`
--

CREATE TABLE `field_print_product_cate_teasing_texts` (
  `pages_id` int(10) UNSIGNED NOT NULL,
  `data` mediumtext NOT NULL
) ENGINE=MyISAM DEFAULT CHARSET=utf8;

-- --------------------------------------------------------

--
-- Table structure for table `field_print_service_cate_teasing_texts`
--

CREATE TABLE `field_print_service_cate_teasing_texts` (
  `pages_id` int(10) UNSIGNED NOT NULL,
  `data` mediumtext NOT NULL
) ENGINE=MyISAM DEFAULT CHARSET=utf8;

--
-- Dumping data for table `field_print_service_cate_teasing_texts`
--

INSERT INTO `field_print_service_cate_teasing_texts` (`pages_id`, `data`) VALUES
(1066, 'heading:XNG 123IN\rcontent:Vi trn 10 nm trong lnh vc in n, chng ti ng hnh cng cc n v thit k in mang n nhng sn phm gi tr v dch v tt nht cho khch hng.\rurl_link_title:Lin h\rurl_link:http://innhanh.123in.vn/lien-he/'),
(1031, 'heading:Heading text\rcontent:Ni dung\rurl_link_title:Lin h\rurl_link:/lien-he-in123/'),
(1084, ''),
(1085, 'heading:Headline\rcontent:Text\rurl_link_title:Not yet\rurl_link:#'),
(1112, ''),
(1111, 'heading:XNG 123IN\rcontent:Vi trn 10 nm trong lnh vc in n, chng ti ng hnh cng cc n v thit k in mang n nhng sn phm gi tr v dch v tt nht cho khch hng.\rurl_link_title:Lin h\rurl_link:http://innhanh.123in.vn/lien-he/'),
(1068, 'heading:XNG 123IN\rcontent:Vi trn 10 nm trong lnh vc in n, chng ti ng hnh cng cc n v thit k in mang n nhng sn phm gi tr v dch v tt nht cho khch hng.\rurl_link_title:Lin h\rurl_link:/lien-he'),
(1067, 'heading:XNG 123IN\rcontent:Vi trn 10 nm trong lnh vc in n, chng ti ng hnh cng cc n v thit k in mang n nhng sn phm gi tr v dch v tt nht cho khch hng.\rurl_link_title:Lin H\rurl_link:/lien-he');

-- --------------------------------------------------------

--
-- Table structure for table `field_print_service_page_cta_text`
--

CREATE TABLE `field_print_service_page_cta_text` (
  `pages_id` int(10) UNSIGNED NOT NULL,
  `data` mediumtext NOT NULL
) ENGINE=MyISAM DEFAULT CHARSET=utf8;

--
-- Dumping data for table `field_print_service_page_cta_text`
--

INSERT INTO `field_print_service_page_cta_text` (`pages_id`, `data`) VALUES
(1149, 'heading:XNG 123IN\rcontent:Vi trn 10 nm trong lnh vc in n, chng ti ng hnh cng cc n v thit k in mang n nhng sn phm gi tr v dch v tt nht cho khch hng.\rurl_link_title:Lin h\rurl_link:/lien-he'),
(1185, 'heading:XNG 123IN\rcontent:Vi trn 10 nm trong lnh vc in n, chng ti ng hnh cng cc n v thit k in mang n nhng sn phm gi tr v dch v tt nht cho khch hng.\rurl_link_title:Lin h\rurl_link:/lien-he'),
(1042, 'heading:XNG 123IN\rcontent:Vi trn 10 nm trong lnh vc in n, chng ti ng hnh cng cc n v thit k in mang n nhng sn phm gi tr v dch v tt nht cho khch hng.\rurl_link_title:Lin h\rurl_link:http://innhanh.123in.vn/lien-he/'),
(1154, 'heading:XNG 123IN\rcontent:Vi trn 10 nm trong lnh vc in n, chng ti ng hnh cng cc n v thit k in mang n nhng sn phm gi tr v dch v tt nht cho khch hng.\rurl_link_title:Lin H\rurl_link:/lien-he'),
(1034, 'heading:XNG 123IN\rcontent:Vi trn 10 nm trong lnh vc in n, chng ti ng hnh cng cc n v thit k in mang n nhng sn phm gi tr v dch v tt nht cho khch hng.\rurl_link_title:Lin H\rurl_link:/lien-he'),
(1035, 'heading:XNG 123IN\rcontent:Vi trn 10 nm trong lnh vc in n, chng ti ng hnh cng cc n v thit k in mang n nhng sn phm gi tr v dch v tt nht cho khch hng.\rurl_link_title:Lin H\rurl_link:http://innhanh.123in.vn/lien-he/'),
(1036, 'heading:XNG 123IN\rcontent:Vi trn 10 nm trong lnh vc in n, chng ti ng hnh cng cc n v thit k in mang n nhng sn phm gi tr v dch v tt nht cho khch hng.\rurl_link_title:Lin H\rurl_link:http://innhanh.123in.vn/lien-he/'),
(1038, 'heading:XNG 123IN\rcontent:Vi trn 10 nm trong lnh vc in n, chng ti ng hnh cng cc n v thit k in mang n nhng sn phm gi tr v dch v tt nht cho khch hng.\rurl_link_title:Lin H\rurl_link:http://innhanh.123in.vn/lien-he/'),
(1040, 'heading:XNG 123IN\rcontent:Vi trn 10 nm trong lnh vc in n, chng ti ng hnh cng cc n v thit k in mang n nhng sn phm gi tr v dch v tt nht cho khch hng.\rurl_link_title:Lin H\rurl_link:http://innhanh.123in.vn/lien-he/'),
(1039, 'heading:XNG 123IN\rcontent:Vi trn 10 nm trong lnh vc in n, chng ti ng hnh cng cc n v thit k in mang n nhng sn phm gi tr v dch v tt nht cho khch hng.\rurl_link_title:Lin H\rurl_link:http://innhanh.123in.vn/lien-he/'),
(1041, 'heading:XNG 123IN\rcontent:Vi trn 10 nm trong lnh vc in n, chng ti ng hnh cng cc n v thit k in mang n nhng sn phm gi tr v dch v tt nht cho khch hng.\rurl_link_title:Lin H\rurl_link:http://innhanh.123in.vn/lien-he/'),
(1045, 'heading:XNG 123IN\rcontent:Vi trn 10 nm trong lnh vc in n, chng ti ng hnh cng cc n v thit k in mang n nhng sn phm gi tr v dch v tt nht cho khch hng.\rurl_link_title:Lin H\rurl_link:http://innhanh.123in.vn/lien-he/'),
(1043, 'heading:XNG 123IN\rcontent:Vi trn 10 nm trong lnh vc in n, chng ti ng hnh cng cc n v thit k in mang n nhng sn phm gi tr v dch v tt nht cho khch hng.\rurl_link_title:Lin H\rurl_link:http://innhanh.123in.vn/lien-he/'),
(1048, 'heading:XNG 123IN\rcontent:Vi trn 10 nm trong lnh vc in n, chng ti ng hnh cng cc n v thit k in mang n nhng sn phm gi tr v dch v tt nht cho khch hng.\rurl_link_title:Lin H\rurl_link:http://innhanh.123in.vn/lien-he/'),
(1046, 'heading:XNG 123IN\rcontent:Vi trn 10 nm trong lnh vc in n, chng ti ng hnh cng cc n v thit k in mang n nhng sn phm gi tr v dch v tt nht cho khch hng.\rurl_link_title:Lin H\rurl_link:http://innhanh.123in.vn/lien-he/'),
(1162, 'heading:XNG 123IN\rcontent:Vi trn 10 nm trong lnh vc in n, chng ti ng hnh cng cc n v thit k in mang n nhng sn phm gi tr v dch v tt nht cho khch hng.\rurl_link_title:Lin H\rurl_link:/lien-he'),
(1172, 'heading:XNG 123IN\rcontent:Vi trn 10 nm trong lnh vc in n, chng ti ng hnh cng cc n v thit k in mang n nhng sn phm gi tr v dch v tt nht cho khch hng.\rurl_link_title:Lin H\rurl_link:/lien-he'),
(1205, 'heading:XNG 123IN\rcontent:Vi trn 10 nm trong lnh vc in n, chng ti ng hnh cng cc n v thit k in mang n nhng sn phm gi tr v dch v tt nht cho khch hng.\rurl_link_title:Lin h\rurl_link:/lien-he'),
(1211, 'heading:XNG 123IN\rcontent:Vi trn 10 nm trong lnh vc in n, chng ti ng hnh cng cc n v thit k in mang n nhng sn phm gi tr v dch v tt nht cho khch hng.\rurl_link_title:Lin h\rurl_link:/lien-he'),
(1217, 'heading:XNG 123IN\rcontent:Vi trn 10 nm trong lnh vc in n, chng ti ng hnh cng cc n v thit k in mang n nhng sn phm gi tr v dch v tt nht cho khch hng.\rurl_link_title:Lin H\rurl_link:http://innhanh.123in.vn/lien-he/'),
(1221, 'heading:XNG 123IN\rcontent:Vi trn 10 nm trong lnh vc in n, chng ti ng hnh cng cc n v thit k in mang n nhng sn phm gi tr v dch v tt nht cho khch hng.\rurl_link_title:Lin h\rurl_link:/lien-he'),
(1227, 'heading:XNG 123IN\rcontent:Vi trn 10 nm trong lnh vc in n, chng ti ng hnh cng cc n v thit k in mang n nhng sn phm gi tr v dch v tt nht cho khch hng.\rurl_link_title:Lin h\rurl_link:/lien-he'),
(1037, 'heading:XNG 123IN\rcontent:Vi trn 10 nm trong lnh vc in n, chng ti ng hnh cng cc n v thit k in mang n nhng sn phm gi tr v dch v tt nht cho khch hng.\rurl_link_title:Lin H\rurl_link:http://innhanh.123in.vn/lien-he/'),
(1236, 'heading:Lin H\rcontent:Qu khch cng c th lin h t hng qua email, hoc tng i nu cn thit.\rurl_link_title:Lin h\rurl_link:/lien-he');

-- --------------------------------------------------------

--
-- Table structure for table `field_process`
--

CREATE TABLE `field_process` (
  `pages_id` int(11) NOT NULL DEFAULT '0',
  `data` int(11) NOT NULL DEFAULT '0'
) ENGINE=MyISAM DEFAULT CHARSET=utf8;

--
-- Dumping data for table `field_process`
--

INSERT INTO `field_process` (`pages_id`, `data`) VALUES
(6, 17),
(3, 12),
(8, 12),
(9, 14),
(10, 7),
(11, 47),
(16, 48),
(300, 104),
(21, 50),
(29, 66),
(23, 10),
(304, 138),
(31, 136),
(22, 76),
(30, 68),
(303, 129),
(2, 87),
(302, 121),
(301, 109),
(28, 76),
(1007, 150),
(1009, 158),
(1011, 159),
(1025, 165),
(1096, 177),
(1233, 181);

-- --------------------------------------------------------

--
-- Table structure for table `field_quote_content`
--

CREATE TABLE `field_quote_content` (
  `pages_id` int(10) UNSIGNED NOT NULL,
  `data` text NOT NULL
) ENGINE=MyISAM DEFAULT CHARSET=utf8;

--
-- Dumping data for table `field_quote_content`
--

INSERT INTO `field_quote_content` (`pages_id`, `data`) VALUES
(1091, 'Nhng khch hng kh tnh nht chnh l ngun hc v i nht ca bn.'),
(1092, 'Nhng iu tuyt vi trong kinh doanh khng bao gi c thc hin bi mt ngi, chng n t c mt tp th.'),
(1093, ' thnh cng, ch cn giao ng ngi ng vic.');

-- --------------------------------------------------------

--
-- Table structure for table `field_quote_writer`
--

CREATE TABLE `field_quote_writer` (
  `pages_id` int(10) UNSIGNED NOT NULL,
  `data` text NOT NULL
) ENGINE=MyISAM DEFAULT CHARSET=utf8;

--
-- Dumping data for table `field_quote_writer`
--

INSERT INTO `field_quote_writer` (`pages_id`, `data`) VALUES
(1091, 'Bill Gates'),
(1092, 'Steve Jobs'),
(1093, 'Warren Buffett');

-- --------------------------------------------------------

--
-- Table structure for table `field_quote_writer_title`
--

CREATE TABLE `field_quote_writer_title` (
  `pages_id` int(10) UNSIGNED NOT NULL,
  `data` text NOT NULL
) ENGINE=MyISAM DEFAULT CHARSET=utf8;

-- --------------------------------------------------------

--
-- Table structure for table `field_repeater_matrix_type`
--

CREATE TABLE `field_repeater_matrix_type` (
  `pages_id` int(10) UNSIGNED NOT NULL,
  `data` int(11) NOT NULL
) ENGINE=MyISAM DEFAULT CHARSET=utf8;

--
-- Dumping data for table `field_repeater_matrix_type`
--

INSERT INTO `field_repeater_matrix_type` (`pages_id`, `data`) VALUES
(1075, 1),
(1076, 1),
(1077, 2),
(1078, 2),
(1079, 2),
(1082, 3),
(1083, 3),
(1081, 3),
(1091, 4),
(1092, 4),
(1093, 4),
(1094, 1),
(1100, 5),
(1101, 5),
(1102, 5),
(1103, 5),
(1104, 5),
(1105, 5),
(1109, 1),
(1110, 1),
(1117, 1),
(1115, 1),
(1118, 1),
(1119, 1),
(1120, 1),
(1122, 1),
(1123, 1),
(1124, 1),
(1146, 1),
(1145, 1),
(1137, 1),
(1138, 1),
(1141, 1),
(1140, 1),
(1142, 1),
(1143, 1),
(1147, 1),
(1148, 1),
(1151, 2),
(1152, 2),
(1156, 2),
(1157, 2),
(1160, 1),
(1161, 1),
(1164, 1),
(1165, 1),
(1166, 1),
(1167, 1),
(1168, 1),
(1175, 1),
(1176, 1),
(1171, 1),
(1177, 1),
(1178, 1),
(1181, 1),
(1187, 1),
(1184, 1),
(1188, 1),
(1189, 1),
(1190, 1),
(1191, 1),
(1192, 1),
(1193, 1),
(1194, 1),
(1195, 1),
(1196, 1),
(1197, 1),
(1198, 1),
(1199, 1),
(1200, 1),
(1201, 1),
(1202, 1),
(1204, 2),
(1207, 2),
(1208, 2),
(1209, 2),
(1210, 2),
(1213, 2),
(1214, 2),
(1215, 2),
(1216, 2),
(1219, 2),
(1220, 2),
(1223, 2),
(1224, 2),
(1225, 2),
(1226, 2),
(1229, 2),
(1234, 2),
(1235, 2);

-- --------------------------------------------------------

--
-- Table structure for table `field_roles`
--

CREATE TABLE `field_roles` (
  `pages_id` int(10) UNSIGNED NOT NULL,
  `data` int(11) NOT NULL,
  `sort` int(10) UNSIGNED NOT NULL
) ENGINE=MyISAM DEFAULT CHARSET=utf8;

--
-- Dumping data for table `field_roles`
--

INSERT INTO `field_roles` (`pages_id`, `data`, `sort`) VALUES
(40, 37, 0),
(41, 37, 0),
(1033, 37, 0),
(41, 38, 2),
(1033, 1032, 1);

-- --------------------------------------------------------

--
-- Table structure for table `field_settings_logo`
--

CREATE TABLE `field_settings_logo` (
  `pages_id` int(10) UNSIGNED NOT NULL,
  `data` mediumtext NOT NULL
) ENGINE=MyISAM DEFAULT CHARSET=utf8;

--
-- Dumping data for table `field_settings_logo`
--

INSERT INTO `field_settings_logo` (`pages_id`, `data`) VALUES
(1174, 'logo_text:In Nhanh\rlogo_slogan:i Tc SX H In Nhanh\rcopy_right_text:L Dch V ca CTY TNHH MTV CA AN, 132 Cng Ha, P. 4, Tn Bnh\rphone_number:1800-6549\remail_address:innhanh@123in.vn');

-- --------------------------------------------------------

--
-- Table structure for table `field_setting_hanna_codes`
--

CREATE TABLE `field_setting_hanna_codes` (
  `pages_id` int(10) UNSIGNED NOT NULL,
  `data` mediumtext NOT NULL
) ENGINE=MyISAM DEFAULT CHARSET=utf8;

--
-- Dumping data for table `field_setting_hanna_codes`
--

INSERT INTO `field_setting_hanna_codes` (`pages_id`, `data`) VALUES
(1174, 'chat_code:[[chatscript]]');

-- --------------------------------------------------------

--
-- Table structure for table `field_sidebar`
--

CREATE TABLE `field_sidebar` (
  `pages_id` int(10) UNSIGNED NOT NULL,
  `data` mediumtext NOT NULL
) ENGINE=MyISAM DEFAULT CHARSET=utf8;

--
-- Dumping data for table `field_sidebar`
--

INSERT INTO `field_sidebar` (`pages_id`, `data`) VALUES
(1024, '<h3>Double click me</h3>\n\n<p>Esca demoveo exputo sagaciter ullamcorper inhibeo ut nimis refoveo praemitto defui ut. Hendrerit ratis dignissim ea eligo. Genitus utinam suscipere caecus ad neque verto at regula saluto esse turpis. Refero autem et nulla ibidem caecus fere acsi plaga in turpis. Nobis sit nunc esse capio suscipit vulpes facilisis brevitas. Pagus odio eros accumsan et interdico nunc abdo eligo epulae.</p>');

-- --------------------------------------------------------

--
-- Table structure for table `field_summary`
--

CREATE TABLE `field_summary` (
  `pages_id` int(10) UNSIGNED NOT NULL,
  `data` mediumtext NOT NULL
) ENGINE=MyISAM DEFAULT CHARSET=utf8;

--
-- Dumping data for table `field_summary`
--

INSERT INTO `field_summary` (`pages_id`, `data`) VALUES
(1, '123in l i tc sn xut n hng in nhanh cho cc Nh Dch V Thit K In n'),
(1082, 'Vi 10 nm kinh nghim sn xut'),
(1083, 'n hng in ngy cng ngn, chng ti mong mun l ngi dn u trong sn xut n hng nh cho cc nh DV TKI.'),
(1081, 'Chnh trc l nim tin v mc tiu ca chng ti trong hot ng doanh nghip.'),
(1004, 'Mos erat reprobo in praesent, mara premo, obruo iustum pecus velit lobortis te sagaciter populus.'),
(1005, 'S  web site nh sau'),
(1002, 'Cc nh Dch V Thit K In lun tm cho mnh ni sn xut cc n hng in, 123in l mt n v sn xut cc n hng in full thnh phm chc chn p ng c nhng g qu khch mun.'),
(1024, 'If you are logged in with edit access, pages using the basic-page-edit template (like this one) are editable on the front-end.'),
(1029, 'Cha mc blog'),
(1069, 'Sum Danh mc dch v in'),
(1077, 'S dng h thng my in v thnh phm chuyn dng, cng ngh tin tin nht, quy trnh thnh phm khp kn. Cam kt ng mu, thnh phm t thm m cao.'),
(1078, 'Sn xut n hng giao ng hn, h tr cc in gp. Giao hng tn ni trong ni thnh TPHCM.'),
(1079, 'Thnh phm trn gi ti ch, tit kim thi gian, sn xut n hng theo nhu cu.'),
(1001, 'Tm tt dch v'),
(1089, 'Danh thip cn mng 2 mt'),
(1086, 'Summaary'),
(1088, 'Summary'),
(1149, 'Khi qu khch mun in theo trang'),
(1067, 'Khi qu khc mun in theo trang, tnh ring cc phn gia cng thnh phm, customize theo yu cu ring.'),
(1066, 'Khi qu khc mun t in nhanh theo sn phm trn gi, giy, thnh phm c bn.'),
(1111, 'Khi qu khc mun gia cng thnh phm t cc ngun in offset, qu khch c th mang ti xng chng ti gia cng.'),
(1068, 'Khi qu khc mun t in cc n phm qung co, truyn thng nh Poster, Standee, Formex'),
(1065, 'n phm vn phng, qung co, marketing in bng k thut s l xu hng ngy nay. Chng ti p ng mt cch tt nht qu khch lm dch v DV Thit K In.');

-- --------------------------------------------------------

--
-- Table structure for table `field_table_3col`
--

CREATE TABLE `field_table_3col` (
  `pages_id` int(10) UNSIGNED NOT NULL,
  `data` int(10) UNSIGNED NOT NULL,
  `sort` int(10) UNSIGNED NOT NULL,
  `column_01` text,
  `column_02` text,
  `column_03` text
) ENGINE=MyISAM DEFAULT CHARSET=utf8;

--
-- Dumping data for table `field_table_3col`
--

INSERT INTO `field_table_3col` (`pages_id`, `data`, `sort`, `column_01`, `column_02`, `column_03`) VALUES
(1151, 1, 0, '1 -> 10', '20.000/trang', ''),
(1152, 11, 6, '800  trang', '1.350.000', '1.450'),
(1152, 10, 5, '500 trang', '750.000', '1.500'),
(1152, 9, 4, '400 trang', '650.000', '1.625'),
(1152, 8, 3, '300 trang', '555.000', '1.850'),
(1152, 7, 2, '200 trang', '450.000', '2.250'),
(1152, 5, 0, '50 trang', '200.000', '4000'),
(1152, 6, 1, '100 trang', '300.000', '3.000'),
(1151, 2, 1, '11->50', '5.000/trang', ''),
(1156, 14, 0, 'T 01->05', '70.000/h', ''),
(1156, 15, 1, 'T 06->10', '60.000/h', ''),
(1157, 19, 2, 'In lt trng, chng 4 mu 1M', '150.000/hp', 'Ch nhn in 1 mt'),
(1157, 17, 0, 'In 01 mu trng 1M', '80.000/hp', ''),
(1157, 18, 1, 'In 01 mu trng 2M', '100.000/hp', ''),
(1204, 20, 0, '20', '15.000/th', '+2.000/th'),
(1204, 21, 1, '50', '10.000/th', '+2.000/th'),
(1204, 22, 2, '100', '9.000/th', '+1.000/th'),
(1204, 23, 3, '200', '8.000/th', '+500/th'),
(1204, 24, 4, '500', '7.000/th', '+500/th'),
(1204, 25, 5, '1.000', '6.000/th', '+500/th'),
(1204, 26, 6, '2.000', '5.000/th', '+500/th'),
(1204, 27, 7, '5.000', '4.000/th', '+500/th'),
(1204, 28, 8, '10.000', '3.000/th', '+500/th'),
(1204, 29, 9, '20.000', '2.000/th', '+500/th'),
(1208, 35, 2, '501 tr i', '500', '/t'),
(1209, 41, 2, '1>>300', 'Min ph', ''),
(1210, 47, 2, 'Gi p', '500', '/ t'),
(1213, 50, 2, '11 >> tr ln', '3.000/cun', ''),
(1214, 54, 0, 'Ph ln bi', '200.000', ''),
(1215, 62, 2, '6 >>tr ln', '8.000/cun', ''),
(1216, 66, 0, 'Ph ln bi', '300.000', ''),
(1207, 31, 1, '1 >> 100', 'Min ph', ''),
(1219, 69, 0, '', '', ''),
(1219, 70, 1, '', '', ''),
(1219, 71, 2, '', '', ''),
(1220, 77, 2, '', '', ''),
(1220, 76, 1, '', '', ''),
(1220, 75, 0, '', '', ''),
(1207, 32, 2, '101 >> 1000', '500', '/t'),
(1207, 78, 3, 'T 1001 tr ln', '400', '/t'),
(1208, 34, 1, '1 >> 500', 'Min ph', '/t'),
(1208, 33, 0, 'Ph c nh', '200.000', ''),
(1209, 101, 3, 'S t 301', '500', '/t'),
(1223, 81, 1, 'Ph khun', 'Theo kch thc', ''),
(1224, 87, 1, 'B vung, ch nht', '/', ''),
(1225, 93, 1, 'Ph khoan', '10.000/l', ''),
(1226, 99, 1, '1>>10 cun', 'Min ph', 'Min ph'),
(1207, 30, 0, 'Ph c nh', '100.000', ''),
(1208, 79, 3, 'L 1 - 10', '20.000', '/t'),
(1209, 39, 0, 'Ph ln khun', '300.000', ''),
(1209, 40, 1, 'Ph khun', 'Theo kch thc', ''),
(1210, 46, 1, 'Ph khun', '1.000', '/ cm2'),
(1210, 45, 0, 'Ln khun', '200.000', ''),
(1214, 55, 1, '1 >>5', 'Min ph', ''),
(1214, 56, 2, '6 >>tr ln', '3.000/cun', ''),
(1215, 61, 1, '1 >>10', 'Min ph', ''),
(1215, 60, 0, 'Ph ln bi', '300.000', ''),
(1216, 67, 1, 'S cun ti a 200 cun', '', ''),
(1213, 49, 1, '1 >> 10', 'min ph', ''),
(1223, 82, 2, '1>>300', 'Min ph', ''),
(1223, 102, 3, 'S t 301', '500/t', ''),
(1224, 86, 0, 'Ph ln bi', '50.000', ''),
(1225, 92, 0, 'Ph ln bi', '50.000', ''),
(1223, 80, 0, 'Ph ln khun', '300.000', ''),
(1151, 3, 2, '51->up', '2.500/trang', ''),
(1226, 100, 2, '11>>', '9.000/cun', '8.000/cun'),
(1229, 103, 0, 'Ph ln bi', '200.000', '300.000'),
(1213, 48, 0, 'Ph ln bi', '150.000', ''),
(1226, 98, 0, 'Ph ln bi', '100.000', '100.000'),
(1235, 122, 0, 'Ph ln bi in', '250.000', ''),
(1235, 123, 1, 'Ti thiu 1000 trang', '1.100/trang', ''),
(1225, 94, 2, '', '', ''),
(1156, 16, 2, 'T 11->>', '50.000/h', ''),
(1229, 104, 1, '500', 'Lin h', 'Lin h'),
(1229, 105, 2, '1000', 'Lin h', 'Lin h'),
(1229, 106, 3, '1500', 'Lin h', 'Lin h'),
(1229, 107, 4, '2000', 'Lin h', 'Lin h'),
(1229, 108, 5, '2500', 'Lin h', 'Lin h'),
(1229, 109, 6, '3000', 'Lin h', 'Lin h'),
(1234, 116, 0, 'Gi ct', '5.000/ng', ''),
(1234, 117, 1, '', 'Theo kch thc', ''),
(1234, 118, 2, '', '', ''),
(1235, 124, 2, 'Ti thiu 3000 trang', '1.000/trang', ''),
(1235, 125, 3, 'Ti thiu 5000 trang', '950/trang', ''),
(1224, 88, 2, 'B trn, oval', '/', ''),
(1224, 126, 3, 'B Zizac', '/', ''),
(1229, 110, 7, '4000', 'Lin h', 'Lin h'),
(1229, 111, 8, '5000 -> 100.000 t', 'Lin h', 'Lin h');

-- --------------------------------------------------------

--
-- Table structure for table `field_table_bottom_content`
--

CREATE TABLE `field_table_bottom_content` (
  `pages_id` int(10) UNSIGNED NOT NULL,
  `data` mediumtext NOT NULL
) ENGINE=MyISAM DEFAULT CHARSET=utf8;

--
-- Dumping data for table `field_table_bottom_content`
--

INSERT INTO `field_table_bottom_content` (`pages_id`, `data`) VALUES
(1109, '<p><small>Bo gc: +10.000/hp<br />\nIn giy khch: 100.000/hp<br />\nBo gi cha bao gm Vat 10%, min ph vn chuyn vi n hng &gt;1 triu, bn knh 5 km.</small></p>'),
(1110, '<p><small>Bo gc: +10.000/hp<br />\nIn giy khch: 100.000/hp<br />\nBo gi cha bao gm Vat 10%, min ph vn chuyn vi n hng &gt;1 triu, bn knh 5 km.</small></p>'),
(1117, '<p><small>Bo gi cha bao gm Vat 10%, min ph vn chuyn vi n hng &gt;1 triu, bn knh 5 km.</small></p>'),
(1119, '<p><small>Bo gi cha bao gm Vat 10%, min ph vn chuyn vi n hng &gt;1 triu, bn knh 5 km.</small></p>'),
(1115, '<p><small>Danh thip loi bi 2 lp, 3 lp s lng ti thiu l 3 hp<br />\nDanh thip bi 2-3 lp c th l giy khc nhau hoc ging nhau<br />\nBo gi cha bao gm Vat 10%, min ph vn chuyn vi n hng &gt;1 triu, bn knh 5 km.</small></p>'),
(1137, '<p><small>Danh thip in mc c bit s dng giy MT cao cp, b mt nhn.<br />\nS lng in ti thiu 3 hp / 1 n hng, ly card sau 24 gi.<br />\nBo gi cha bao gm Vat 10%, min ph vn chuyn vi n hng &gt;1 triu, bn knh 5 km.</small></p>'),
(1138, '<p><small>Bo gi cha bao gm Vat 10%, min ph vn chuyn vi n hng &gt;1 triu, bn knh 5 km.</small></p>'),
(1140, '<p><small>Bo gi cha bao gm Vat 10%, min ph vn chuyn vi n hng &gt;1 triu, bn knh 5 km.</small></p>'),
(1141, '<p><small>Bo gi cha bao gm Vat 10%, min ph vn chuyn vi n hng &gt;1 triu, bn knh 5 km.</small></p>'),
(1142, '<p><small>Bo gi cha bao gm Vat 10%, min ph vn chuyn vi n hng &gt;1 triu, bn knh 5 km.</small></p>'),
(1122, '<p><small>Bo gi cha bao gm Vat 10%, min ph vn chuyn vi n hng &gt;1 triu, bn knh 5 km.</small></p>'),
(1143, '<p><small>Bo gi cha bao gm Vat 10%, min ph vn chuyn vi n hng &gt;1 triu, bn knh 5 km.</small></p>'),
(1145, '<p><small>Bo gi cha bao gm Vat 10%, min ph vn chuyn vi n hng &gt;1 triu, bn knh 5 km.</small></p>'),
(1146, '<p><small>Bo gi cha bao gm Vat 10%, min ph vn chuyn vi n hng &gt;1 triu, bn knh 5 km.</small></p>'),
(1147, '<p><small>Nng cp tai ci dng hp  + thm10%<br />\nBo gi cha bao gm Vat 10%, min ph vn chuyn vi n hng &gt;1 triu, bn knh 5 km.</small></p>'),
(1148, '<p><small>Nng cp tai ci dng hp  + thm10%<br />\nBo gi cha bao gm Vat 10%, min ph vn chuyn vi n hng &gt;1 triu, bn knh 5 km.</small></p>'),
(1151, '<p>Bng gi cha bao gm VAT 10%</p>'),
(1152, '<p>Gi cha bao gm VAT 10%</p>'),
(1156, '<p>Bo gc: +10.000/hp<br />\nIn giy khch: 100.000/hp<br />\nBo gi cha bao gm Vat 10%, min ph vn chuyn vi n hng &gt;1 triu, bn knh 5 km.</p>'),
(1157, '<p>In mc trng hoc lt trngtrn cc loi giy mu m: en, , xanh, vnh v.v.<br />\nGiy khch: 150.000/hp.<br />\nBo gi cha bao gm Vat 10%, min ph vn chuyn vi n hng &gt;1 triu, bn knh 5 km.</p>'),
(1160, '<p><small>Bo gi cha bao gm Vat 10%, min ph vn chuyn vi n hng &gt;1 triu, bn knh 5 km.</small></p>'),
(1161, '<p><small>Bo gi cha bao gm Vat 10%, min ph vn chuyn vi n hng &gt;1 triu, bn knh 5 km.</small></p>'),
(1164, '<p><small>Bo gi cha bao gm Vat 10%, min ph vn chuyn vi n hng &gt;1 triu, bn knh 5 km.</small></p>'),
(1165, '<p><small>Bo gi cha bao gm Vat 10%, min ph vn chuyn vi n hng &gt;1 triu, bn knh 5 km.</small></p>'),
(1166, '<p><small>Bo gi cha bao gm Vat 10%, min ph vn chuyn vi n hng &gt;1 triu, bn knh 5 km.</small></p>'),
(1167, '<p><small>Bo gi cha bao gm Vat 10%, min ph vn chuyn vi n hng &gt;1 triu, bn knh 5 km.</small></p>'),
(1168, '<p><small>Bo gi cha bao gm Vat 10%, min ph vn chuyn vi n hng &gt;1 triu, bn knh 5 km.</small></p>'),
(1175, '<p><small>Bo gi cha bao gm Vat 10%, min ph vn chuyn vi n hng &gt;1 triu, bn knh 5 km.</small></p>'),
(1171, '<p><small>Bo gi cha bao gm Vat 10%, min ph vn chuyn vi n hng &gt;1 triu, bn knh 5 km.</small></p>'),
(1176, '<p><small>Bo gi cha bao gm Vat 10%, min ph vn chuyn vi n hng &gt;1 triu, bn knh 5 km.</small></p>'),
(1177, '<p><small>Bo gi cha bao gm Vat 10%, min ph vn chuyn vi n hng &gt;1 triu, bn knh 5 km.</small></p>'),
(1178, '<p><small>Bo gi cha bao gm Vat 10%, min ph vn chuyn vi n hng &gt;1 triu, bn knh 5 km.</small></p>'),
(1181, '<p><small>Bo gi cha bao gm Vat 10%, min ph vn chuyn vi n hng &gt;2 triu, bn knh 5 km.</small></p>'),
(1184, '<p><small>Bo gi cha bao gm Vat 10%, min ph vn chuyn vi n hng &gt;2 triu, bn knh 5 km.</small></p>'),
(1187, '<p><small>Bo gi cha bao gm Vat 10%, min ph vn chuyn vi n hng &gt;1 triu, bn knh 5 km.</small></p>'),
(1188, '<p><small>Bo gi cha bao gm Vat 10%, min ph vn chuyn vi n hng &gt;1 triu, bn knh 5 km.</small></p>'),
(1189, '<p><small>Bo gi cha bao gm Vat 10%, min ph vn chuyn vi n hng &gt;1 triu, bn knh 5 km.</small></p>'),
(1190, '<p><small>Bo gi cha bao gm Vat 10%, min ph vn chuyn vi n hng &gt;1 triu, bn knh 5 km.</small></p>'),
(1191, '<p><small>Bo gi cha bao gm Vat 10%, min ph vn chuyn vi n hng &gt;1 triu, bn knh 5 km.</small></p>'),
(1192, '<p><small>Nng cp ln  bi giy m thut, in hoc p nh ni dung.</small></p>'),
(1193, '<p><small>Nng cp ln  bi giy m thut, in hoc p nh ni dung.</small></p>'),
(1194, '<p><small>Bo gi cha bao gm Vat 10%, min ph vn chuyn vi n hng &gt;1 triu, bn knh 5 km.</small></p>'),
(1195, '<p><small>Bo gi cha bao gm Vat 10%, min ph vn chuyn vi n hng &gt;1 triu, bn knh 5 km.</small></p>'),
(1196, '<p><small>Bo gi cha bao gm Vat 10%, min ph vn chuyn vi n hng &gt;1 triu, bn knh 5 km.</small></p>'),
(1197, '<p><small>Bo gi cha bao gm Vat 10%, min ph vn chuyn vi n hng &gt;1 triu, bn knh 5 km.</small></p>'),
(1198, '<p><small>Bo gi cha bao gm Vat 10%, min ph vn chuyn vi n hng &gt;1 triu, bn knh 5 km.</small></p>'),
(1199, '<p><small>Bo gi cha bao gm Vat 10%, min ph vn chuyn vi n hng &gt;1 triu, bn knh 5 km.</small></p>'),
(1200, '<p><small>Bo gi cha bao gm Vat 10%, min ph vn chuyn vi n hng &gt;1 triu, bn knh 5 km.</small></p>'),
(1201, '<p><small>Bo gi cha bao gm Vat 10%, min ph vn chuyn vi n hng &gt;1 triu, bn knh 5 km.</small></p>'),
(1202, '<p><small>Nng cp ln phi nh nh kim + 1.000/th.</small></p>\n\n<p><small>Min ph vn chuyn vi n hng c gi tr trn 1.000.000 vn vi ni thnh HCM di 5km.</small></p>'),
(1204, '<p><small>Nng cp ln phi nh nh kim + 1.000/th.</small></p>\n\n<p><small>Min ph vn chuyn vi n hng c gi tr trn 1.000.000 vn vi ni thnh HCM di 5km.</small></p>'),
(1223, '<p><small>Bng gi cha bao gm VAT 10%.</small></p>'),
(1207, '<p><small>Bo gi cha bao gm Vat 10%.</small></p>'),
(1213, '<p><small>Bo gi cha bao gm Vat 10%.</small></p>'),
(1219, '<p>Bottom</p>'),
(1220, '<p>Bottom</p>'),
(1224, '<p>Di</p>'),
(1225, '<p>Gi cha bao gm 10% VAT</p>'),
(1226, '<p>Bo gi cha bao gm Vat 10%.</p>'),
(1208, '<p><small>Bo gi cha bao gm Vat 10%.</small></p>'),
(1209, '<p><small>Bo gi cha bao gm Vat 10%.</small></p>'),
(1210, '<p><small>Bo gi cha bao gm Vat 10%.</small></p>'),
(1214, '<p><small>Bo gi cha bao gm Vat 10%.</small></p>'),
(1215, '<p><small>Bo gi cha bao gm Vat 10%.</small></p>'),
(1216, '<p><small>Bo gi cha bao gm Vat 10%.</small></p>'),
(1229, '<p>V gi khun,  phc tp qu khch vui lng lin h.</p>'),
(1234, '<p><small>Bng gi cha bao gm VAT 10%.</small></p>'),
(1235, '<p>Bng gi cha bao gm VAT 10%</p>');

-- --------------------------------------------------------

--
-- Table structure for table `field_table_heading_3c`
--

CREATE TABLE `field_table_heading_3c` (
  `pages_id` int(10) UNSIGNED NOT NULL,
  `data` mediumtext NOT NULL
) ENGINE=MyISAM DEFAULT CHARSET=utf8;

--
-- Dumping data for table `field_table_heading_3c`
--

INSERT INTO `field_table_heading_3c` (`pages_id`, `data`) VALUES
(1151, 'column_01:Mc Trang\rcolumn_02:Gi ()\rcolumn_03:Ghi ch'),
(1152, 'column_01:Gi trang\rcolumn_02:Thnh tin\rcolumn_03:Gi TB/Trang A4'),
(1156, 'column_01:S lng\rcolumn_02:n gi\rcolumn_03:Ghi ch'),
(1157, 'column_01:Din gii\rcolumn_02:N GI\rcolumn_03:GHI CH'),
(1204, 'column_01:S lng\rcolumn_02:In 1 mt thng tin\rcolumn_03:In 2 mt in ni quy'),
(1207, 'column_01:Mc\rcolumn_02:Gi ()\rcolumn_03:Ghi ch'),
(1208, 'column_01:Mc\rcolumn_02:Gi ()\rcolumn_03:Ghi ch'),
(1209, 'column_01:Mc\rcolumn_02:GI ()\rcolumn_03:Ghi ch'),
(1210, 'column_01:Mc\rcolumn_02:GI ()\rcolumn_03:Ghi ch'),
(1213, 'column_01:Mc\rcolumn_02:Gi ()\rcolumn_03:Ghi ch'),
(1214, 'column_01:Mc\rcolumn_02:Gi ()\rcolumn_03:Ghi ch'),
(1215, 'column_01:Mc\rcolumn_02:Gi ()\rcolumn_03:Ghi ch'),
(1216, 'column_01:Mc\rcolumn_02:Gi ()\rcolumn_03:Ghi ch'),
(1219, 'column_01:Mc\rcolumn_02:Gi ()\rcolumn_03:Ghi ch'),
(1220, 'column_01:Mc\rcolumn_02:Gi ()\rcolumn_03:Ghi ch'),
(1223, 'column_01:Mc\rcolumn_02:Gi ()\rcolumn_03:Ghi Ch'),
(1224, 'column_01:Mc\rcolumn_02:Gi ()\rcolumn_03:Ghi Ch'),
(1225, 'column_01:Mc\rcolumn_02:Gi ()\rcolumn_03:Ghi Ch'),
(1226, 'column_01:Mc\rcolumn_02:Gy A4\rcolumn_03:Gy A4'),
(1229, 'column_01:Mc\rcolumn_02:p kim\rcolumn_03:p kim ni'),
(1234, 'column_01:Mc\rcolumn_02:Gi ()\rcolumn_03:Ghi Ch'),
(1235, 'column_01:Mc Trang\rcolumn_02:Gi ()\rcolumn_03:Ghi ch');

-- --------------------------------------------------------

--
-- Table structure for table `field_table_heading_4c`
--

CREATE TABLE `field_table_heading_4c` (
  `pages_id` int(10) UNSIGNED NOT NULL,
  `data` mediumtext NOT NULL
) ENGINE=MyISAM DEFAULT CHARSET=utf8;

--
-- Dumping data for table `field_table_heading_4c`
--

INSERT INTO `field_table_heading_4c` (`pages_id`, `data`) VALUES
(1109, 'column_01:S lng\rcolumn_02:Couche 300gsm\rcolumn_03:Offset 250gsm\rcolumn_04:Kraft nu 250gsm'),
(1110, 'column_01:S lng\rcolumn_02:Giy MT Cream\rcolumn_03:Giy MT nh trai\rcolumn_04:Giy MT Cao cp'),
(1137, 'column_01:S lng\rcolumn_02:Giy MT + in mc nh\rcolumn_03:Giy MT + in mc trng\rcolumn_04:Giy MT + in mc trong'),
(1118, ''),
(1117, 'column_01:S lng\rcolumn_02:Giy C150gsm\rcolumn_03:Giy C200gsm\rcolumn_04:Giy C250gsm'),
(1115, 'column_01:S lng\rcolumn_02:Nha trng 280gsm\rcolumn_03:Giy MT Cao cp Bi 2 lp\rcolumn_04:Giy MT Cao cp Bi 3 lp'),
(1120, ''),
(1119, 'column_01:S lng\rcolumn_02:Giy C150gsm\rcolumn_03:Giy C200gsm\rcolumn_04:Giy C250gsm'),
(1123, ''),
(1124, ''),
(1122, 'column_01:S lng\rcolumn_02:5 cun\rcolumn_03:20 cun\rcolumn_04:50 cun'),
(1138, 'column_01:S lng\rcolumn_02:Giy C150gsm\rcolumn_03:Giy C200gsm\rcolumn_04:Giy C250gsm'),
(1140, 'column_01:S lng\rcolumn_02:Giy C150gsm\rcolumn_03:Giy C200gsm\rcolumn_04:Giy C250gsm'),
(1141, 'column_01:S lng\rcolumn_02:Giy C150gsm\rcolumn_03:Giy C200gsm\rcolumn_04:Giy C250gsm'),
(1142, 'column_01:S lng\rcolumn_02:Giy C150gsm\rcolumn_03:Giy C200gsm\rcolumn_04:Giy C250gsm'),
(1143, 'column_01:S lng\rcolumn_02:100 cun\rcolumn_03:300 cun\rcolumn_04:500 cun'),
(1145, 'column_01:S lng\rcolumn_02:5 cun\rcolumn_03:10 cun\rcolumn_04:30 cun'),
(1146, 'column_01:S lng\rcolumn_02:50 cun\rcolumn_03:100 cun\rcolumn_04:200 cun'),
(1147, 'column_01:S lng\rcolumn_02:A4 gp 2 In 1 mt Cn 1 mt\rcolumn_03:A4 gp 2 In 2 mt Cn 1 mt\rcolumn_04:A4 gp 3 In 2 mt Cn 1 mt'),
(1148, 'column_01:S lng\rcolumn_02:A4 gp 2 In 1 mt Cn 1 mt\rcolumn_03:A4 gp 2 In 2 mt Cn 1 mt\rcolumn_04:A4 gp 3 In 2 mt Cn 1 mt'),
(1160, 'column_01:S lng\rcolumn_02:Kh A6 12x22 120gsm\rcolumn_03:Kh A5 16x23 120gsm\rcolumn_04:Kh A4 25x34 140gsm'),
(1161, 'column_01:S lng\rcolumn_02:Kh A6 12x22 120gsm\rcolumn_03:Kh A5 16x23 120gsm\rcolumn_04:Kh A4 25x34 140gsm'),
(1164, 'column_01:Kh in PP\rcolumn_02:Cn mng Decal PP\rcolumn_03:Cn mng Nng cp\rcolumn_04:Cn keo 2 mt'),
(1165, 'column_01:Kh in PP\rcolumn_02:Cn mng Decal PP\rcolumn_03:Cn mng Nng cp\rcolumn_04:Cn keo 2 mt'),
(1166, 'column_01:Kh in PP\rcolumn_02:Rng 0.914m\rcolumn_03:Rng 1.070m\rcolumn_04:Quy i m2'),
(1167, 'column_01:Kh in PP\rcolumn_02:Rng 1.270m\rcolumn_03:Rng 1.520m\rcolumn_04:Quy i m2'),
(1168, 'column_01:Kh in PP\rcolumn_02:Rng 0.914m\rcolumn_03:Rng 1.070m\rcolumn_04:Quy i m2'),
(1175, 'column_01:Kch c\rcolumn_02:01 tm\rcolumn_03:02-14 tm\rcolumn_04:trn 15 tm'),
(1171, 'column_01:Kh in PP\rcolumn_02:Rng 1.270m\rcolumn_03:Rng 1.520m\rcolumn_04:Quy i m2'),
(1176, 'column_01:Kch c\rcolumn_02:01 tm\rcolumn_03:02-14 tm\rcolumn_04:trn 15 tm'),
(1177, 'column_01:Kch c\rcolumn_02:01 tm\rcolumn_03:02-14 tm\rcolumn_04:trn 15 tm'),
(1178, 'column_01:Kch c\rcolumn_02:01 tm\rcolumn_03:02-14 tm\rcolumn_04:trn 15 tm'),
(1181, 'column_01:Kch thc\rcolumn_02:Gi\rcolumn_03:Kch thc\rcolumn_04:Gi'),
(1184, 'column_01:Kch thc\rcolumn_02:Gi\rcolumn_03:Kch thc\rcolumn_04:Gi'),
(1187, 'column_01:Kh in\rcolumn_02:Fomex dy 3mm in 1 mt\rcolumn_03:Fomex dy 5mm in 1 mt\rcolumn_04:Fomex dy 8mm in 1 mt'),
(1188, 'column_01:Kh in\rcolumn_02:Fomex dy 10mm in 1 mt\rcolumn_03:Nng cp kh  ISO\rcolumn_04:Nng cp in 2 mt'),
(1189, 'column_01:Kh in\rcolumn_02:Fomex dy 3mm in 1 mt\rcolumn_03:Fomex dy 5mm in 1 mt\rcolumn_04:Fomex dy 8mm in 1 mt'),
(1190, 'column_01:Kh in\rcolumn_02:Fomex dy 10mm in 1 mt\rcolumn_03:Nng cp kh  ISO Nng cp in 2 mt -\rcolumn_04:Nng cp in 2 mt -'),
(1191, 'column_01:S lng\rcolumn_02:Kh A4 In KTS\rcolumn_03:S lng\rcolumn_04:Kh A4 In Offset'),
(1192, 'column_01:S lng\rcolumn_02:Lch bn 15x21cm\rcolumn_03:Lch bn 15x25cm\rcolumn_04:Lch bn 21x21cm'),
(1193, 'column_01:S lng\rcolumn_02:Lch bn 15x21cm\rcolumn_03:Lch bn 15x25cm\rcolumn_04:Lch bn 21x21cm'),
(1194, 'column_01:QUY CCH\rcolumn_02:Giy mi 10x20cm (t n)\rcolumn_03:Giy mi 10x20cm (m ngang)\rcolumn_04:Giy mi 10x20cm (m i)'),
(1195, 'column_01:QUY CCH\rcolumn_02:Giy mi 15x20cm (t n)\rcolumn_03:Giy mi 15x20cm (m i)\rcolumn_04:Giy mi 15x20cm (m ba)'),
(1196, 'column_01:QUY CCH\rcolumn_02:Giy mi 15x15cm (t n)\rcolumn_03:Giy mi 15x15cm (m i)\rcolumn_04:Giy mi 15x15cm (m ba)'),
(1197, 'column_01:QUY CCH\rcolumn_02:Giy mi 12x24cm (m i)\rcolumn_03:Giy mi 13x18cm (m i)\rcolumn_04:Giy mi 13x18cm (m ba)'),
(1198, 'column_01:QUY CCH\rcolumn_02:Kh A6 12x22cm 120gsm\rcolumn_03:Kh A5 16x23cm 120gsm\rcolumn_04:Kh A4 25x34cm 140gsm'),
(1199, 'column_01:QUY CCH\rcolumn_02:Kh A6 12x22cm 120gsm\rcolumn_03:Kh A5 16x23cm 120gsm\rcolumn_04:Kh A4 25x34cm 140gsm'),
(1200, 'column_01:S lng\rcolumn_02:55x90mm\rcolumn_03:70x100mm\rcolumn_04:70x200mm'),
(1201, 'column_01:S lng\rcolumn_02:80x150mm\rcolumn_03:100x150mm\rcolumn_04:100x200mm'),
(1202, 'column_01:S lng\rcolumn_02:n gi 1 th\rcolumn_03:Dp ni s 1 dng\rcolumn_04:To m vch s nhy');

-- --------------------------------------------------------

--
-- Table structure for table `field_table_top_content`
--

CREATE TABLE `field_table_top_content` (
  `pages_id` int(10) UNSIGNED NOT NULL,
  `data` mediumtext NOT NULL
) ENGINE=MyISAM DEFAULT CHARSET=utf8;

--
-- Dumping data for table `field_table_top_content`
--

INSERT INTO `field_table_top_content` (`pages_id`, `data`) VALUES
(1109, '<p><small>In mu 2 mt, 90x55mm, 100 card/hp nha, ly sau 8 gi</small></p>'),
(1110, '<p><small>In mu 2 mt, 90x55mm, 100 card/hp nha, ly sau 8 gi</small></p>'),
(1117, '<p><small>In laser k thuts,a sc mu, ly t 1 - 24 gi</small></p>'),
(1115, '<p><small>In mu 2 mt, 90x55mm, 100 card/hp nha, ly sau 6 - 48 gi</small></p>'),
(1119, '<p><small>In laser k thuts,a sc mu, ly t 1 - 24 gi</small></p>'),
(1122, '<p><small>Ba giy Couche 250gsm,Rut giy Couche 150gsm, in 2 mt.</small></p>\n\n<p><small>Ba cn m hoc bng mt ngoi, ng quyn ghim lng.</small></p>'),
(1137, '<p><small>In mu 2 mt, 90x55mm, 100 card/hp nha, ly sau 24 gi</small></p>'),
(1138, '<p><small>In laser k thuts,a sc mu, ly t 1 - 24 gi</small></p>'),
(1140, '<p><small>In laser k thuts,a sc mu, ly t 1 - 24 gi</small></p>'),
(1141, '<p><small>In laser k thuts,a sc mu, ly t 1 - 24 gi</small></p>'),
(1142, '<p><small>In laser k thuts,a sc mu, ly t 1 - 24 gi</small></p>'),
(1143, '<p><small>Ba giy Couche 250gsm,Rut giy Couche 150gsm, in 2 mt.</small></p>\n\n<p><small>Ba cn m hoc bng mt ngoi, ng quyn ghim lng.</small></p>'),
(1145, '<p><small>Ba giy Couche 250gsm,Rut giy Couche 150gsm, in 2 mt.</small></p>\n\n<p><small>Ba cn m hoc bng mt ngoi, ng quyn ghim lng.</small></p>'),
(1146, '<p><small>Ba giy Couche 250gsm,Rut giy Couche 150gsm, in 2 mt.</small></p>\n\n<p><small>Ba cn m hoc bng mt ngoi, ng quyn ghim lng.</small></p>'),
(1147, '<p><small>Giy tiu chun Couche 300gsm cn m,c 1 tai ci bn phi.</small></p>'),
(1148, '<p><small>Giy tiu chun Couche 300gsm cn m,c 1 taici bn phi.</small></p>'),
(1151, '<p>In l, giy kh nh Conqueror</p>'),
(1152, '<p>Trn cc loi giy Couche, Fort v M Thut thng thng.</p>'),
(1156, '<p>In mu 2 mt, 90x55mm, 100 card/hp nha, ly sau 6 - 48 gi<br />\nBao gm giy Couche 300gsm hoc Fort 250gsm</p>'),
(1157, '<p>Kch thc 90x55mm, 100 card/hp nha, ly sau 6 - 48 gi. Bao gm giy en 250gsm.</p>'),
(1160, '<p>(In k thut s)<br />\n<small>In 1 mt phong b c sn, in trn np gp, c keo ch</small></p>'),
(1161, '<p><small>In 4 mu, gia cng b dn, in trn np gp, c keo ch</small></p>'),
(1164, '<p><small>Gi cho in s lng t, PP trong nh, cn mng m hoc bng<br />\nThi gian ly hng sau 6 gi lm vic.</small></p>'),
(1165, '<p><small>Gi cho in s lng t, PP trong nh, cn mng m hoc bng<br />\nThi gian ly hng sau 6 gi lm vic.</small></p>'),
(1166, '<p><small>S lng in &lt; 1m di s tnh tin ti thiu = 1m di<br />\n+ 1 chiu tnh theo kh rng vt liu, 1 chiu tnh theo m di<br />\n+ Bo gi  bao gm cn mng BNG hoc M.</small></p>'),
(1167, '<p><small>S lng in &lt; 1m di s tnh tin ti thiu = 1m di<br />\n+ 1 chiu tnh theo kh rng vt liu, 1 chiu tnh theo m di<br />\n+ Bo gi  bao gm cn mng BNG hoc M.</small></p>'),
(1168, '<p><small>S lng in &lt; 1m di s tnh tin ti thiu = 1m di<br />\n+ 1 chiu tnh theo kh rng vt liu, 1 chiu tnh theo m di<br />\n+ Bo gi  bao gm cn mng BNG hoc M.</small></p>'),
(1175, '<p><small>Cht liuPPc cn mng laminate bng hoc m.</small></p>'),
(1176, '<p><small>Cht liu Blacklit c cn mng laminate bng hoc m.</small></p>'),
(1177, '<p><small>Gi cun s dng lu di, chc chn, d dng lp t.</small></p>'),
(1171, '<p><small>S lng in &lt; 1m di s tnh tin ti thiu = 1m di<br />\n+ 1 chiu tnh theo kh rng vt liu, 1 chiu tnh theo m di<br />\n+ Bo gi  bao gm cn mng BNG hoc M.</small></p>'),
(1178, '<p><small>Chn X s dng thi gian ngn, d dng lp t.</small></p>'),
(1187, '<p><small>Quy cch: In decal PP trong nh, cn m hoc bng, bi Fomex.</small></p>'),
(1188, '<p><small>Quy cch: In decal PP trong nh, cn m hoc bng, bi Fomex.</small></p>'),
(1189, '<p><small>Quy cch: In decal PP ngoi tri, cn m hoc bng, bi Fomex</small></p>'),
(1190, '<p><small>Quy cch: In decal PP ngoi tri, cn m hoc bng, bi Fomex</small></p>'),
(1191, '<p><small>In mu 1 mt giy ford 80gsm.<br />\nCht liu giy c th k v ng du khng b nhe.</small></p>'),
(1192, '<p><small> lch bi xi en. ghi, xanh catton 2mm, rut giy C250gsm. Lch  bn 13 t - in 2 mt.</small></p>'),
(1193, '<p><small> lch bi xi en. ghi, xanh catton 2mm, rut giy C250gsm. Lch  bn 13 t - in 2 mt.</small></p>'),
(1194, '<p><small>Giy tiu chun Couche, Ford, Ivory nh lng 250gsm.</small></p>'),
(1195, '<p><small>Giy tiu chun Couche, Ford, Ivory nh lng 250gsm.</small></p>'),
(1196, '<p><small>Giy tiu chun Couche, Ford, Ivory nh lng 250gsm.</small></p>'),
(1197, '<p><small>Giy tiu chun Couche, Ford, Ivory nh lng 250gsm.</small></p>'),
(1198, '<p><small>In 1 mt phong b c sn, in trn np gp, c keo ch.</small></p>'),
(1199, '<p><small>In 4 mu, gia cng b dn, in trn np gp, c keo ch.</small></p>'),
(1200, '<p><small>Giy Couche, Ford, Ivory 250gsm tiu chun.In 4 mu CMYK, in 2 mt, khng bao gm cn.</small></p>'),
(1201, '<p><small>Giy Couche, Ford, Ivory 250gsm tiu chun.In 4 mu CMYK, in 2 mt, khng bao gm cn.</small></p>'),
(1202, '<p><small>Cht liu 100% PVC, p cao tn siu dnh 4 lp<br />\nKch thc: Theo chun ISO/IEC (86x54mm)</small></p>'),
(1204, '<p><small>Bng gi p dng c file maket, d liu y <br />\nScan nh, chnh mu nn cng thm 2.000/nh.</small></p>'),
(1224, '<p>Trn</p>'),
(1213, '<p><small>S trang thng t (di 100 trang). u im ca ng kim l thi gian thnh phm ngn.</small></p>'),
(1219, '<p>Top</p>'),
(1220, '<p>Top</p>'),
(1225, '<p>Trn</p>'),
(1226, '<p>Gy dy 1cm</p>'),
(1214, '<p><small>Phng php ng keo thc hin hon ton trn my vo keo cng nghip, tnh thm m cao, nhanh chng.</small></p>'),
(1215, '<p><small>C th ng rut cunnh lng 150-&gt;250gsm<br />\nPhng php ng keo thc hin hon ton trn my vo keo cng nghip, tnh thm m cao, nhanh chng.</small></p>'),
(1216, '<p>V loi ng cun ny kh phc tp nn qu khch vui lng lin h  nhn bo gi chnh xc.</p>'),
(1229, '<p>p kim thng, p kim + dp ni</p>'),
(1234, '<p>Ct, xn</p>'),
(1235, '<p>Khi qu khch c s lng ln<br />\nIn 1 file  hon thin, 1 loi giy, in cataloque</p>'),
(1208, '<p>Cn 1-&gt;3 ng, rng ca 1 ng.</p>');

-- --------------------------------------------------------

--
-- Table structure for table `field_title`
--

CREATE TABLE `field_title` (
  `pages_id` int(10) UNSIGNED NOT NULL,
  `data` text NOT NULL
) ENGINE=MyISAM DEFAULT CHARSET=utf8;

--
-- Dumping data for table `field_title`
--

INSERT INTO `field_title` (`pages_id`, `data`) VALUES
(11, 'Templates'),
(16, 'Fields'),
(22, 'Setup'),
(3, 'Pages'),
(6, 'Add Page'),
(8, 'Tree'),
(9, 'Save Sort'),
(10, 'Edit'),
(21, 'Modules'),
(29, 'Users'),
(30, 'Roles'),
(2, 'Admin'),
(7, 'Trash'),
(27, '404 Page'),
(302, 'Insert Link'),
(23, 'Login'),
(304, 'Profile'),
(301, 'Empty Trash'),
(300, 'Search'),
(303, 'Insert Image'),
(28, 'Access'),
(31, 'Permissions'),
(32, 'Edit pages'),
(34, 'Delete pages'),
(35, 'Move pages (change parent)'),
(36, 'View pages'),
(50, 'Sort child pages'),
(51, 'Change templates on pages'),
(52, 'Administer users'),
(53, 'User can update profile/password'),
(54, 'Lock or unlock a page'),
(1, 'Trang Ch'),
(1000, 'Search'),
(1001, 'Thng tin'),
(1002, 'V Dch V'),
(1004, 'Child page example 2'),
(1005, 'S  web'),
(1006, 'Use Page Lister'),
(1007, 'Find'),
(1009, 'Recent'),
(1010, 'Can see recently edited pages'),
(1011, 'Logs'),
(1012, 'Can view system logs'),
(1013, 'Can manage system logs'),
(1014, 'Blogs'),
(1015, 'In Name Card p ng Cp Pro Dnh Cho CEO Cp Cao'),
(1016, 'Categories'),
(1017, 'Coffee'),
(1018, 'Card Visit'),
(1019, 'Plants'),
(1020, 'Cats'),
(1021, 'In Card Visit Nhanh, Siu Tc, Giao Tn Ni Ti HCM Ch Trong 1 Ngy'),
(1022, 'Bng gi lm card visit ti xng  In nhanh ly lin trong ngy'),
(1023, 'Use the front-end page editor'),
(1024, 'Front-end editing demo'),
(1025, 'Comments'),
(1026, 'Use the comments manager'),
(1027, 'Recipes'),
(1029, 'Blog'),
(1030, 'Test'),
(1031, 'Danh sch dch v in'),
(1034, 'IN CARD VISIT'),
(1035, 'IN BROCHURE'),
(1036, 'IN CATALOGUE'),
(1037, 'IN BA H S'),
(1038, 'IN BAO TH'),
(1039, 'IN DECAL'),
(1041, 'IN LCH TT - CALENDAR'),
(1042, 'IN MENU - THC N'),
(1043, 'IN VOUCHER'),
(1044, 'Hp giy'),
(1045, 'IN THIP MI'),
(1046, 'IN TH NHA'),
(1047, 'IN PP DECAL - POSTER'),
(1048, 'IN TI GIY'),
(1049, 'Catalogue'),
(1050, 'In Name Card p Kim  Khng nh ng cp thi thng'),
(1051, 'In Name Card p Kim  Khng nh ng cp thi thng'),
(1052, 'In Menu Cafe  n Tng  Hp Dn  Siu Thu Ht Khch Hng'),
(1053, 'Menu'),
(1054, 'a Ch In Menu Bt Vt Chuyn Nghip, Uy Tn Ti TP.HCM'),
(1055, 'In menu nha bn & p bt chp thi gian'),
(1056, 'Thc n Nh Hng Cao Cp In Ti Xng Uy Tn HCM'),
(1057, 'Mu Thc n p im Cng To Nn S Thnh Cng Ca Nh Hng'),
(1058, 'Dch V Thit K & In n Menu Qun n Uy Tn Ti TP.HCM'),
(1059, '50 Mu In Catalogue Khch Sn Sang Trng, ng Cp Quc T'),
(1060, 'In Catalogue ng Keo n Phm Marketing Chuyn Nghip'),
(1061, 'B Nhn Din Thng Hiu ng Cp Ca Thng Hiu Xe My UMG Motor'),
(1062, 'Thit K Catalogue p  Sng To  Khng Cn L Chuyn Kh'),
(1063, '99+Mu In Catalogue Ni Tht nh Cao Chinh Phc Khch Hng'),
(1064, 'Catalogue thi trang cao cp ca MYMY by PHUONG MY'),
(1065, 'Dch V In'),
(1066, 'IN N VN PHNG'),
(1067, 'IN NHANH GIA CNG'),
(1068, 'IN N QUNG CO'),
(1069, 'Danh mc dch v in'),
(1070, 'Sn Phm In'),
(1080, 've-in123'),
(1071, 'Lin H'),
(1072, 'Repeaters'),
(1073, 'page_content_repeater'),
(1074, 'home'),
(1084, 'IN TEM - NHN - HP'),
(1085, 'Tt C Dch V In'),
(1086, 'Danh Mc Sn Phm'),
(1087, 'Danh Sch Sn phm'),
(1088, 'Danh thip'),
(1089, 'Danh thip cn mng'),
(1090, 'Menu cc loi'),
(1040, 'IN GIY TIU '),
(1095, 'IN BROCHURE'),
(1096, 'Hanna Code'),
(1097, 'List and view Hanna Codes'),
(1098, 'Add/edit/delete Hanna Codes (text/html, javascript only)'),
(1099, 'Add/edit/delete Hanna Codes (text/html, javascript and PHP)'),
(1107, 'price_table_repeater'),
(1108, 'in-card-visit'),
(1111, 'GIA CNG THNH PHM'),
(1112, 'IN N, DCH V KHC'),
(1116, 'brochure'),
(1121, 'catalogue'),
(1127, 'bia-ho-so'),
(1128, 'bao-thu'),
(1129, 'giay-tieu-de'),
(1130, 'decal'),
(1131, 'lich-de-ban'),
(1132, 'menu'),
(1133, 'thiep-moi-su-kien'),
(1134, 'phieu-qua-tang'),
(1135, 'tui-giay'),
(1136, 'the-nhua'),
(1149, 'In nhanh theo trang'),
(1150, 'in-nhanh-theo-trang'),
(1154, 'In nhanh danh thip'),
(1155, 'in-nhanh-danh-thiep'),
(1158, 'poster'),
(1159, 'in poster'),
(1162, 'IN PP DECAL - POSTER'),
(1163, 'in-poster-1'),
(1172, 'IN STANDEE'),
(1173, 'in-standee'),
(1174, 'Trang ci t'),
(1179, 'IN CANVAS - TRANH TREO'),
(1180, 'posm'),
(1185, 'IN FORMEX - FOAM'),
(1186, 'in-fomex-foam'),
(1205, 'Gia cng t in'),
(1206, 'thanh-pham-in-nhanh'),
(1211, 'Thnh Phm Cun'),
(1212, 'thanh-pham-cuon'),
(1236, 't Hng'),
(1217, 'Thnh phm cun m phng'),
(1218, 'thanh-pham-cuon-mo-phang'),
(1221, 'B, ct, khoan'),
(1222, 'be-cat-khoan'),
(1227, 'Gia cng p kim'),
(1228, 'gia-cong-ep-kim'),
(1230, 'Form Builder'),
(1231, 'Access Form Builder admin page'),
(1232, 'Add new or import Form Builder forms'),
(1233, 'Forms');

-- --------------------------------------------------------

--
-- Table structure for table `field_tooltip_text`
--

CREATE TABLE `field_tooltip_text` (
  `pages_id` int(10) UNSIGNED NOT NULL,
  `data` text NOT NULL
) ENGINE=MyISAM DEFAULT CHARSET=utf8;

--
-- Dumping data for table `field_tooltip_text`
--

INSERT INTO `field_tooltip_text` (`pages_id`, `data`) VALUES
(1100, 'Giy M Thut Lanvi'),
(1101, 'Giy M Thut Thun An'),
(1102, 'Giy Conqueror'),
(1103, 'Google lu tr v chia s d liu'),
(1104, 'Microsoft lu tr v chia s d liu'),
(1105, 'Video gii thiu 123in');

-- --------------------------------------------------------

--
-- Table structure for table `field_url_link`
--

CREATE TABLE `field_url_link` (
  `pages_id` int(10) UNSIGNED NOT NULL,
  `data` text NOT NULL
) ENGINE=MyISAM DEFAULT CHARSET=utf8;

--
-- Dumping data for table `field_url_link`
--

INSERT INTO `field_url_link` (`pages_id`, `data`) VALUES
(1109, '/lien-he'),
(1110, '/lien-he'),
(1117, 'http://in123.vn/lien-he-in123/'),
(1115, 'http://in123.vn/lien-he-in123/'),
(1119, 'http://in123.vn/lien-he-in123/'),
(1137, 'http://in123.vn/lien-he-in123/'),
(1138, 'http://in123.vn/lien-he-in123/'),
(1140, 'http://in123.vn/lien-he-in123/'),
(1141, 'http://in123.vn/lien-he-in123/'),
(1142, 'http://in123.vn/lien-he-in123/'),
(1122, 'http://in123.vn/lien-he-in123/'),
(1143, 'http://in123.vn/lien-he-in123/'),
(1145, 'http://in123.vn/lien-he-in123/'),
(1146, 'http://in123.vn/lien-he-in123/'),
(1147, 'http://in123.vn/lien-he-in123/'),
(1148, 'http://in123.vn/lien-he-in123/'),
(1151, '/lien-he'),
(1152, '/lien-he'),
(1156, '/lien-he'),
(1157, '/lien-he'),
(1160, 'http://in123.vn/lien-he-in123/'),
(1161, 'http://in123.vn/lien-he-in123/'),
(1164, '/lien-he'),
(1165, '/lien-he'),
(1166, '/lien-he'),
(1167, '/lien-he'),
(1168, '/lien-he'),
(1175, '/lien-he'),
(1171, 'http://in123.vn/lien-he-in123/'),
(1176, '/lien-he'),
(1177, '/lien-he'),
(1178, '/lien-he'),
(1181, 'http://in123.vn/lien-he-in123/'),
(1184, 'http://in123.vn/lien-he-in123/'),
(1187, '/lien-he'),
(1188, '/lien-he'),
(1189, '/lien-he'),
(1190, 'http://in123.vn/lien-he-in123/'),
(1191, 'http://in123.vn/lien-he-in123/'),
(1194, 'http://in123.vn/lien-he-in123/'),
(1195, 'http://in123.vn/lien-he-in123/'),
(1196, 'http://in123.vn/lien-he-in123/'),
(1197, 'http://in123.vn/lien-he-in123/'),
(1198, 'http://in123.vn/lien-he-in123/'),
(1199, 'http://in123.vn/lien-he-in123/'),
(1200, 'http://in123.vn/lien-he-in123/'),
(1201, 'http://in123.vn/lien-he-in123/'),
(1202, 'http://in123.vn/lien-he-in123/'),
(1192, 'http://in123.vn/lien-he-in123/'),
(1204, 'http://in123.vn/lien-he-in123/'),
(1193, 'http://in123.vn/lien-he-in123/'),
(1207, '/lien-he'),
(1208, '/lien-he'),
(1209, '/lien-he'),
(1210, '/lien-he-in123'),
(1213, '/lien-he'),
(1214, '/lien-he'),
(1215, '/lien-he'),
(1216, '/lien-he'),
(1219, '/lien-he-in123'),
(1220, '/lien-he-in123'),
(1223, '/lien-he'),
(1224, '/lien-he-in123'),
(1225, '/lien-he'),
(1226, '/lien-he'),
(1235, '/lien-he'),
(1234, '/lien-he'),
(1229, '/lien-he'),
(1100, 'http://www.lanvipaper.com.vn/'),
(1101, 'https://thuananpaper.com.vn/'),
(1102, 'http://wingspaper.com.vn/'),
(1103, 'http://drive.google.com'),
(1104, 'https://onedrive.live.com/about/en-US/'),
(1105, 'https://youtu.be/8V8h53E-5ug');

-- --------------------------------------------------------

--
-- Table structure for table `field_video_url_link`
--

CREATE TABLE `field_video_url_link` (
  `pages_id` int(10) UNSIGNED NOT NULL,
  `data` text NOT NULL
) ENGINE=MyISAM DEFAULT CHARSET=utf8;

--
-- Dumping data for table `field_video_url_link`
--

INSERT INTO `field_video_url_link` (`pages_id`, `data`) VALUES
(1, 'https://www.youtube.com/watch?v=8V8h53E-5ug');

-- --------------------------------------------------------

--
-- Table structure for table `forms`
--

CREATE TABLE `forms` (
  `id` int(10) UNSIGNED NOT NULL,
  `name` varchar(128) NOT NULL,
  `data` mediumtext NOT NULL
) ENGINE=InnoDB DEFAULT CHARSET=latin1;

--
-- Dumping data for table `forms`
--

INSERT INTO `forms` (`id`, `name`, `data`) VALUES
(1, 'trang_lien_he', '{\"roles\":{\"form-submit\":[\"guest\"],\"form-list\":[],\"form-edit\":[],\"form-delete\":[],\"entries-list\":[],\"entries-edit\":[],\"entries-delete\":[],\"entries-page\":[],\"entries-resend\":[]},\"framework\":\"Uikit3\",\"submitText\":\"G\\u1edfi \\u0111i\",\"successMessage\":\"C\\u1ea3m \\u01a1n b\\u1ea1n, form c\\u1ee7a b\\u1ea1n \\u0111\\u00e3 \\u0111\\u01b0\\u1ee3c g\\u1edfi \\u0111i.\",\"errorMessage\":\"One or more errors prevented submission of the form. Please correct and try again.\",\"frBasic_cssURL\":\"\\/site\\/modules\\/FormBuilder\\/frameworks\\/basic\\/main.css\",\"emailSubject\":\"Form Submission\",\"responderSubject\":\"Auto-Response\",\"saveFlags\":193,\"frUikit3_ukURL\":\"\\/site\\/modules\\/FormBuilder\\/frameworks\\/uikit3\\/\",\"frUikit3_css\":\"uikit.min.css\",\"frUikit3_horizHeaderWidth\":30,\"frUikit3_buttonType\":\"primary\",\"mobilePx\":300,\"googleSpreadsheetUrl\":\"https:\\/\\/docs.google.com\\/spreadsheets\\/d\\/1-4fr7ybBJbpgZZlJSHCzsAMbvH-uL3TQS2izHj641L8\\/edit#gid=0\",\"googleSpreadsheetFields\":[\"entryID\",\"created\",\"full_name\",\"subject\",\"message\"],\"listFields\":[\"full_name\",\"email\",\"message\",\"subject\"],\"entryDays\":45,\"emailFrom\":\"email\",\"emailFrom2\":\"no-reply@123in.vn\",\"responderFrom\":\"no-reply@123in.vn\",\"responderFromName\":\"DV In Nhanh 123in\",\"responderReplyTo\":\"innhanh@123in.vn\",\"responderTo\":\"email\",\"googleSheetsResponseField\":\"email\",\"children\":{\"full_name\":{\"type\":\"Text\",\"label\":\"T\\u00ean B\\u1ea1n\",\"required\":1,\"maxlength\":2048},\"email\":{\"type\":\"Email\",\"label\":\"Email\",\"required\":1,\"maxlength\":512},\"subject\":{\"type\":\"Text\",\"label\":\"Ti\\u00eau \\u0110\\u1ec1\",\"required\":1,\"maxlength\":2048},\"message\":{\"type\":\"Textarea\",\"label\":\"N\\u1ed9i Dung\",\"required\":1,\"rows\":5}}}'),
(2, 'form_dat_hang', '{\"roles\":{\"form-submit\":[\"guest\"],\"form-list\":[],\"form-edit\":[],\"form-delete\":[],\"entries-list\":[],\"entries-edit\":[],\"entries-delete\":[],\"entries-page\":[],\"entries-resend\":[]},\"framework\":\"Uikit3\",\"submitText\":\"\\u0110\\u1eb7t H\\u00e0ng\",\"successMessage\":\"C\\u1ea3m \\u01a1n qu\\u00fd kh\\u00e1ch \\u0111\\u00e3 \\u0111\\u1eb7t h\\u00e0ng 123in.\",\"errorMessage\":\"C\\u00f3 m\\u1ed9t ho\\u1eb7c v\\u00e0i l\\u1ed7i \\u0111\\u00e3 x\\u1ea3y ra khi g\\u1edfi form \\u0111i. Qu\\u00fd kh\\u00e1ch vui l\\u00f2ng xem v\\u00e0 th\\u1eed l\\u1ea1i.\",\"frBasic_cssURL\":\"\\/site\\/modules\\/FormBuilder\\/frameworks\\/basic\\/main.css\",\"emailSubject\":\"Form Submission\",\"responderSubject\":\"Auto-Response\",\"saveFlags\":193,\"mobilePx\":300,\"frUikit3_ukURL\":\"\\/site\\/modules\\/FormBuilder\\/frameworks\\/uikit3\\/\",\"frUikit3_css\":\"uikit.min.css\",\"frUikit3_horizHeaderWidth\":30,\"frUikit3_buttonType\":\"primary\",\"listFields\":[\"product_request\",\"specs_and_note\",\"full_name\",\"phone_number\",\"company_name\",\"link_file_02\",\"link_file_01\",\"link_file_03\"],\"entryDays\":60,\"responderFrom\":\"no-reply@123in.vn\",\"responderFromName\":\"DV In Nhanh 123in\",\"responderReplyTo\":\"innhanh@123in.vn\",\"responderTo\":\"company_name,full_name,product_request,specs_and_note\",\"googleSpreadsheetUrl\":\"https:\\/\\/docs.google.com\\/spreadsheets\\/d\\/1cJYfLCxdZU210xYiqeBH0JbsTB3SdLsGKqV7g6sOt2k\\/edit#gid=0\",\"googleSpreadsheetFields\":[\"entryID\",\"created\",\"full_name\",\"company_name\",\"phone_number\",\"email\",\"product_request\",\"specs_and_note\",\"link_file_01\",\"link_file_02\",\"link_file_03\"],\"children\":{\"product_request\":{\"type\":\"Text\",\"label\":\"Y\\u00eau C\\u1ea7u In\",\"required\":1,\"maxlength\":2048},\"specs_and_note\":{\"type\":\"Textarea\",\"label\":\"Quy C\\u00e1ch & D\\u1eb7n D\\u00f2\",\"required\":1,\"rows\":5},\"link_file_01\":{\"type\":\"URL\",\"label\":\"Link Nh\\u1eadn File 01\",\"description\":\"L\\u00e0 c\\u00e1c link t\\u1eeb Google Drive, One Drive, Dropbox v.v.\",\"notes\":\"\\u00cdt nh\\u1ea5t b\\u1ea1n c\\u1ea7n g\\u1edfi 1 file cho ch\\u00fang t\\u00f4i.\",\"required\":1,\"maxlength\":1024},\"link_file_02\":{\"type\":\"URL\",\"label\":\"Link Nh\\u1eadn File 02\",\"columnWidth\":50,\"maxlength\":1024},\"link_file_03\":{\"type\":\"URL\",\"label\":\"Link Nh\\u1eadn File 03\",\"columnWidth\":50,\"maxlength\":1024},\"full_name\":{\"type\":\"Text\",\"label\":\"T\\u00ean B\\u1ea1n\",\"required\":1,\"columnWidth\":40,\"maxlength\":2048},\"company_name\":{\"type\":\"Text\",\"label\":\"C\\u00f4ng Ty\",\"columnWidth\":60,\"maxlength\":2048},\"phone_number\":{\"type\":\"Text\",\"label\":\"S\\u1ed1 \\u0110T\",\"columnWidth\":50,\"maxlength\":2048},\"email\":{\"type\":\"Text\",\"label\":\"Email\",\"required\":1,\"columnWidth\":50,\"maxlength\":2048}}}');

-- --------------------------------------------------------

--
-- Table structure for table `forms_entries`
--

CREATE TABLE `forms_entries` (
  `id` int(10) UNSIGNED NOT NULL,
  `forms_id` int(10) UNSIGNED NOT NULL,
  `flags` int(10) UNSIGNED NOT NULL DEFAULT '0',
  `str` varchar(128) NOT NULL DEFAULT '',
  `data` text NOT NULL,
  `created` datetime NOT NULL,
  `modified` timestamp NOT NULL DEFAULT CURRENT_TIMESTAMP
) ENGINE=InnoDB DEFAULT CHARSET=latin1;

--
-- Dumping data for table `forms_entries`
--

INSERT INTO `forms_entries` (`id`, `forms_id`, `flags`, `str`, `data`, `created`, `modified`) VALUES
(1, 1, 0, '', '{\"full_name\":\"Dzung Hoang\",\"email\":\"hg.dzung@hotmail.com\",\"subject\":\"Th\\u1eed\",\"message\":\"Th\\u1eed innnhanh 123in\"}', '2019-10-27 05:11:48', '2019-10-26 22:11:48'),
(4, 2, 0, '', '{\"product_request\":\"Test 3\",\"specs_and_note\":\"Test 3\",\"link_file_01\":\"https:\\/\\/vnexpress.net\\/\",\"link_file_02\":\"\",\"link_file_03\":\"\",\"full_name\":\"Dzung Hoang\",\"company_name\":\"Ca An\",\"phone_number\":\"0913900552\",\"email\":\"hg.dzung@hotmail.com\"}', '2019-10-27 22:00:40', '2019-10-27 15:00:40'),
(6, 1, 0, '', '{\"full_name\":\"Dzung Hoang\",\"email\":\"hg.dzung@hotmail.com\",\"subject\":\"Th\\u1eed th\\u00f4ng tin\",\"message\":\"TH\\u1eed\"}', '2019-10-28 03:51:02', '2019-10-27 20:51:02'),
(8, 1, 0, '', '{\"full_name\":\"D\\u0169ng\",\"email\":\"dzung@caan.com.vn\",\"subject\":\"Th\\u1eed th\\u00f4ng \\u0111i\\u1ec7p\",\"message\":\"N\\u1ed9i dung\"}', '2019-10-28 14:51:58', '2019-10-28 07:51:58'),
(9, 1, 0, '', '{\"full_name\":\"Dzung Hoang\",\"email\":\"dzung@caan.com.vn\",\"subject\":\"Th\\u1eed th\\u00f4ng \\u0111i\\u1ec7p\",\"message\":\"Th\\u1eed\"}', '2019-10-28 14:56:35', '2019-10-28 07:56:35'),
(10, 2, 0, '', '{\"product_request\":\"Th\\u1eed 10\",\"specs_and_note\":\"TH\\u1eed\",\"link_file_01\":\"https:\\/\\/innhanh.123in.vn\\/lien-he\\/dat-hang\\/\",\"link_file_02\":\"\",\"link_file_03\":\"\",\"full_name\":\"Dzung Hoang\",\"company_name\":\"Ca An Tech\",\"phone_number\":\"0913900552\",\"email\":\"dzung@caan.com.vn\"}', '2019-10-28 14:58:35', '2019-10-28 07:58:35'),
(11, 1, 0, '', '{\"full_name\":\"Dzung Hoang\",\"email\":\"dzung@caan.com.vn\",\"subject\":\"Th\\u1eed th\\u00f4ng \\u0111i\\u1ec7p\",\"message\":\"Th\\u1eed\"}', '2019-10-28 15:00:57', '2019-10-28 08:00:57'),
(12, 1, 0, '', '{\"full_name\":\"Dzung Hoang\",\"email\":\"dzung@caan.com.vn\",\"subject\":\"Th\\u1eed th\\u00f4ng \\u0111i\\u1ec7p\",\"message\":\"Ddfsdf\"}', '2019-10-28 15:07:04', '2019-10-28 08:07:04'),
(13, 1, 0, '', '{\"full_name\":\"Dzung Hoang\",\"email\":\"hg.dzung@hotmail.com\",\"subject\":\"Tieeu ddeef\",\"message\":\"Thoang dep\"}', '2019-10-28 15:26:49', '2019-10-29 22:58:46'),
(14, 2, 0, '', '{\"product_request\":\"Th\\u1eed 11\",\"specs_and_note\":\"D\",\"link_file_01\":\"https:\\/\\/innhanh.123in.vn\\/lien-he\\/dat-hang\\/\",\"link_file_02\":\"a\",\"link_file_03\":\"b\",\"full_name\":\"Dzung Hoang\",\"company_name\":\"Ca An Tech\",\"phone_number\":\"0913900552\",\"email\":\"dzung@caan.com.vn\"}', '2019-10-28 15:27:38', '2019-10-28 08:27:38'),
(15, 1, 0, '', '{\"full_name\":\"Dzung Hoang\",\"email\":\"dzungh@outlook.com\",\"subject\":\"T\\u00e9t ti\\u1ebfp 1445\",\"message\":\"\\u1eae\"}', '2019-10-28 15:45:51', '2019-10-29 22:58:29'),
(16, 1, 0, '', '{\"full_name\":\"Th\\u1eed\",\"email\":\"dzungh@outlook.com\",\"subject\":\"test message\",\"message\":\"Dz\"}', '2019-10-29 05:44:08', '2019-10-28 22:44:08'),
(17, 2, 0, '', '{\"product_request\":\"\\u0110h 12\",\"specs_and_note\":\"Test\",\"link_file_01\":\"abcd\",\"link_file_02\":\"\",\"link_file_03\":\"\",\"full_name\":\"Dzung Hoang\",\"company_name\":\"Ca An\",\"phone_number\":\"0913900552\",\"email\":\"hg.dzung@hotmail.com\"}', '2019-10-29 05:48:53', '2019-10-28 22:48:53');

-- --------------------------------------------------------

--
-- Table structure for table `hanna_code`
--

CREATE TABLE `hanna_code` (
  `id` int(10) UNSIGNED NOT NULL,
  `name` varchar(128) NOT NULL,
  `type` tinyint(4) NOT NULL DEFAULT '0',
  `code` text,
  `modified` int(10) UNSIGNED NOT NULL DEFAULT '0',
  `accessed` int(10) UNSIGNED NOT NULL DEFAULT '0'
) ENGINE=InnoDB DEFAULT CHARSET=latin1;

--
-- Dumping data for table `hanna_code`
--

INSERT INTO `hanna_code` (`id`, `name`, `type`, `code`, `modified`, `accessed`) VALUES
(1, 'chatscript', 0, '<!-- Start of Rocket.Chat Livechat Script -->\n<script type=\"text/javascript\">\n(function(w, d, s, u) {\n	w.RocketChat = function(c) { w.RocketChat._.push(c) }; w.RocketChat._ = []; w.RocketChat.url = u;\n	var h = d.getElementsByTagName(s)[0], j = d.createElement(s);\n	j.async = true; j.src = \'https://cchat.rocket.chat/packages/rocketchat_livechat/assets/rocketchat-livechat.min.js?_=201702160944\';\n	h.parentNode.insertBefore(j, h);\n})(window, document, \'script\', \'https://cchat.rocket.chat/livechat\');\n</script>\n<!-- End of Rocket.Chat Livechat Script -->', 1571715959, 1572732121),
(2, 'trang-lien-he', 0, '/lien-he-in123', 1572041267, 1572040628),
(3, 'contact-band', 0, '<span class=\"uk-badge\">Goi file: innhanh@123in.vn</span>\n<span class=\"uk-badge\">Tong dai: 1800.6549</span>\n<span class=\"uk-badge\">Skype: innhanh.123in</span>\n<a href=\"https://innhanh.123in.vn/lien-he/dat-hang/\"><span class=\"uk-badge\">Dat hang qua Form</span></a>', 1572179179, 1572699410);

-- --------------------------------------------------------

--
-- Table structure for table `modules`
--

CREATE TABLE `modules` (
  `id` int(10) UNSIGNED NOT NULL,
  `class` varchar(128) CHARACTER SET ascii NOT NULL,
  `flags` int(11) NOT NULL DEFAULT '0',
  `data` text NOT NULL,
  `created` timestamp NOT NULL DEFAULT CURRENT_TIMESTAMP
) ENGINE=MyISAM DEFAULT CHARSET=utf8;

--
-- Dumping data for table `modules`
--

INSERT INTO `modules` (`id`, `class`, `flags`, `data`, `created`) VALUES
(1, 'FieldtypeTextarea', 1, '', '2017-01-23 23:11:43'),
(2, 'FieldtypeNumber', 0, '', '2017-01-23 23:11:43'),
(3, 'FieldtypeText', 1, '', '2017-01-23 23:11:43'),
(4, 'FieldtypePage', 3, '', '2017-01-23 23:11:43'),
(30, 'InputfieldForm', 0, '', '2017-01-23 23:11:43'),
(6, 'FieldtypeFile', 0, '', '2017-01-23 23:11:43'),
(7, 'ProcessPageEdit', 1, '', '2017-01-23 23:11:43'),
(10, 'ProcessLogin', 0, '', '2017-01-23 23:11:43'),
(12, 'ProcessPageList', 0, '{\"pageLabelField\":\"title\",\"paginationLimit\":25,\"limit\":50}', '2017-01-23 23:11:43'),
(121, 'ProcessPageEditLink', 1, '', '2017-01-23 23:11:43'),
(14, 'ProcessPageSort', 0, '', '2017-01-23 23:11:43'),
(15, 'InputfieldPageListSelect', 0, '', '2017-01-23 23:11:43'),
(117, 'JqueryUI', 1, '', '2017-01-23 23:11:43'),
(17, 'ProcessPageAdd', 0, '', '2017-01-23 23:11:43'),
(125, 'SessionLoginThrottle', 11, '', '2017-01-23 23:11:43'),
(122, 'InputfieldPassword', 0, '', '2017-01-23 23:11:43'),
(25, 'InputfieldAsmSelect', 0, '', '2017-01-23 23:11:43'),
(116, 'JqueryCore', 1, '', '2017-01-23 23:11:43'),
(27, 'FieldtypeModule', 1, '', '2017-01-23 23:11:43'),
(28, 'FieldtypeDatetime', 1, '', '2017-01-23 23:11:43'),
(29, 'FieldtypeEmail', 1, '', '2017-01-23 23:11:43'),
(108, 'InputfieldURL', 0, '', '2017-01-23 23:11:43'),
(32, 'InputfieldSubmit', 0, '', '2017-01-23 23:11:43'),
(33, 'InputfieldWrapper', 0, '', '2017-01-23 23:11:43'),
(34, 'InputfieldText', 0, '', '2017-01-23 23:11:43'),
(35, 'InputfieldTextarea', 0, '', '2017-01-23 23:11:43'),
(36, 'InputfieldSelect', 0, '', '2017-01-23 23:11:43'),
(37, 'InputfieldCheckbox', 0, '', '2017-01-23 23:11:43'),
(38, 'InputfieldCheckboxes', 0, '', '2017-01-23 23:11:43'),
(39, 'InputfieldRadios', 0, '', '2017-01-23 23:11:43'),
(40, 'InputfieldHidden', 0, '', '2017-01-23 23:11:43'),
(41, 'InputfieldName', 0, '', '2017-01-23 23:11:43'),
(43, 'InputfieldSelectMultiple', 0, '', '2017-01-23 23:11:43'),
(45, 'JqueryWireTabs', 0, '', '2017-01-23 23:11:43'),
(46, 'ProcessPage', 0, '', '2017-01-23 23:11:43'),
(47, 'ProcessTemplate', 0, '', '2017-01-23 23:11:43'),
(48, 'ProcessField', 32, '', '2017-01-23 23:11:43'),
(50, 'ProcessModule', 0, '', '2017-01-23 23:11:43'),
(114, 'PagePermissions', 3, '', '2017-01-23 23:11:43'),
(97, 'FieldtypeCheckbox', 1, '', '2017-01-23 23:11:43'),
(115, 'PageRender', 3, '{\"clearCache\":1}', '2017-01-23 23:11:43'),
(55, 'InputfieldFile', 0, '', '2017-01-23 23:11:43'),
(56, 'InputfieldImage', 0, '', '2017-01-23 23:11:43'),
(57, 'FieldtypeImage', 1, '', '2017-01-23 23:11:43'),
(60, 'InputfieldPage', 0, '{\"inputfieldClasses\":[\"InputfieldSelect\",\"InputfieldSelectMultiple\",\"InputfieldCheckboxes\",\"InputfieldRadios\",\"InputfieldAsmSelect\",\"InputfieldPageListSelect\",\"InputfieldPageListSelectMultiple\",\"InputfieldPageAutocomplete\"]}', '2017-01-23 23:11:43'),
(61, 'TextformatterEntities', 0, '', '2017-01-23 23:11:43'),
(66, 'ProcessUser', 0, '{\"showFields\":[\"name\",\"email\",\"roles\"]}', '2017-01-23 23:11:43'),
(67, 'MarkupAdminDataTable', 0, '', '2017-01-23 23:11:43'),
(68, 'ProcessRole', 0, '{\"showFields\":[\"name\"]}', '2017-01-23 23:11:43'),
(76, 'ProcessList', 0, '', '2017-01-23 23:11:43'),
(78, 'InputfieldFieldset', 0, '', '2017-01-23 23:11:43'),
(79, 'InputfieldMarkup', 0, '', '2017-01-23 23:11:43'),
(80, 'InputfieldEmail', 0, '', '2017-01-23 23:11:43'),
(89, 'FieldtypeFloat', 1, '', '2017-01-23 23:11:43'),
(83, 'ProcessPageView', 0, '', '2017-01-23 23:11:43'),
(84, 'FieldtypeInteger', 0, '', '2017-01-23 23:11:43'),
(85, 'InputfieldInteger', 0, '', '2017-01-23 23:11:43'),
(86, 'InputfieldPageName', 0, '', '2017-01-23 23:11:43'),
(87, 'ProcessHome', 0, '', '2017-01-23 23:11:43'),
(90, 'InputfieldFloat', 0, '', '2017-01-23 23:11:43'),
(94, 'InputfieldDatetime', 0, '', '2017-01-23 23:11:43'),
(98, 'MarkupPagerNav', 0, '', '2017-01-23 23:11:43'),
(129, 'ProcessPageEditImageSelect', 1, '', '2017-01-23 23:11:43'),
(103, 'JqueryTableSorter', 1, '', '2017-01-23 23:11:43'),
(104, 'ProcessPageSearch', 1, '{\"searchFields\":\"title\",\"displayField\":\"title path\"}', '2017-01-23 23:11:43'),
(105, 'FieldtypeFieldsetOpen', 1, '', '2017-01-23 23:11:43'),
(106, 'FieldtypeFieldsetClose', 1, '', '2017-01-23 23:11:43'),
(107, 'FieldtypeFieldsetTabOpen', 1, '', '2017-01-23 23:11:43'),
(109, 'ProcessPageTrash', 1, '', '2017-01-23 23:11:43'),
(111, 'FieldtypePageTitle', 1, '', '2017-01-23 23:11:43'),
(112, 'InputfieldPageTitle', 0, '', '2017-01-23 23:11:43'),
(113, 'MarkupPageArray', 3, '', '2017-01-23 23:11:43'),
(131, 'InputfieldButton', 0, '', '2017-01-23 23:11:43'),
(133, 'FieldtypePassword', 1, '', '2017-01-23 23:11:43'),
(134, 'ProcessPageType', 33, '{\"showFields\":[]}', '2017-01-23 23:11:43'),
(135, 'FieldtypeURL', 1, '', '2017-01-23 23:11:43'),
(136, 'ProcessPermission', 1, '{\"showFields\":[\"name\",\"title\"]}', '2017-01-23 23:11:43'),
(137, 'InputfieldPageListSelectMultiple', 0, '', '2017-01-23 23:11:43'),
(138, 'ProcessProfile', 1, '{\"profileFields\":[\"pass\",\"email\",\"admin_theme\"]}', '2017-01-23 23:11:43'),
(139, 'SystemUpdater', 1, '{\"systemVersion\":16,\"coreVersion\":\"3.0.123\"}', '2017-01-23 23:11:43'),
(148, 'AdminThemeDefault', 10, '{\"colors\":\"classic\"}', '2017-01-23 23:11:43'),
(149, 'InputfieldSelector', 42, '', '2017-01-23 23:11:43'),
(150, 'ProcessPageLister', 32, '', '2017-01-23 23:11:43'),
(151, 'JqueryMagnific', 1, '', '2017-01-23 23:11:43'),
(152, 'PagePathHistory', 3, '', '2017-01-23 23:11:43'),
(155, 'InputfieldCKEditor', 0, '', '2017-01-23 23:11:43'),
(156, 'MarkupHTMLPurifier', 0, '', '2017-01-23 23:11:43'),
(158, 'ProcessRecentPages', 1, '', '2017-01-23 23:12:09'),
(159, 'ProcessLogger', 1, '', '2017-01-23 23:12:17'),
(160, 'InputfieldIcon', 0, '', '2017-01-23 23:12:17'),
(161, 'FieldtypeComments', 1, '', '2017-01-26 04:32:48'),
(162, 'InputfieldCommentsAdmin', 0, '', '2017-01-26 04:32:48'),
(163, 'InputfieldPageAutocomplete', 0, '', '2017-01-27 04:18:20'),
(164, 'PageFrontEdit', 2, '', '2017-01-27 04:32:31'),
(165, 'ProcessCommentsManager', 1, '', '2017-01-27 05:17:47'),
(167, 'AdminThemeUikit', 10, '', '2019-05-09 22:18:32'),
(168, 'FieldtypeRepeater', 3, '{\"repeatersRootPageID\":1072}', '2019-10-05 21:45:49'),
(169, 'InputfieldRepeater', 0, '', '2019-10-05 21:45:49'),
(170, 'FieldtypeRepeaterMatrix', 33, '', '2019-10-05 21:45:49'),
(171, 'InputfieldRepeaterMatrix', 0, '', '2019-10-05 21:45:49'),
(172, 'FieldtypeTextareas', 1, '', '2019-10-05 21:47:26'),
(173, 'InputfieldTextareas', 0, '', '2019-10-05 21:47:26'),
(174, 'FieldtypeMultiplier', 1, '', '2019-10-06 15:53:32'),
(175, 'InputfieldMultiplier', 0, '', '2019-10-06 15:53:32'),
(176, 'TextformatterHannaCode', 1, '', '2019-10-18 22:48:34'),
(177, 'ProcessHannaCode', 1, '', '2019-10-18 22:48:34'),
(178, 'InputfieldTable', 0, '', '2019-10-20 08:14:41'),
(179, 'FieldtypeTable', 1, '', '2019-10-20 08:14:53'),
(180, 'FormBuilder', 3, '{\"lastMaint\":1572666964,\"schemaVersion\":1,\"licenseKey\":\"PWFB4.pro7487.52ddba4281e1baff5dc4a7015b08b83977dd049b\",\"embedFields\":[],\"embedTag\":\"form-builder\",\"fromEmail\":\"\",\"mailer\":\"\",\"inputfieldClasses\":[\"AsmSelect\",\"Checkbox\",\"Checkboxes\",\"Datetime\",\"Email\",\"Fieldset\",\"Float\",\"Hidden\",\"Integer\",\"Page\",\"Radios\",\"Select\",\"SelectMultiple\",\"Text\",\"Textarea\",\"URL\",\"FormBuilderFile\"],\"useRoles\":\"\",\"akismetKey\":\"\",\"csvDelimiter\":\",\",\"csvUseBOM\":\"\",\"filesPath\":\"{config.paths.cache}form-builder\\/\",\"embedCode\":\"<iframe src=\'{httpUrl}\' id=\'FormBuilderViewport_{name}\' class=\'FormBuilderViewport\' data-form=\'{name}\' title=\'{name}\' frameborder=\'0\' allowTransparency=\'true\' style=\'width: 100%; height: 900px;\'><\\/iframe>\",\"markup_list\":\"<div {attrs}>{out}\\n<\\/div>\",\"markup_item\":\"<div {attrs}>{out}\\n<\\/div>\",\"markup_item_label\":\"<label class=\'ui-widget-header\' for=\'{for}\'>{out}<\\/label>\",\"markup_item_content\":\"<div class=\'ui-widget-content\'>{out}<\\/div>\",\"markup_item_error\":\"<p><span class=\'ui-state-error\'>{out}<\\/span><\\/p>\",\"markup_item_description\":\"<p class=\'description\'>{out}<\\/p>\",\"markup_success\":\"<p class=\'ui-state-highlight\'>{out}<\\/p>\",\"markup_error\":\"<p class=\'ui-state-error\'>{out}<\\/p>\",\"classes_form\":\"\",\"classes_list\":\"Inputfields\",\"classes_list_clearfix\":\"ui-helper-clearfix\",\"classes_item\":\"Inputfield Inputfield_{name} ui-widget {class}\",\"classes_item_required\":\"InputfieldStateRequired\",\"classes_item_error\":\"InputfieldStateError ui-state-error\",\"classes_item_collapsed\":\"InputfieldStateCollapsed\",\"classes_item_column_width\":\"InputfieldColumnWidth\",\"classes_item_column_width_first\":\"InputfieldColumnWidthFirst\",\"uninstall\":\"\",\"submit_save_module\":\"Submit\"}', '2019-10-25 22:42:13'),
(181, 'ProcessFormBuilder', 1, '', '2019-10-25 22:42:13'),
(182, 'InputfieldFormBuilderFile', 0, '', '2019-10-25 22:42:13'),
(183, 'WireMailSmtp', 0, '{\"localhost\":\"Amazon S3\",\"smtp_host\":\"email-smtp.us-east-1.amazonaws.com\",\"smtp_port\":465,\"allow_without_authentication\":\"\",\"smtp_user\":\"AKIAJWJT6SO6XCLSDM2Q\",\"smtp_password\":\"AonJciU8HdsPzUWO5DERR+Dl\\/VwJHY9jA7QJ5LpHdfuc\",\"smtp_start_tls\":\"\",\"smtp_tls_crypto_method\":\"0\",\"smtp_ssl\":1,\"smtp_certificate\":\"\",\"authentication_mechanism\":\"\",\"realm\":\"\",\"workstation\":\"\",\"sender_email\":\"no-reply@123in.vn\",\"sender_name\":\"DV In Nhanh 123in\",\"sender_reply\":\"innhanh@123in.vn\",\"sender_errors_to\":\"dzung@caan.com.vn\",\"sender_signature\":\"\",\"sender_signature_html\":\"\",\"send_sender_signature\":\"1\",\"valid_recipients\":\"\",\"extra_headers\":\"\",\"uninstall\":\"\",\"submit_save_module\":\"Submit\"}', '2019-10-25 22:45:29'),
(184, 'GoogleClientAPI', 0, '{\"accessToken\":{\"access_token\":\"ya29.ImCpB3qjBAnQkZPIJThMUE3Buf10KsZBW_fWk1MFhCzxyI5kE05INJKgPA8mg_LZZ2uTvf0vwwPrZDQTwSDAf5j9aQ_uq3uF5uPm6craYq2xJ3X8Tk6QnuwtjoX7SO_egyM\",\"expires_in\":3600,\"scope\":\"https:\\/\\/www.googleapis.com\\/auth\\/calendar.readonly https:\\/\\/www.googleapis.com\\/auth\\/spreadsheets\",\"token_type\":\"Bearer\",\"created\":1572389884,\"refresh_token\":\"1\\/\\/0e5AIHM0UY4PQCgYIARAAGA4SNwF-L9IrsOoYgWe56wOTYC6KyLeQ-o64FJ4IscVlZd3EHZZAtzl501MqwVAEr3QsqlP4tfItzmM\"},\"authConfigHash\":\"3a677de0fab3578380bcce3a65d99708\",\"scopesHash\":\"f023196d14dfac4a65abc9caae0fe621\",\"refreshToken\":\"1\\/\\/0e5AIHM0UY4PQCgYIARAAGA4SNwF-L9IrsOoYgWe56wOTYC6KyLeQ-o64FJ4IscVlZd3EHZZAtzl501MqwVAEr3QsqlP4tfItzmM\",\"applicationName\":\"Web Innhanh.123in.vn\",\"scopes\":\"https:\\/\\/www.googleapis.com\\/auth\\/calendar.readonly\\nhttps:\\/\\/www.googleapis.com\\/auth\\/spreadsheets\",\"authConfig\":\"{\\\"web\\\":{\\\"client_id\\\":\\\"891007704496-9na5pdivbrcrq7is64ljr0rnk3co10a0.apps.googleusercontent.com\\\",\\\"project_id\\\":\\\"projc-257215\\\",\\\"auth_uri\\\":\\\"https:\\/\\/accounts.google.com\\/o\\/oauth2\\/auth\\\",\\\"token_uri\\\":\\\"https:\\/\\/oauth2.googleapis.com\\/token\\\",\\\"auth_provider_x509_cert_url\\\":\\\"https:\\/\\/www.googleapis.com\\/oauth2\\/v1\\/certs\\\",\\\"client_secret\\\":\\\"QZEjVl5gC2zRtpKLnOhLcKxB\\\",\\\"redirect_uris\\\":[\\\"https:\\/\\/innhanh.123in.vn\\/cp\\/module\\/edit?name=GoogleClientAPI\\\"]}}\",\"redirectURL\":\"https:\\/\\/innhanh.123in.vn\\/cp\\/module\\/edit?name=GoogleClientAPI\",\"configUserID\":\"0\",\"uninstall\":\"\",\"submit_save_module\":\"Submit\"}', '2019-10-27 15:10:33');

-- --------------------------------------------------------

--
-- Table structure for table `pages`
--

CREATE TABLE `pages` (
  `id` int(10) UNSIGNED NOT NULL,
  `parent_id` int(11) UNSIGNED NOT NULL DEFAULT '0',
  `templates_id` int(11) UNSIGNED NOT NULL DEFAULT '0',
  `name` varchar(128) CHARACTER SET ascii NOT NULL,
  `status` int(10) UNSIGNED NOT NULL DEFAULT '1',
  `modified` timestamp NOT NULL DEFAULT CURRENT_TIMESTAMP,
  `modified_users_id` int(10) UNSIGNED NOT NULL DEFAULT '2',
  `created` timestamp NOT NULL DEFAULT '2015-12-17 23:09:00',
  `created_users_id` int(10) UNSIGNED NOT NULL DEFAULT '2',
  `published` datetime DEFAULT NULL,
  `sort` int(11) NOT NULL DEFAULT '0'
) ENGINE=MyISAM DEFAULT CHARSET=utf8;

--
-- Dumping data for table `pages`
--

INSERT INTO `pages` (`id`, `parent_id`, `templates_id`, `name`, `status`, `modified`, `modified_users_id`, `created`, `created_users_id`, `published`, `sort`) VALUES
(1, 0, 1, 'home', 9, '2019-10-30 01:58:17', 41, '2017-01-23 23:11:43', 2, '2017-01-24 06:11:43', 0),
(2, 1, 2, 'cp', 1035, '2019-05-09 22:18:32', 40, '2017-01-23 23:11:43', 2, '2017-01-24 06:11:43', 7),
(3, 2, 2, 'page', 21, '2017-01-23 23:11:43', 41, '2017-01-23 23:11:43', 2, '2017-01-24 06:11:43', 0),
(6, 3, 2, 'add', 21, '2017-01-23 23:12:22', 40, '2017-01-23 23:11:43', 2, '2017-01-24 06:11:43', 1),
(7, 1, 2, 'trash', 1039, '2017-01-23 23:11:43', 41, '2017-01-23 23:11:43', 2, '2017-01-24 06:11:43', 8),
(8, 3, 2, 'list', 21, '2019-05-09 22:18:31', 40, '2017-01-23 23:11:43', 2, '2017-01-24 06:11:43', 0),
(9, 3, 2, 'sort', 1047, '2017-01-23 23:11:43', 41, '2017-01-23 23:11:43', 2, '2017-01-24 06:11:43', 3),
(10, 3, 2, 'edit', 1045, '2017-01-23 23:15:58', 40, '2017-01-23 23:11:43', 2, '2017-01-24 06:11:43', 4),
(11, 22, 2, 'template', 21, '2017-01-23 23:11:43', 41, '2017-01-23 23:11:43', 2, '2017-01-24 06:11:43', 0),
(16, 22, 2, 'field', 21, '2017-01-23 23:11:43', 41, '2017-01-23 23:11:43', 2, '2017-01-24 06:11:43', 2),
(21, 2, 2, 'module', 21, '2017-01-23 23:11:43', 41, '2017-01-23 23:11:43', 2, '2017-01-24 06:11:43', 2),
(22, 2, 2, 'setup', 21, '2017-01-23 23:11:43', 41, '2017-01-23 23:11:43', 2, '2017-01-24 06:11:43', 1),
(23, 2, 2, 'login', 1035, '2017-01-23 23:11:43', 41, '2017-01-23 23:11:43', 2, '2017-01-24 06:11:43', 4),
(27, 1, 29, 'http404', 1035, '2017-01-27 05:25:04', 41, '2017-01-23 23:11:43', 3, '2017-01-24 06:11:43', 6),
(28, 2, 2, 'access', 13, '2017-01-23 23:11:43', 41, '2017-01-23 23:11:43', 2, '2017-01-24 06:11:43', 3),
(29, 28, 2, 'users', 29, '2017-01-23 23:11:43', 41, '2017-01-23 23:11:43', 2, '2017-01-24 06:11:43', 0),
(30, 28, 2, 'roles', 29, '2017-01-23 23:11:43', 41, '2017-01-23 23:11:43', 2, '2017-01-24 06:11:43', 1),
(31, 28, 2, 'permissions', 29, '2017-01-23 23:11:43', 41, '2017-01-23 23:11:43', 2, '2017-01-24 06:11:43', 2),
(32, 31, 5, 'page-edit', 25, '2017-01-23 23:11:43', 41, '2017-01-23 23:11:43', 2, '2017-01-24 06:11:43', 2),
(34, 31, 5, 'page-delete', 25, '2017-01-23 23:11:43', 41, '2017-01-23 23:11:43', 2, '2017-01-24 06:11:43', 3),
(35, 31, 5, 'page-move', 25, '2017-01-23 23:11:43', 41, '2017-01-23 23:11:43', 2, '2017-01-24 06:11:43', 4),
(36, 31, 5, 'page-view', 25, '2017-01-23 23:11:43', 41, '2017-01-23 23:11:43', 2, '2017-01-24 06:11:43', 0),
(37, 30, 4, 'guest', 25, '2017-01-23 23:11:43', 41, '2017-01-23 23:11:43', 2, '2017-01-24 06:11:43', 0),
(38, 30, 4, 'superuser', 25, '2017-01-23 23:11:43', 41, '2017-01-23 23:11:43', 2, '2017-01-24 06:11:43', 1),
(41, 29, 3, 'admin', 1, '2019-05-09 22:18:32', 40, '2017-01-23 23:11:43', 2, '2017-01-24 06:11:43', 0),
(40, 29, 3, 'guest', 25, '2017-01-23 23:11:43', 41, '2017-01-23 23:11:43', 2, '2017-01-24 06:11:43', 1),
(50, 31, 5, 'page-sort', 25, '2017-01-23 23:11:43', 41, '2017-01-23 23:11:43', 41, '2017-01-24 06:11:43', 5),
(51, 31, 5, 'page-template', 25, '2017-01-23 23:11:43', 41, '2017-01-23 23:11:43', 41, '2017-01-24 06:11:43', 6),
(52, 31, 5, 'user-admin', 25, '2017-01-23 23:11:43', 41, '2017-01-23 23:11:43', 41, '2017-01-24 06:11:43', 10),
(53, 31, 5, 'profile-edit', 1, '2017-01-23 23:11:43', 41, '2017-01-23 23:11:43', 41, '2017-01-24 06:11:43', 13),
(54, 31, 5, 'page-lock', 1, '2017-01-23 23:11:43', 41, '2017-01-23 23:11:43', 41, '2017-01-24 06:11:43', 8),
(300, 3, 2, 'search', 1045, '2017-01-23 23:11:43', 41, '2017-01-23 23:11:43', 2, '2017-01-24 06:11:43', 6),
(301, 3, 2, 'trash', 1047, '2017-01-23 23:11:43', 41, '2017-01-23 23:11:43', 2, '2017-01-24 06:11:43', 6),
(302, 3, 2, 'link', 1041, '2017-01-23 23:11:43', 41, '2017-01-23 23:11:43', 2, '2017-01-24 06:11:43', 7),
(303, 3, 2, 'image', 1041, '2017-01-23 23:11:43', 41, '2017-01-23 23:11:43', 2, '2017-01-24 06:11:43', 8),
(304, 2, 2, 'profile', 1025, '2017-01-23 23:11:43', 41, '2017-01-23 23:11:43', 41, '2017-01-24 06:11:43', 5),
(1029, 1001, 48, 'blog', 2049, '2019-10-24 20:59:21', 41, '2019-05-09 22:26:46', 41, '2019-05-10 05:27:08', 1),
(1000, 1, 26, 'search', 1025, '2017-01-26 02:55:14', 41, '2017-01-23 23:11:43', 2, '2017-01-24 06:11:43', 5),
(1001, 1, 57, 'dich-vu-in-nhanh', 1, '2019-10-24 21:15:53', 41, '2017-01-23 23:11:43', 2, '2017-01-24 06:11:43', 3),
(1002, 1001, 58, 'dich-vu-in-nhanh-123in', 1, '2019-10-24 21:12:38', 41, '2017-01-23 23:11:43', 2, '2017-01-24 06:11:43', 0),
(1004, 1001, 29, 'background', 1025, '2019-05-11 03:01:53', 1033, '2017-01-23 23:11:43', 2, '2017-01-24 06:11:43', 2),
(1005, 1001, 34, 'site-map', 1, '2019-10-07 04:03:55', 41, '2017-01-23 23:11:43', 2, '2017-01-24 06:11:43', 5),
(1006, 31, 5, 'page-lister', 1, '2017-01-23 23:11:43', 40, '2017-01-23 23:11:43', 40, '2017-01-24 06:11:43', 9),
(1007, 3, 2, 'lister', 1, '2017-01-23 23:11:43', 40, '2017-01-23 23:11:43', 40, '2017-01-24 06:11:43', 9),
(1009, 3, 2, 'recent-pages', 1, '2017-01-23 23:12:09', 40, '2017-01-23 23:12:09', 40, '2017-01-24 06:12:09', 10),
(1010, 31, 5, 'page-edit-recent', 1, '2017-01-23 23:12:09', 40, '2017-01-23 23:12:09', 40, '2017-01-24 06:12:09', 10),
(1011, 22, 2, 'logs', 1, '2017-01-23 23:12:17', 40, '2017-01-23 23:12:17', 40, '2017-01-24 06:12:17', 2),
(1012, 31, 5, 'logs-view', 1, '2017-01-23 23:12:17', 40, '2017-01-23 23:12:17', 40, '2017-01-24 06:12:17', 11),
(1013, 31, 5, 'logs-edit', 1, '2017-01-23 23:12:17', 40, '2017-01-23 23:12:17', 40, '2017-01-24 06:12:17', 12),
(1014, 1029, 44, 'blogs', 1, '2019-05-11 11:22:29', 41, '2017-01-25 08:22:52', 41, '2017-01-25 15:22:52', 2),
(1015, 1014, 43, 'in-name-card-dep', 1, '2019-05-11 02:52:54', 1033, '2017-01-25 08:23:04', 41, '2017-01-25 15:23:20', 0),
(1016, 1029, 45, 'categories', 1, '2019-05-09 22:29:25', 41, '2017-01-25 22:54:06', 41, '2017-01-26 05:54:06', 1),
(1017, 1016, 46, 'coffee', 2049, '2019-05-13 04:47:45', 1033, '2017-01-25 22:54:46', 41, '2017-01-26 05:54:46', 0),
(1018, 1016, 46, 'beer', 1, '2019-05-11 02:51:01', 1033, '2017-01-25 22:54:53', 41, '2017-01-26 05:54:53', 1),
(1019, 1016, 46, 'plants', 2049, '2019-05-13 04:47:52', 1033, '2017-01-25 22:56:01', 41, '2017-01-26 05:56:01', 2),
(1020, 1016, 46, 'cats', 3073, '2019-05-13 04:47:49', 1033, '2017-01-25 23:10:41', 41, '2017-01-26 06:10:41', 3),
(1021, 1014, 43, 'in-card-visit-nhanh', 1, '2019-05-11 02:53:24', 1033, '2017-01-25 23:38:37', 41, '2017-01-26 06:39:03', 1),
(1022, 1014, 43, 'gia-in-card-visit', 1, '2019-05-11 02:53:35', 1033, '2017-01-26 02:50:20', 41, '2017-01-26 09:50:54', 2),
(1023, 31, 5, 'page-edit-front', 1, '2017-01-27 04:32:31', 41, '2017-01-27 04:32:31', 41, '2017-01-27 11:32:31', 13),
(1024, 1001, 47, 'front-end-editor-demo', 1025, '2019-05-11 03:01:56', 1033, '2017-01-27 05:01:56', 41, '2017-01-27 12:03:43', 3),
(1025, 22, 2, 'comments', 1, '2017-01-27 05:17:47', 41, '2017-01-27 05:17:47', 41, '2017-01-27 12:17:47', 3),
(1026, 31, 5, 'comments-manager', 1, '2017-01-27 05:17:47', 41, '2017-01-27 05:17:47', 41, '2017-01-27 12:17:47', 14),
(1027, 1016, 46, 'recipes', 2049, '2019-05-13 04:47:55', 1033, '2017-01-27 05:37:06', 41, '2017-01-27 12:37:06', 4),
(1030, 7, 29, '1030.1029.0_test', 10241, '2019-05-09 22:29:41', 41, '2019-05-09 22:28:54', 41, NULL, 0),
(1031, 7, 55, '1031.1065.4_danh-sach-dich-vu-in', 9217, '2019-10-08 15:09:58', 41, '2019-05-09 22:44:03', 41, '2019-05-10 05:44:23', 4),
(1032, 30, 4, 'editor', 1, '2019-10-19 03:06:06', 41, '2019-05-10 01:21:07', 41, '2019-05-10 08:21:34', 2),
(1033, 29, 3, 'ngan.pkb', 1, '2019-05-10 01:41:30', 41, '2019-05-10 01:31:03', 41, '2019-05-10 08:41:30', 2),
(1034, 1066, 51, 'in-card-visit', 1, '2019-11-02 06:36:10', 41, '2019-05-10 04:02:50', 1033, '2019-05-10 11:25:13', 0),
(1035, 1066, 51, 'brochure', 1, '2019-10-28 01:55:43', 1033, '2019-05-10 06:39:12', 1033, '2019-05-10 13:41:51', 1),
(1036, 1066, 51, 'catalogue', 1, '2019-10-28 01:56:38', 1033, '2019-05-10 06:45:08', 1033, '2019-05-10 13:48:32', 2),
(1037, 1066, 51, 'bia-ho-so', 1, '2019-10-28 01:56:56', 1033, '2019-05-10 07:22:58', 1033, '2019-05-10 14:30:23', 3),
(1038, 1066, 51, 'bao-thu', 1, '2019-10-28 01:57:22', 1033, '2019-05-10 08:03:10', 1033, '2019-05-10 15:27:15', 4),
(1039, 1066, 51, 'decal', 1, '2019-10-28 01:59:07', 1033, '2019-05-10 08:30:23', 1033, '2019-05-10 15:36:58', 6),
(1040, 1066, 51, 'giay-tieu-de', 1, '2019-10-28 01:57:37', 1033, '2019-05-10 08:38:51', 1033, '2019-05-10 15:41:55', 5),
(1041, 1066, 51, 'lich-de-ban', 1, '2019-10-28 02:03:44', 1033, '2019-05-10 08:43:06', 1033, '2019-05-10 15:44:15', 7),
(1042, 1066, 51, 'menu', 1, '2019-10-28 02:04:08', 1033, '2019-05-10 08:46:21', 1033, '2019-05-11 08:22:09', 8),
(1043, 1066, 51, 'phieu-qua-tang', 1, '2019-10-28 02:14:51', 1033, '2019-05-11 01:25:19', 1033, '2019-05-11 08:29:16', 10),
(1044, 1084, 51, 'hop-giay', 1, '2019-10-08 15:14:11', 41, '2019-05-11 01:31:23', 1033, '2019-05-11 08:34:08', 13),
(1045, 1066, 51, 'thiep-moi-su-kien', 1, '2019-10-28 02:04:48', 1033, '2019-05-11 01:37:26', 1033, '2019-05-11 08:40:49', 9),
(1046, 1066, 51, 'the-nhua', 1, '2019-10-28 02:17:44', 1033, '2019-05-11 01:42:01', 1033, '2019-05-11 08:45:17', 14),
(1047, 1068, 61, 'to-roi', 2049, '2019-10-22 03:00:37', 1033, '2019-05-11 01:46:20', 1033, '2019-05-11 08:54:48', 11),
(1048, 1066, 51, 'tui-giay', 1, '2019-10-28 02:16:08', 1033, '2019-05-11 01:55:37', 1033, '2019-05-11 08:59:38', 12),
(1049, 1016, 46, 'card-visit-ep-kim', 1, '2019-05-13 06:57:14', 1033, '2019-05-11 03:15:27', 1033, '2019-05-13 13:57:11', 5),
(1050, 7, 29, '1050.1029.3_in-card-visit-ep-kim', 11265, '2019-10-07 22:35:50', 41, '2019-05-11 03:22:34', 1033, '2019-05-11 10:23:19', 3),
(1051, 1014, 43, 'in-card-visit-ep-kim', 1, '2019-05-11 03:51:08', 1033, '2019-05-11 03:49:06', 1033, '2019-05-11 10:50:13', 3),
(1052, 1014, 43, 'in-menu-cafe', 1, '2019-05-13 04:48:29', 1033, '2019-05-13 04:42:36', 1033, '2019-05-13 11:48:29', 4),
(1053, 1016, 46, 'menu', 1, '2019-05-13 04:48:23', 1033, '2019-05-13 04:48:10', 1033, '2019-05-13 11:48:23', 6),
(1054, 1014, 43, 'dia-chi-in-menu', 1, '2019-05-13 04:56:20', 1033, '2019-05-13 04:55:44', 1033, '2019-05-13 11:56:20', 5),
(1055, 1014, 43, 'in-menu-nhua', 1, '2019-05-13 04:57:50', 1033, '2019-05-13 04:57:09', 1033, '2019-05-13 11:57:50', 6),
(1056, 1014, 43, 'thuc-don', 1, '2019-05-13 06:34:10', 1033, '2019-05-13 06:32:28', 1033, '2019-05-13 13:33:57', 7),
(1057, 1014, 43, 'thuc-don-dep', 1, '2019-05-13 06:35:56', 1033, '2019-05-13 06:34:59', 1033, '2019-05-13 13:35:20', 8),
(1058, 1014, 43, 'in-menu-quan-an', 1, '2019-05-13 06:56:24', 1033, '2019-05-13 06:36:33', 1033, '2019-05-13 13:55:49', 9),
(1059, 1014, 43, 'in-catalogue-khach-san', 1, '2019-05-13 06:59:39', 1033, '2019-05-13 06:57:46', 1033, '2019-05-13 13:59:39', 10),
(1060, 1014, 43, 'in-catalogue-dong-keo', 1, '2019-05-13 07:02:35', 1033, '2019-05-13 07:00:50', 1033, '2019-05-13 14:02:35', 11),
(1061, 1014, 43, 'bo-nhan-dien-thuong-hieu', 1, '2019-05-13 07:04:23', 1033, '2019-05-13 07:03:17', 1033, '2019-05-13 14:04:23', 12),
(1062, 1014, 43, 'thiet-ke-catalogue-dep', 1, '2019-05-13 07:39:34', 1033, '2019-05-13 07:11:24', 1033, '2019-05-13 14:14:24', 13),
(1063, 1014, 43, 'in-catalogue-noi-that', 1, '2019-05-13 07:17:34', 1033, '2019-05-13 07:14:58', 1033, '2019-05-13 14:16:58', 14),
(1064, 1014, 43, 'catalogue-thoi-trang', 1, '2019-05-13 07:26:05', 1033, '2019-05-13 07:25:14', 1033, '2019-05-13 14:26:05', 15),
(1065, 1, 53, 'dich-vu-in', 1, '2019-10-30 02:00:29', 41, '2019-10-05 06:36:28', 41, '2019-10-05 13:36:28', 0),
(1066, 1065, 50, 'in-an-pham-van-phong', 1, '2019-10-30 03:58:53', 41, '2019-10-05 06:39:03', 41, '2019-10-05 13:39:03', 3),
(1067, 1065, 50, 'in-nhanh-gia-cong', 1, '2019-10-30 03:58:12', 41, '2019-10-05 06:40:43', 41, '2019-10-05 13:40:43', 0),
(1068, 1065, 50, 'in-an-pham-quang-cao', 1, '2019-10-30 03:58:39', 41, '2019-10-05 06:41:34', 41, '2019-10-05 13:41:34', 2),
(1069, 7, 53, '1069.1065.3_danh-muc-dich-vu-in', 8193, '2019-10-08 14:59:13', 41, '2019-10-05 06:45:56', 41, '2019-10-05 13:45:56', 3),
(1070, 1, 59, 'san-pham-in', 2049, '2019-10-28 01:52:37', 41, '2019-10-05 06:55:24', 41, '2019-10-11 01:32:23', 1),
(1071, 1, 56, 'lien-he', 1, '2019-10-27 11:56:03', 41, '2019-10-05 06:58:04', 41, '2019-10-05 13:58:47', 2),
(1072, 2, 2, 'repeaters', 1036, '2019-10-05 21:45:49', 41, '2019-10-05 21:45:49', 41, '2019-10-06 04:45:49', 6),
(1073, 1072, 2, 'for-field-105', 17, '2019-10-05 21:49:40', 41, '2019-10-05 21:49:40', 41, '2019-10-06 04:49:40', 0),
(1074, 1073, 2, 'for-page-1', 17, '2019-10-06 21:55:31', 41, '2019-10-06 21:55:31', 41, '2019-10-07 04:55:31', 0),
(1075, 1074, 54, '1570400306-0529-1', 1, '2019-10-18 02:33:34', 1033, '2019-10-06 22:18:26', 41, '2019-10-07 05:23:37', 0),
(1076, 1074, 54, '1570400343-4818-1', 1, '2019-10-18 02:33:34', 1033, '2019-10-06 22:19:03', 41, '2019-10-07 05:23:37', 1),
(1077, 1074, 54, '1570400363-8077-1', 1, '2019-10-30 01:52:11', 41, '2019-10-06 22:19:23', 41, '2019-10-07 05:23:37', 3),
(1078, 1074, 54, '1570400379-4353-1', 1, '2019-10-30 01:53:29', 41, '2019-10-06 22:19:39', 41, '2019-10-07 05:23:37', 4),
(1079, 1074, 54, '1570400387-2799-1', 1, '2019-10-30 01:58:17', 41, '2019-10-06 22:19:47', 41, '2019-10-07 05:23:37', 5),
(1080, 1073, 2, 'for-page-1002', 17, '2019-10-07 11:51:40', 41, '2019-10-07 11:51:40', 41, '2019-10-07 18:51:40', 1),
(1081, 1080, 54, '1570449100-1919-1', 1, '2019-10-24 21:12:38', 41, '2019-10-07 11:51:40', 41, '2019-10-07 18:57:12', 2),
(1082, 1080, 54, '1570449106-2802-1', 1, '2019-10-24 21:10:51', 41, '2019-10-07 11:51:46', 41, '2019-10-07 18:55:17', 0),
(1083, 1080, 54, '1570449258-994-1', 1, '2019-10-24 21:10:51', 41, '2019-10-07 11:54:18', 41, '2019-10-07 18:55:17', 1),
(1084, 1065, 50, 'in-nhan-hop-nho', 1, '2019-10-30 03:59:10', 41, '2019-10-08 15:13:07', 41, '2019-10-30 10:59:10', 4),
(1085, 1001, 55, 'tat-ca-dich-vu-in', 1, '2019-10-08 15:56:13', 41, '2019-10-08 15:41:34', 41, '2019-10-08 22:42:10', 4),
(1086, 1070, 62, 'danh-muc-san-pham', 1, '2019-10-11 16:14:13', 41, '2019-10-10 18:34:03', 41, '2019-10-11 01:34:03', 0),
(1087, 1070, 59, 'danh-sach-san-pham', 1, '2019-10-10 19:36:57', 41, '2019-10-10 18:34:28', 41, '2019-10-11 01:34:28', 1),
(1088, 1086, 60, 'danh-thiep', 1, '2019-10-11 16:16:44', 41, '2019-10-10 18:43:04', 41, '2019-10-11 01:43:40', 0),
(1089, 1087, 61, 'danh-thiep-can-mang', 1, '2019-10-10 18:54:50', 41, '2019-10-10 18:44:23', 41, '2019-10-11 01:48:40', 0),
(1090, 1086, 60, 'menu-cac-loai', 1, '2019-10-22 19:30:18', 41, '2019-10-10 18:52:58', 41, '2019-10-11 01:53:09', 1),
(1091, 1074, 54, '1570835404-0674-1', 1, '2019-10-19 01:41:12', 1033, '2019-10-11 23:10:04', 41, '2019-10-12 06:11:56', 6),
(1092, 1074, 54, '1570835421-9593-1', 1, '2019-10-19 01:42:17', 1033, '2019-10-11 23:10:21', 41, '2019-10-12 06:11:56', 7),
(1093, 1074, 54, '1570835428-9678-1', 1, '2019-10-19 01:44:46', 1033, '2019-10-11 23:10:28', 41, '2019-10-12 06:11:56', 8),
(1094, 1074, 54, '1571366437-2633-1', 1, '2019-10-18 23:06:59', 41, '2019-10-18 02:40:37', 1033, '2019-10-18 09:42:21', 2),
(1095, 1068, 29, 'brochure', 2049, '2019-10-18 09:57:25', 1033, '2019-10-18 09:55:32', 1033, '2019-10-18 16:56:45', 0),
(1096, 22, 2, 'hanna-code', 1, '2019-10-18 22:48:34', 41, '2019-10-18 22:48:34', 41, '2019-10-19 05:48:34', 4),
(1097, 31, 5, 'hanna-code', 1, '2019-10-18 22:48:34', 41, '2019-10-18 22:48:34', 41, '2019-10-19 05:48:34', 15),
(1098, 31, 5, 'hanna-code-edit', 1, '2019-10-18 22:48:34', 41, '2019-10-18 22:48:34', 41, '2019-10-19 05:48:34', 16),
(1099, 31, 5, 'hanna-code-php', 1, '2019-10-18 22:48:34', 41, '2019-10-18 22:48:34', 41, '2019-10-19 05:48:34', 17),
(1100, 1074, 54, '1571439713-6962-1', 1, '2019-10-29 03:19:41', 41, '2019-10-18 23:01:53', 41, '2019-10-19 06:03:45', 12),
(1101, 1074, 54, '1571439862-3911-1', 1, '2019-10-29 03:19:41', 41, '2019-10-18 23:04:22', 41, '2019-10-19 06:06:38', 14),
(1102, 1074, 54, '1571439864-9426-1', 1, '2019-10-29 03:19:41', 41, '2019-10-18 23:04:24', 41, '2019-10-19 06:06:38', 13),
(1103, 1074, 54, '1571439866-2738-1', 1, '2019-10-29 03:19:41', 41, '2019-10-18 23:04:26', 41, '2019-10-19 06:06:38', 9),
(1104, 1074, 54, '1571439867-8509-1', 1, '2019-10-29 03:19:41', 41, '2019-10-18 23:04:27', 41, '2019-10-19 06:06:38', 10),
(1105, 1074, 54, '1571439869-5299-1', 1, '2019-10-30 01:56:35', 41, '2019-10-18 23:04:29', 41, '2019-10-19 06:06:38', 11),
(1107, 1072, 2, 'for-field-123', 17, '2019-10-20 08:30:50', 41, '2019-10-20 08:30:50', 41, '2019-10-20 15:30:50', 1),
(1108, 1107, 2, 'for-page-1034', 17, '2019-10-20 08:46:04', 41, '2019-10-20 08:46:04', 41, '2019-10-20 15:46:04', 0),
(1109, 1108, 63, '1571561170-8863-1', 1, '2019-11-02 06:36:10', 41, '2019-10-20 08:46:10', 41, '2019-10-20 15:50:27', 0),
(1110, 1108, 63, '1571561652-8208-1', 1, '2019-11-02 06:36:10', 41, '2019-10-20 08:54:12', 41, '2019-10-20 19:17:21', 1),
(1111, 1065, 50, 'gia-cong-thanh-pham', 1, '2019-10-30 03:58:26', 41, '2019-10-20 13:14:40', 41, '2019-10-22 02:49:12', 1),
(1112, 1065, 50, 'in-an-dich-vu-khac', 2049, '2019-10-30 04:00:01', 41, '2019-10-20 13:15:37', 41, '2019-10-30 10:59:51', 5),
(1116, 1107, 2, 'for-page-1035', 17, '2019-10-21 02:27:20', 1033, '2019-10-21 02:27:20', 1033, '2019-10-21 09:27:20', 1),
(1115, 1108, 63, '1571623208-7365-1c', 1, '2019-10-21 06:56:21', 1033, '2019-10-21 02:00:08', 1033, '2019-10-21 09:00:15', 2),
(1117, 1116, 63, '1571625695-234-1', 1, '2019-10-21 07:36:35', 1033, '2019-10-21 02:41:35', 1033, '2019-10-21 09:48:22', 0),
(1118, 1116, 63, '1571625715-7266-1c', 3073, '2019-10-21 02:41:55', 1033, '2019-10-21 02:41:55', 1033, NULL, 2),
(1119, 1116, 63, '1571626226-9838-1', 1, '2019-10-21 07:36:35', 1033, '2019-10-21 02:50:26', 1033, '2019-10-21 09:53:43', 2),
(1120, 1116, 63, '1571626231-7438-1c', 3073, '2019-10-21 02:50:31', 1033, '2019-10-21 02:50:31', 1033, NULL, 4),
(1121, 1107, 2, 'for-page-1036', 17, '2019-10-21 03:02:04', 1033, '2019-10-21 03:02:04', 1033, '2019-10-21 10:02:04', 2),
(1122, 1121, 63, '1571627307-0588-1', 1, '2019-10-21 08:51:21', 1033, '2019-10-21 03:08:27', 1033, '2019-10-21 10:14:57', 0),
(1123, 1121, 63, '1571627310-8548-1c', 3073, '2019-10-21 03:08:30', 1033, '2019-10-21 03:08:30', 1033, NULL, 2),
(1124, 1121, 63, '1571627316-0078-1c', 3073, '2019-10-21 03:08:36', 1033, '2019-10-21 03:08:36', 1033, NULL, 3),
(1146, 1121, 63, '1571647538-2867-1c', 1, '2019-10-21 08:56:57', 1033, '2019-10-21 08:45:38', 1033, '2019-10-21 15:51:21', 5),
(1145, 1121, 63, '1571646889-8057-1c', 1, '2019-10-21 08:51:21', 1033, '2019-10-21 08:34:49', 1033, '2019-10-21 15:45:33', 4),
(1127, 1107, 2, 'for-page-1037', 17, '2019-10-21 03:35:52', 1033, '2019-10-21 03:35:52', 1033, '2019-10-21 10:35:52', 3),
(1128, 1107, 2, 'for-page-1038', 17, '2019-10-21 03:42:15', 1033, '2019-10-21 03:42:15', 1033, '2019-10-21 10:42:15', 4),
(1129, 1107, 2, 'for-page-1040', 17, '2019-10-21 03:54:54', 1033, '2019-10-21 03:54:54', 1033, '2019-10-21 10:54:54', 5),
(1130, 1107, 2, 'for-page-1039', 17, '2019-10-21 03:55:43', 1033, '2019-10-21 03:55:43', 1033, '2019-10-21 10:55:43', 6),
(1131, 1107, 2, 'for-page-1041', 17, '2019-10-21 04:08:27', 1033, '2019-10-21 04:08:27', 1033, '2019-10-21 11:08:27', 7),
(1132, 1107, 2, 'for-page-1042', 17, '2019-10-21 04:09:16', 1033, '2019-10-21 04:09:16', 1033, '2019-10-21 11:09:16', 8),
(1133, 1107, 2, 'for-page-1045', 17, '2019-10-21 04:22:05', 1033, '2019-10-21 04:22:05', 1033, '2019-10-21 11:22:05', 9),
(1134, 1107, 2, 'for-page-1043', 17, '2019-10-21 04:27:55', 1033, '2019-10-21 04:27:55', 1033, '2019-10-21 11:27:55', 10),
(1135, 1107, 2, 'for-page-1048', 17, '2019-10-21 04:34:03', 1033, '2019-10-21 04:34:03', 1033, '2019-10-21 11:34:03', 11),
(1136, 1107, 2, 'for-page-1046', 17, '2019-10-21 04:43:05', 1033, '2019-10-21 04:43:05', 1033, '2019-10-21 11:43:05', 12),
(1137, 1108, 63, '1571640529-5445-1', 1, '2019-10-21 06:56:59', 1033, '2019-10-21 06:48:49', 1033, '2019-10-21 13:56:21', 3),
(1138, 1116, 63, '1571643055-0707-1', 1, '2019-10-21 07:36:35', 1033, '2019-10-21 07:30:55', 1033, '2019-10-21 14:36:35', 4),
(1141, 1116, 63, '1571643691-6208-1c', 1, '2019-10-21 07:51:24', 1033, '2019-10-21 07:41:31', 1033, '2019-10-21 14:51:24', 6),
(1140, 1116, 63, '1571643443-6974-1c', 1, '2019-10-21 07:51:24', 1033, '2019-10-21 07:37:23', 1033, '2019-10-21 14:41:14', 5),
(1142, 1116, 63, '1571644292-3773-1c', 1, '2019-10-21 07:54:38', 1033, '2019-10-21 07:51:32', 1033, '2019-10-21 14:54:38', 7),
(1143, 1121, 63, '1571645181-1928-1c', 1, '2019-10-21 08:51:21', 1033, '2019-10-21 08:06:21', 1033, '2019-10-21 15:23:18', 3),
(1147, 1127, 63, '1571648266-8738-1', 1, '2019-10-21 09:49:50', 1033, '2019-10-21 08:57:46', 1033, '2019-10-21 16:11:54', 0),
(1148, 1127, 63, '1571650902-8185-1c', 2048, '2019-10-28 01:56:56', 1033, '2019-10-21 09:41:42', 1033, '2019-10-21 16:49:50', 1),
(1149, 1067, 51, 'in-nhanh-theo-trang', 1, '2019-10-27 12:27:29', 41, '2019-10-21 11:56:12', 41, '2019-10-21 19:01:03', 0),
(1150, 1107, 2, 'for-page-1149', 17, '2019-10-21 11:56:13', 41, '2019-10-21 11:56:13', 41, '2019-10-21 18:56:13', 13),
(1151, 1150, 63, '1571659049-3609-1', 1, '2019-10-27 01:19:27', 41, '2019-10-21 11:57:29', 41, '2019-10-21 19:01:03', 0),
(1152, 1150, 63, '1571683858-5925-1', 1, '2019-10-27 01:42:09', 41, '2019-10-21 18:50:58', 41, '2019-10-22 02:00:43', 1),
(1154, 1067, 51, 'in-nhanh-danh-thiep', 1, '2019-10-26 11:14:57', 41, '2019-10-21 19:34:19', 41, '2019-10-22 02:44:34', 1),
(1155, 1107, 2, 'for-page-1154', 17, '2019-10-21 19:34:19', 41, '2019-10-21 19:34:19', 41, '2019-10-22 02:34:19', 14),
(1156, 1155, 63, '1571686637-79-1', 1, '2019-10-25 22:18:15', 41, '2019-10-21 19:37:17', 41, '2019-10-22 02:44:34', 0),
(1157, 1155, 63, '1571687653-6615-1', 1, '2019-10-25 22:18:15', 41, '2019-10-21 19:54:13', 41, '2019-10-22 03:07:18', 1),
(1158, 1068, 29, 'poster', 2049, '2019-10-22 01:41:16', 1033, '2019-10-22 01:41:16', 1033, NULL, 2),
(1159, 1068, 29, 'in-poster', 2049, '2019-10-22 01:45:34', 1033, '2019-10-22 01:45:34', 1033, NULL, 3),
(1160, 1128, 63, '1571708949-6335-1', 1, '2019-10-25 21:13:50', 41, '2019-10-22 01:49:09', 1033, '2019-10-22 08:53:56', 0),
(1161, 1128, 63, '1571709262-4598-1c', 2048, '2019-10-28 01:57:22', 1033, '2019-10-22 01:54:22', 1033, '2019-10-22 08:57:12', 1),
(1162, 1068, 51, 'in-poster-1', 1, '2019-11-02 06:34:28', 41, '2019-10-22 02:00:01', 1033, '2019-10-22 09:01:45', 4),
(1163, 1107, 2, 'for-page-1162', 17, '2019-10-22 02:00:01', 1033, '2019-10-22 02:00:01', 1033, '2019-10-22 09:00:01', 15),
(1164, 1163, 63, '1571709813-454-1', 1, '2019-11-02 06:34:28', 41, '2019-10-22 02:03:33', 1033, '2019-10-22 09:07:46', 0),
(1165, 1163, 63, '1571710088-6998-1c', 1, '2019-11-02 06:34:28', 41, '2019-10-22 02:08:08', 1033, '2019-10-22 09:16:35', 1),
(1166, 1163, 63, '1571710647-1161-1c', 1, '2019-11-02 06:34:28', 41, '2019-10-22 02:17:27', 1033, '2019-10-22 09:20:56', 2),
(1167, 1163, 63, '1571710874-3527-1c', 1, '2019-11-02 06:34:28', 41, '2019-10-22 02:21:14', 1033, '2019-10-22 09:29:35', 3),
(1168, 1163, 63, '1571711387-8493-1c', 1, '2019-11-02 06:34:28', 41, '2019-10-22 02:29:47', 1033, '2019-10-22 09:34:09', 4),
(1172, 1068, 51, 'in-standee', 1, '2019-11-02 06:35:10', 41, '2019-10-22 03:01:17', 1033, '2019-10-22 10:20:33', 5),
(1173, 1107, 2, 'for-page-1172', 17, '2019-10-22 03:01:17', 1033, '2019-10-22 03:01:17', 1033, '2019-10-22 10:01:17', 16),
(1171, 1163, 63, '1571711718-3537-1c', 1, '2019-10-22 02:49:48', 1033, '2019-10-22 02:35:18', 1033, '2019-10-22 09:39:07', 5),
(1174, 1, 64, 'cai-dat', 3073, '2019-10-28 10:29:06', 41, '2019-10-22 03:07:00', 41, '2019-10-22 10:23:04', 8),
(1175, 1173, 63, '1571713994-7102-1', 1, '2019-11-02 06:35:10', 41, '2019-10-22 03:13:14', 1033, '2019-10-22 10:20:33', 0),
(1176, 1173, 63, '1571714610-5438-1c', 1, '2019-11-02 06:35:10', 41, '2019-10-22 03:23:30', 1033, '2019-10-22 10:24:39', 1),
(1177, 1173, 63, '1571714750-0469-1c', 1, '2019-11-02 06:35:10', 41, '2019-10-22 03:25:50', 1033, '2019-10-22 10:27:06', 2),
(1178, 1173, 63, '1571714868-955-1c', 1, '2019-11-02 06:35:10', 41, '2019-10-22 03:27:48', 1033, '2019-10-22 10:28:53', 3),
(1179, 1068, 51, 'posm', 2049, '2019-10-25 22:25:09', 41, '2019-10-22 03:55:20', 1033, '2019-10-22 11:16:28', 6),
(1180, 1107, 2, 'for-page-1179', 17, '2019-10-22 03:55:20', 1033, '2019-10-22 03:55:20', 1033, '2019-10-22 10:55:20', 17),
(1181, 1180, 63, '1571716956-5619-1', 1, '2019-10-22 04:55:23', 1033, '2019-10-22 04:02:36', 1033, '2019-10-22 11:16:28', 0),
(1185, 1068, 51, 'in-fomex-foam', 1, '2019-11-02 06:33:37', 41, '2019-10-22 06:38:53', 1033, '2019-10-22 13:47:43', 7),
(1184, 1180, 63, '1571719441-6113-1c', 1, '2019-10-22 04:55:23', 1033, '2019-10-22 04:44:01', 1033, '2019-10-22 11:50:42', 1),
(1186, 1107, 2, 'for-page-1185', 17, '2019-10-22 06:38:53', 1033, '2019-10-22 06:38:53', 1033, '2019-10-22 13:38:53', 18),
(1187, 1186, 63, '1571726531-9495-1', 1, '2019-11-02 06:33:37', 41, '2019-10-22 06:42:11', 1033, '2019-10-22 13:47:43', 0),
(1188, 1186, 63, '1571726917-3344-1c', 1, '2019-11-02 06:33:37', 41, '2019-10-22 06:48:37', 1033, '2019-10-22 13:58:59', 1),
(1189, 1186, 63, '1571727605-091-1c', 1, '2019-11-02 06:33:37', 41, '2019-10-22 07:00:05', 1033, '2019-10-22 14:05:09', 2),
(1190, 1186, 63, '1571728070-0989-1c', 1, '2019-10-22 07:17:35', 1033, '2019-10-22 07:07:50', 1033, '2019-10-22 14:10:22', 3),
(1191, 1129, 63, '1571731310-4945-1', 1, '2019-10-23 07:35:23', 1033, '2019-10-22 08:01:50', 1033, '2019-10-22 16:11:00', 0),
(1192, 1131, 63, '1571736835-4304-1', 1, '2019-10-23 07:36:49', 1033, '2019-10-22 09:33:55', 1033, '2019-10-22 16:47:06', 0),
(1193, 1131, 63, '1571737726-545-1c', 1, '2019-10-23 07:36:49', 1033, '2019-10-22 09:48:46', 1033, '2019-10-22 17:01:27', 1),
(1194, 1133, 63, '1571793801-3455-1', 1, '2019-10-23 07:40:02', 1033, '2019-10-23 01:23:21', 1033, '2019-10-23 08:29:00', 0),
(1195, 1133, 63, '1571794145-366-1c', 1, '2019-10-23 07:40:02', 1033, '2019-10-23 01:29:05', 1033, '2019-10-23 08:31:48', 1),
(1196, 1133, 63, '1571794314-2561-1c', 1, '2019-10-23 07:40:02', 1033, '2019-10-23 01:31:54', 1033, '2019-10-23 08:34:31', 2),
(1197, 1133, 63, '1571794562-9999-1c', 1, '2019-10-23 07:40:02', 1033, '2019-10-23 01:36:03', 1033, '2019-10-23 08:38:36', 3),
(1198, 1133, 63, '1571794813-5785-1c', 1, '2019-10-23 07:40:02', 1033, '2019-10-23 01:40:13', 1033, '2019-10-23 08:43:36', 4),
(1199, 1133, 63, '1571795022-3727-1c', 1, '2019-10-23 06:30:22', 1033, '2019-10-23 01:43:42', 1033, '2019-10-23 08:46:17', 5),
(1200, 1134, 63, '1571795243-8032-1', 1, '2019-10-23 07:41:52', 1033, '2019-10-23 01:47:23', 1033, '2019-10-23 08:53:05', 0),
(1201, 1134, 63, '1571795656-4642-1c', 1, '2019-10-23 07:41:52', 1033, '2019-10-23 01:54:16', 1033, '2019-10-23 08:56:57', 1),
(1202, 1136, 63, '1571796802-8165-1', 1, '2019-10-23 02:34:02', 1033, '2019-10-23 02:13:22', 1033, '2019-10-23 09:18:58', 0),
(1204, 1136, 63, '1571797843-0161-1', 1, '2019-10-23 06:40:33', 1033, '2019-10-23 02:30:43', 1033, '2019-10-23 09:34:02', 1),
(1205, 1067, 51, 'gia-cong-to-in', 1, '2019-10-29 04:30:49', 41, '2019-10-24 03:51:55', 41, '2019-10-24 13:39:22', 2),
(1206, 1107, 2, 'for-page-1205', 17, '2019-10-24 03:51:55', 41, '2019-10-24 03:51:55', 41, '2019-10-24 10:51:55', 19),
(1207, 1206, 63, '1571899094-333-1', 1, '2019-10-25 22:20:51', 41, '2019-10-24 06:38:14', 41, '2019-10-24 13:39:22', 0),
(1236, 1071, 66, 'dat-hang', 1, '2019-10-27 11:36:42', 41, '2019-10-27 11:00:22', 41, '2019-10-27 18:00:22', 0),
(1208, 1206, 63, '1571899559-8673-1', 1, '2019-10-29 04:30:49', 41, '2019-10-24 06:45:59', 41, '2019-10-24 13:51:19', 1),
(1209, 1206, 63, '1571900130-8781-1c', 2048, '2019-10-29 04:30:49', 41, '2019-10-24 06:55:30', 41, '2019-10-24 13:55:48', 2),
(1210, 1206, 63, '1571900156-9048-1c', 1, '2019-10-24 09:01:21', 1033, '2019-10-24 06:55:56', 41, '2019-10-24 13:56:19', 3),
(1211, 1067, 51, 'thanh-pham-cuon', 1, '2019-10-26 11:15:51', 41, '2019-10-24 07:01:31', 41, '2019-10-24 14:08:49', 4),
(1212, 1107, 2, 'for-page-1211', 17, '2019-10-24 07:01:31', 41, '2019-10-24 07:01:31', 41, '2019-10-24 14:01:31', 20),
(1213, 1212, 63, '1571900563-177-1', 1, '2019-10-25 22:23:13', 41, '2019-10-24 07:02:43', 41, '2019-10-24 14:08:49', 0),
(1214, 1212, 63, '1571901114-3998-1c', 1, '2019-10-25 22:23:13', 41, '2019-10-24 07:11:54', 41, '2019-10-24 14:12:47', 2),
(1215, 1212, 63, '1571901176-4681-1c', 1, '2019-10-25 22:23:13', 41, '2019-10-24 07:12:56', 41, '2019-10-24 14:13:16', 3),
(1216, 1212, 63, '1571901207-9312-1c', 1, '2019-10-25 22:23:13', 41, '2019-10-24 07:13:27', 41, '2019-10-24 14:14:03', 4),
(1217, 1067, 51, 'thanh-pham-cuon-mo-phang', 1, '2019-10-26 11:16:04', 41, '2019-10-24 07:42:59', 41, '2019-10-24 14:46:08', 5),
(1218, 1107, 2, 'for-page-1217', 17, '2019-10-24 07:42:59', 41, '2019-10-24 07:42:59', 41, '2019-10-24 14:42:59', 21),
(1219, 1218, 63, '1571903026-9672-1', 1, '2019-10-24 07:46:39', 41, '2019-10-24 07:43:46', 41, '2019-10-24 14:46:08', 0),
(1220, 1218, 63, '1571903177-3562-1c', 1, '2019-10-25 22:23:57', 41, '2019-10-24 07:46:17', 41, '2019-10-24 14:46:39', 1),
(1221, 1067, 51, 'be-cat-khoan', 1, '2019-10-27 07:35:43', 41, '2019-10-24 08:52:29', 41, '2019-10-24 15:52:58', 3),
(1222, 1107, 2, 'for-page-1221', 17, '2019-10-24 08:52:29', 41, '2019-10-24 08:52:29', 41, '2019-10-24 15:52:29', 22),
(1223, 1222, 63, '1571907232-9519-1', 1, '2019-10-27 07:17:28', 41, '2019-10-24 08:53:52', 41, '2019-10-24 15:55:33', 0),
(1224, 1222, 63, '1571907343-2269-1c', 2048, '2019-10-27 07:35:43', 41, '2019-10-24 08:55:43', 41, '2019-10-24 15:56:00', 1),
(1225, 1222, 63, '1571907375-3842-1c', 1, '2019-10-27 07:33:33', 41, '2019-10-24 08:56:15', 41, '2019-10-24 15:56:29', 2),
(1226, 1212, 63, '1571907451-174-1c', 1, '2019-10-25 22:23:13', 41, '2019-10-24 08:57:31', 41, '2019-10-24 15:57:47', 1),
(1227, 1111, 51, 'gia-cong-ep-kim', 1, '2019-10-30 02:04:59', 41, '2019-10-24 09:01:03', 41, '2019-10-24 16:01:28', 0),
(1228, 1107, 2, 'for-page-1227', 17, '2019-10-24 09:01:03', 41, '2019-10-24 09:01:03', 41, '2019-10-24 16:01:03', 23),
(1229, 1228, 63, '1572042445-0956-1', 1, '2019-10-29 07:19:28', 41, '2019-10-25 22:27:25', 41, '2019-10-26 05:31:09', 0),
(1230, 1, 65, 'form-builder', 1025, '2019-10-25 22:42:13', 41, '2019-10-25 22:42:13', 41, '2019-10-26 05:42:13', 9),
(1231, 31, 5, 'form-builder', 1, '2019-10-25 22:42:13', 41, '2019-10-25 22:42:13', 41, '2019-10-26 05:42:13', 18),
(1232, 31, 5, 'form-builder-add', 1, '2019-10-25 22:42:13', 41, '2019-10-25 22:42:13', 41, '2019-10-26 05:42:13', 19),
(1233, 22, 2, 'form-builder', 1, '2019-10-25 22:42:13', 41, '2019-10-25 22:42:13', 41, '2019-10-26 05:42:13', 5),
(1234, 1222, 63, '1572112711-9722-1c', 1, '2019-10-27 07:17:28', 41, '2019-10-26 17:58:31', 41, '2019-10-27 01:00:13', 3),
(1235, 1150, 63, '1572139184-5663-1c', 1, '2019-10-27 12:27:29', 41, '2019-10-27 01:19:44', 41, '2019-10-27 08:30:09', 2);

-- --------------------------------------------------------

--
-- Table structure for table `pages_access`
--

CREATE TABLE `pages_access` (
  `pages_id` int(11) NOT NULL,
  `templates_id` int(11) NOT NULL,
  `ts` timestamp NOT NULL DEFAULT CURRENT_TIMESTAMP ON UPDATE CURRENT_TIMESTAMP
) ENGINE=MyISAM DEFAULT CHARSET=utf8;

--
-- Dumping data for table `pages_access`
--

INSERT INTO `pages_access` (`pages_id`, `templates_id`, `ts`) VALUES
(37, 2, '2019-10-19 03:01:28'),
(38, 2, '2019-10-19 03:01:28'),
(1032, 2, '2019-10-19 03:01:28'),
(32, 2, '2019-10-19 03:01:28'),
(34, 2, '2019-10-19 03:01:28'),
(35, 2, '2019-10-19 03:01:28'),
(36, 2, '2019-10-19 03:01:28'),
(50, 2, '2019-10-19 03:01:28'),
(51, 2, '2019-10-19 03:01:28'),
(52, 2, '2019-10-19 03:01:28'),
(53, 2, '2019-10-19 03:01:28'),
(54, 2, '2019-10-19 03:01:28'),
(1006, 2, '2019-10-19 03:01:28'),
(1010, 2, '2019-10-19 03:01:28'),
(1012, 2, '2019-10-19 03:01:28'),
(1013, 2, '2019-10-19 03:01:28'),
(1023, 2, '2019-10-19 03:01:28'),
(1026, 2, '2019-10-19 03:01:28'),
(1097, 2, '2019-10-19 03:01:28'),
(1098, 2, '2019-10-19 03:01:28'),
(1099, 2, '2019-10-19 03:01:28'),
(1075, 2, '2019-10-19 03:01:28'),
(1076, 2, '2019-10-19 03:01:28'),
(1077, 2, '2019-10-19 03:01:28'),
(1078, 2, '2019-10-19 03:01:28'),
(1079, 2, '2019-10-19 03:01:28'),
(1091, 2, '2019-10-19 03:01:28'),
(1092, 2, '2019-10-19 03:01:28'),
(1093, 2, '2019-10-19 03:01:28'),
(1094, 2, '2019-10-19 03:01:28'),
(1100, 2, '2019-10-19 03:01:28'),
(1101, 2, '2019-10-19 03:01:28'),
(1102, 2, '2019-10-19 03:01:28'),
(1103, 2, '2019-10-19 03:01:28'),
(1104, 2, '2019-10-19 03:01:28'),
(1105, 2, '2019-10-19 03:01:28'),
(1081, 2, '2019-10-19 03:01:28'),
(1082, 2, '2019-10-19 03:01:28'),
(1083, 2, '2019-10-19 03:01:28'),
(1031, 2, '2019-10-19 03:01:28'),
(1069, 2, '2019-10-19 03:01:28'),
(1047, 50, '2019-10-19 23:17:47'),
(1109, 2, '2019-10-20 08:46:10'),
(1110, 2, '2019-10-20 08:54:12'),
(1117, 2, '2019-10-21 02:41:35'),
(1115, 2, '2019-10-21 02:00:08'),
(1118, 2, '2019-10-21 02:41:55'),
(1119, 2, '2019-10-21 02:50:26'),
(1120, 2, '2019-10-21 02:50:31'),
(1122, 2, '2019-10-21 03:08:27'),
(1123, 2, '2019-10-21 03:08:30'),
(1124, 2, '2019-10-21 03:08:36'),
(1146, 2, '2019-10-21 08:45:38'),
(1145, 2, '2019-10-21 08:34:49'),
(1137, 2, '2019-10-21 06:48:49'),
(1138, 2, '2019-10-21 07:30:55'),
(1141, 2, '2019-10-21 07:41:31'),
(1140, 2, '2019-10-21 07:37:23'),
(1142, 2, '2019-10-21 07:51:32'),
(1143, 2, '2019-10-21 08:06:21'),
(1147, 2, '2019-10-21 08:57:46'),
(1148, 2, '2019-10-21 09:41:42'),
(1151, 2, '2019-10-21 11:57:29'),
(1152, 2, '2019-10-21 18:50:58'),
(1156, 2, '2019-10-21 19:37:17'),
(1157, 2, '2019-10-21 19:54:13'),
(1160, 2, '2019-10-22 01:49:09'),
(1161, 2, '2019-10-22 01:54:22'),
(1164, 2, '2019-10-22 02:03:33'),
(1165, 2, '2019-10-22 02:08:08'),
(1166, 2, '2019-10-22 02:17:27'),
(1167, 2, '2019-10-22 02:21:14'),
(1168, 2, '2019-10-22 02:29:47'),
(1174, 1, '2019-10-22 03:07:00'),
(1175, 2, '2019-10-22 03:13:14'),
(1171, 2, '2019-10-22 02:35:18'),
(1176, 2, '2019-10-22 03:23:30'),
(1177, 2, '2019-10-22 03:25:50'),
(1178, 2, '2019-10-22 03:27:48'),
(1181, 2, '2019-10-22 04:02:36'),
(1187, 2, '2019-10-22 06:42:11'),
(1184, 2, '2019-10-22 04:44:01'),
(1188, 2, '2019-10-22 06:48:37'),
(1189, 2, '2019-10-22 07:00:05'),
(1190, 2, '2019-10-22 07:07:50'),
(1191, 2, '2019-10-22 08:01:50'),
(1192, 2, '2019-10-22 09:33:55'),
(1193, 2, '2019-10-22 09:48:46'),
(1194, 2, '2019-10-23 01:23:21'),
(1195, 2, '2019-10-23 01:29:05'),
(1196, 2, '2019-10-23 01:31:54'),
(1197, 2, '2019-10-23 01:36:03'),
(1198, 2, '2019-10-23 01:40:13'),
(1199, 2, '2019-10-23 01:43:42'),
(1200, 2, '2019-10-23 01:47:23'),
(1201, 2, '2019-10-23 01:54:16'),
(1202, 2, '2019-10-23 02:13:22'),
(1204, 2, '2019-10-23 02:30:43'),
(1207, 2, '2019-10-24 06:38:14'),
(1208, 2, '2019-10-24 06:45:59'),
(1209, 2, '2019-10-24 06:55:30'),
(1210, 2, '2019-10-24 06:55:56'),
(1213, 2, '2019-10-24 07:02:43'),
(1214, 2, '2019-10-24 07:11:54'),
(1215, 2, '2019-10-24 07:12:56'),
(1216, 2, '2019-10-24 07:13:27'),
(1219, 2, '2019-10-24 07:43:46'),
(1220, 2, '2019-10-24 07:46:17'),
(1223, 2, '2019-10-24 08:53:52'),
(1224, 2, '2019-10-24 08:55:43'),
(1225, 2, '2019-10-24 08:56:15'),
(1226, 2, '2019-10-24 08:57:31'),
(1229, 2, '2019-10-25 22:27:25'),
(1230, 1, '2019-10-25 22:42:13'),
(1231, 2, '2019-10-25 22:42:13'),
(1232, 2, '2019-10-25 22:42:13'),
(1234, 2, '2019-10-26 17:58:31'),
(1235, 2, '2019-10-27 01:19:44'),
(1236, 1, '2019-10-27 11:00:22');

-- --------------------------------------------------------

--
-- Table structure for table `pages_parents`
--

CREATE TABLE `pages_parents` (
  `pages_id` int(10) UNSIGNED NOT NULL,
  `parents_id` int(10) UNSIGNED NOT NULL
) ENGINE=MyISAM DEFAULT CHARSET=utf8;

--
-- Dumping data for table `pages_parents`
--

INSERT INTO `pages_parents` (`pages_id`, `parents_id`) VALUES
(2, 1),
(3, 1),
(3, 2),
(22, 1),
(22, 2),
(28, 1),
(28, 2),
(29, 1),
(29, 2),
(29, 28),
(30, 1),
(30, 2),
(30, 28),
(31, 1),
(31, 2),
(31, 28),
(1001, 1),
(1002, 1),
(1002, 1001),
(1004, 1),
(1004, 1001),
(1005, 1),
(1014, 1001),
(1014, 1029),
(1016, 1001),
(1016, 1029),
(1029, 1001),
(1066, 1065),
(1067, 1065),
(1068, 1065),
(1072, 2),
(1073, 2),
(1073, 1072),
(1074, 2),
(1074, 1072),
(1074, 1073),
(1080, 2),
(1080, 1072),
(1080, 1073),
(1084, 1065),
(1086, 1070),
(1087, 1070),
(1107, 2),
(1107, 1072),
(1108, 2),
(1108, 1072),
(1108, 1107),
(1111, 1065),
(1116, 2),
(1116, 1072),
(1116, 1107),
(1121, 2),
(1121, 1072),
(1121, 1107),
(1127, 2),
(1127, 1072),
(1127, 1107),
(1128, 2),
(1128, 1072),
(1128, 1107),
(1129, 2),
(1129, 1072),
(1129, 1107),
(1131, 2),
(1131, 1072),
(1131, 1107),
(1133, 2),
(1133, 1072),
(1133, 1107),
(1134, 2),
(1134, 1072),
(1134, 1107),
(1136, 2),
(1136, 1072),
(1136, 1107),
(1150, 2),
(1150, 1072),
(1150, 1107),
(1155, 2),
(1155, 1072),
(1155, 1107),
(1163, 2),
(1163, 1072),
(1163, 1107),
(1173, 2),
(1173, 1072),
(1173, 1107),
(1180, 2),
(1180, 1072),
(1180, 1107),
(1186, 2),
(1186, 1072),
(1186, 1107),
(1206, 2),
(1206, 1072),
(1206, 1107),
(1212, 2),
(1212, 1072),
(1212, 1107),
(1218, 2),
(1218, 1072),
(1218, 1107),
(1222, 2),
(1222, 1072),
(1222, 1107),
(1228, 2),
(1228, 1072),
(1228, 1107);

-- --------------------------------------------------------

--
-- Table structure for table `pages_sortfields`
--

CREATE TABLE `pages_sortfields` (
  `pages_id` int(10) UNSIGNED NOT NULL DEFAULT '0',
  `sortfield` varchar(20) NOT NULL DEFAULT ''
) ENGINE=MyISAM DEFAULT CHARSET=utf8;

--
-- Dumping data for table `pages_sortfields`
--

INSERT INTO `pages_sortfields` (`pages_id`, `sortfield`) VALUES
(1016, 'name');

-- --------------------------------------------------------

--
-- Table structure for table `page_path_history`
--

CREATE TABLE `page_path_history` (
  `path` varchar(191) NOT NULL,
  `pages_id` int(10) UNSIGNED NOT NULL,
  `created` timestamp NOT NULL DEFAULT CURRENT_TIMESTAMP ON UPDATE CURRENT_TIMESTAMP
) ENGINE=MyISAM DEFAULT CHARSET=utf8;

--
-- Dumping data for table `page_path_history`
--

INSERT INTO `page_path_history` (`path`, `pages_id`, `created`) VALUES
('/blog', 1014, '2019-05-09 22:25:26'),
('/blogs', 1014, '2019-05-09 22:29:16'),
('/categories', 1016, '2019-05-09 22:29:25'),
('/about', 1001, '2019-05-09 23:56:24'),
('/blog/blogs/think-affordable-artificial-blast', 1021, '2019-05-11 02:38:42'),
('/blog/blogs/genuine-symphony', 1022, '2019-05-11 02:43:24'),
('/blog/blogs/phase-data-extended-transaction', 1015, '2019-05-11 02:49:27'),
('/dich-vu-in/danh-muc-dich-vu-in/in-nhanh-giay-my-thuat', 1067, '2019-10-08 14:58:12'),
('/dich-vu-in/danh-muc-dich-vu-in/in-an-pham-quang-cao', 1068, '2019-10-08 14:58:29'),
('/dich-vu-in/danh-sach-dich-vu-in/in-card-visit', 1034, '2019-10-08 15:01:33'),
('/an-pham-nhanh', 1031, '2019-10-05 06:53:16'),
('/ve-in-nhanh', 1001, '2019-10-05 06:56:42'),
('/dich-vu-in/danh-muc-dich-vu-in/san-pham-in', 1070, '2019-10-05 10:18:44'),
('/ve-in123', 1001, '2019-10-07 02:50:03'),
('/site-map', 1005, '2019-10-07 02:50:55'),
('/dich-vu-in123/what', 1002, '2019-10-07 03:44:18'),
('/dich-vu-in/san-pham-in', 1070, '2019-10-08 14:53:37'),
('/dich-vu-in/danh-muc-dich-vu-in/in-an-pham-van-phong', 1066, '2019-10-08 14:57:52'),
('/dich-vu-in/danh-sach-dich-vu-in/brochure', 1035, '2019-10-08 15:02:20'),
('/dich-vu-in/danh-sach-dich-vu-in/catalogue', 1036, '2019-10-08 15:02:51'),
('/dich-vu-in/danh-sach-dich-vu-in/bia-ho-so', 1037, '2019-10-08 15:02:59'),
('/dich-vu-in/danh-sach-dich-vu-in/bao-thu', 1038, '2019-10-08 15:03:08'),
('/dich-vu-in/danh-sach-dich-vu-in/giay-tieu-de', 1040, '2019-10-08 15:03:19'),
('/dich-vu-in/giay-tieu-de', 1040, '2019-10-08 15:03:28'),
('/dich-vu-in/danh-sach-dich-vu-in/decal', 1039, '2019-10-08 15:06:06'),
('/dich-vu-in/danh-sach-dich-vu-in/lich-de-ban', 1041, '2019-10-08 15:06:12'),
('/dich-vu-in/lich-de-ban', 1041, '2019-10-08 15:06:19'),
('/dich-vu-in/danh-sach-dich-vu-in/menu', 1042, '2019-10-08 15:06:37'),
('/dich-vu-in/danh-sach-dich-vu-in/phieu-qua-tang', 1043, '2019-10-08 15:06:45'),
('/dich-vu-in/danh-sach-dich-vu-in/thiep-moi-su-kien', 1045, '2019-10-08 15:07:02'),
('/dich-vu-in/danh-sach-dich-vu-in/to-roi', 1047, '2019-10-08 15:07:16'),
('/dich-vu-in/danh-sach-dich-vu-in/the-nhua', 1046, '2019-10-08 15:07:27'),
('/dich-vu-in/danh-sach-dich-vu-in/tui-giay', 1048, '2019-10-08 15:08:25'),
('/dich-vu-in/danh-sach-dich-vu-in/hop-giay', 1044, '2019-10-08 15:09:39'),
('/dich-vu-in/tui-giay', 1048, '2019-10-08 15:09:03'),
('/dich-vu-in/hop-giay', 1044, '2019-10-08 15:09:46'),
('/dich-vu-in/in-an-pham-van-phong/hop-giay', 1044, '2019-10-08 15:14:11'),
('/dich-vu-in/tat-ca-dich-vu-in', 1085, '2019-10-08 15:56:13'),
('/dich-vu-in/in-an-pham-van-phong/to-roi', 1047, '2019-10-19 04:06:14'),
('/dich-vu-in/in-an-khac', 1112, '2019-10-20 13:17:56'),
('/dich-vu-in/in-nhanh-giay-my-thuat', 1067, '2019-10-21 11:55:04'),
('/dich-vu-in/in-an-pham-quang-cao/in-poster', 1162, '2019-10-22 02:00:01'),
('/san-pham-in/danh-muc-san-pham/danh-thiep-giay-my-thuat', 1090, '2019-10-22 19:30:18'),
('/dich-vu-in/in-nhanh-gia-cong/thanh-pham-in-nhanh', 1205, '2019-10-24 07:19:40'),
('/dich-vu-in123', 1001, '2019-10-24 20:57:18'),
('/dich-vu-in-nhanh/ve-in123', 1002, '2019-10-24 20:58:15'),
('/lien-he-in123', 1071, '2019-10-25 22:15:31'),
('/dich-vu-in/in-nhanh-gia-cong/gia-cong-be-mat-to-in', 1205, '2019-10-27 01:50:16');

-- --------------------------------------------------------

--
-- Table structure for table `session_login_throttle`
--

CREATE TABLE `session_login_throttle` (
  `name` varchar(128) NOT NULL,
  `attempts` int(10) UNSIGNED NOT NULL DEFAULT '0',
  `last_attempt` int(10) UNSIGNED NOT NULL
) ENGINE=MyISAM DEFAULT CHARSET=utf8;

--
-- Dumping data for table `session_login_throttle`
--

INSERT INTO `session_login_throttle` (`name`, `attempts`, `last_attempt`) VALUES
('admin', 1, 1572676255);

-- --------------------------------------------------------

--
-- Table structure for table `templates`
--

CREATE TABLE `templates` (
  `id` int(10) UNSIGNED NOT NULL,
  `name` varchar(191) CHARACTER SET ascii NOT NULL,
  `fieldgroups_id` int(10) UNSIGNED NOT NULL DEFAULT '0',
  `flags` int(11) NOT NULL DEFAULT '0',
  `cache_time` mediumint(9) NOT NULL DEFAULT '0',
  `data` text NOT NULL
) ENGINE=MyISAM DEFAULT CHARSET=utf8;

--
-- Dumping data for table `templates`
--

INSERT INTO `templates` (`id`, `name`, `fieldgroups_id`, `flags`, `cache_time`, `data`) VALUES
(2, 'admin', 2, 8, 0, '{\"useRoles\":1,\"parentTemplates\":[2],\"allowPageNum\":1,\"redirectLogin\":23,\"slashUrls\":1,\"noGlobal\":1,\"compile\":3,\"modified\":1545420650,\"ns\":\"ProcessWire\"}'),
(3, 'user', 3, 8, 0, '{\"useRoles\":1,\"noChildren\":1,\"parentTemplates\":[2],\"slashUrls\":1,\"pageClass\":\"User\",\"noGlobal\":1,\"noMove\":1,\"noTrash\":1,\"noSettings\":1,\"noChangeTemplate\":1,\"nameContentTab\":1}'),
(4, 'role', 4, 8, 0, '{\"noChildren\":1,\"parentTemplates\":[2],\"slashUrls\":1,\"pageClass\":\"Role\",\"noGlobal\":1,\"noMove\":1,\"noTrash\":1,\"noSettings\":1,\"noChangeTemplate\":1,\"nameContentTab\":1}'),
(5, 'permission', 5, 8, 0, '{\"noChildren\":1,\"parentTemplates\":[2],\"slashUrls\":1,\"guestSearchable\":1,\"pageClass\":\"Permission\",\"noGlobal\":1,\"noMove\":1,\"noTrash\":1,\"noSettings\":1,\"noChangeTemplate\":1,\"nameContentTab\":1}'),
(1, 'home', 1, 0, 0, '{\"useRoles\":1,\"editRoles\":[1032],\"addRoles\":[1032],\"noParents\":1,\"slashUrls\":1,\"compile\":3,\"label\":\"Home\",\"modified\":1572319014,\"ns\":\"ProcessWire\",\"roles\":[37,1032]}'),
(26, 'search', 80, 0, 0, '{\"noChildren\":1,\"noParents\":1,\"allowPageNum\":1,\"slashUrls\":1,\"compile\":3,\"label\":\"Search\",\"modified\":1545420650,\"ns\":\"ProcessWire\"}'),
(29, 'basic-page', 83, 0, 0, '{\"useRoles\":1,\"editRoles\":[1032],\"createRoles\":[1032],\"slashUrls\":1,\"compile\":3,\"label\":\"Basic page\",\"modified\":1570583079,\"ns\":\"\\\\\",\"roles\":[37,1032]}'),
(34, 'sitemap', 88, 0, 0, '{\"noChildren\":1,\"noParents\":1,\"redirectLogin\":23,\"slashUrls\":1,\"compile\":3,\"label\":\"Sitemap\",\"modified\":1570421292,\"ns\":\"ProcessWire\"}'),
(43, 'blog-post', 97, 0, 0, '{\"parentTemplates\":[44],\"slashUrls\":1,\"compile\":3,\"label\":\"Blog post\",\"modified\":1557500334,\"ns\":\"ProcessWire\"}'),
(44, 'blog', 98, 0, 0, '{\"sortfield\":\"-97\",\"noParents\":-1,\"childTemplates\":[43],\"allowPageNum\":1,\"slashUrls\":1,\"compile\":3,\"label\":\"Blog\",\"modified\":1557446406,\"ns\":\"ProcessWire\"}'),
(45, 'categories', 99, 0, 0, '{\"useRoles\":1,\"editRoles\":[1032],\"addRoles\":[1032],\"createRoles\":[1032],\"noParents\":-1,\"childTemplates\":[46],\"slashUrls\":1,\"compile\":3,\"label\":\"Categories\",\"modified\":1557501048,\"ns\":\"ProcessWire\",\"roles\":[37,1032]}'),
(46, 'category', 100, 0, 0, '{\"useRoles\":1,\"editRoles\":[1032],\"addRoles\":[1032],\"createRoles\":[1032],\"noChildren\":1,\"parentTemplates\":[45],\"allowPageNum\":1,\"slashUrls\":1,\"compile\":3,\"label\":\"Category\",\"modified\":1571453601,\"ns\":\"ProcessWire\",\"roles\":[37,1032]}'),
(47, 'basic-page-edit', 101, 0, 0, '{\"slashUrls\":1,\"compile\":3,\"label\":\"Basic page (front-end editable)\",\"modified\":1545420650,\"ns\":\"ProcessWire\"}'),
(48, 'blog-news', 102, 0, 0, '{\"useRoles\":1,\"editRoles\":[1032],\"addRoles\":[1032],\"createRoles\":[1032],\"rolesPermissions\":{\"1032\":[\"-35\"]},\"slashUrls\":1,\"compile\":3,\"modified\":1571452645,\"ns\":\"ProcessWire\",\"roles\":[37,1032]}'),
(49, 'menu-page', 103, 0, 0, '{\"slashUrls\":1,\"compile\":3,\"modified\":1570262716}'),
(50, 'print-service-cate', 104, 0, 0, '{\"useRoles\":1,\"editRoles\":[1032],\"addRoles\":[1032],\"rolesPermissions\":{\"1032\":[\"-35\"]},\"slashUrls\":1,\"compile\":3,\"modified\":1572409143,\"ns\":\"ProcessWire\",\"roles\":[37,1032]}'),
(51, 'print-service-page', 105, 0, 0, '{\"useRoles\":1,\"editRoles\":[1032],\"createRoles\":[1032],\"rolesPermissions\":{\"1032\":[\"-35\"]},\"noChildren\":1,\"slashUrls\":1,\"compile\":3,\"modified\":1572179445,\"ns\":\"ProcessWire\",\"roles\":[37,1032]}'),
(52, 'menu-page-abstract', 106, 0, 0, '{\"slashUrls\":1,\"compile\":3,\"modified\":1570257908}'),
(53, 'print-service-cates', 107, 0, 0, '{\"noParents\":1,\"slashUrls\":1,\"compile\":3,\"modified\":1572091884,\"ns\":\"ProcessWire\"}'),
(54, 'repeater_page_content_repeater', 108, 8, 0, '{\"noChildren\":1,\"noParents\":1,\"slashUrls\":1,\"pageClass\":\"RepeaterMatrixPage\",\"noGlobal\":1,\"compile\":3,\"modified\":1570312180}'),
(55, 'print-service-all', 109, 0, 0, '{\"slashUrls\":1,\"compile\":3,\"modified\":1570550410,\"ns\":\"ProcessWire\"}'),
(56, 'contact-page', 110, 0, 0, '{\"slashUrls\":1,\"compile\":3,\"modified\":1572177122,\"ns\":\"\\\\\"}'),
(57, 'in123-page', 111, 0, 0, '{\"slashUrls\":1,\"compile\":3,\"modified\":1570460134,\"ns\":\"ProcessWire\"}'),
(58, 'about-page', 112, 0, 0, '{\"slashUrls\":1,\"compile\":3,\"modified\":1570449490,\"ns\":\"ProcessWire\"}'),
(59, 'print-product-all', 113, 0, 0, '{\"slashUrls\":1,\"compile\":3,\"modified\":1570735538,\"ns\":\"ProcessWire\"}'),
(60, 'print-product-cate', 114, 0, 0, '{\"noChildren\":1,\"slashUrls\":1,\"compile\":3,\"modified\":1571527574,\"ns\":\"ProcessWire\"}'),
(61, 'print-product-page', 115, 0, 0, '{\"slashUrls\":1,\"compile\":3,\"modified\":1570735834,\"ns\":\"ProcessWire\"}'),
(62, 'print-product-cates', 116, 0, 0, '{\"slashUrls\":1,\"compile\":3,\"modified\":1572089812,\"ns\":\"ProcessWire\"}'),
(63, 'repeater_price_table_repeater', 117, 8, 0, '{\"noChildren\":1,\"noParents\":1,\"slashUrls\":1,\"pageClass\":\"RepeaterMatrixPage\",\"noGlobal\":1,\"compile\":3,\"modified\":1571560250}'),
(64, 'settings-page', 118, 0, 0, '{\"slashUrls\":1,\"compile\":3,\"modified\":1571885153}'),
(65, 'form-builder', 119, 8, 0, '{\"noParents\":1,\"urlSegments\":1,\"slashUrls\":1,\"noGlobal\":1,\"compile\":3,\"modified\":1572043619,\"ns\":\"ProcessWire\"}'),
(66, 'order-page', 120, 0, 0, '{\"slashUrls\":1,\"compile\":3,\"modified\":1572176159,\"ns\":\"ProcessWire\"}');

--
-- Indexes for dumped tables
--

--
-- Indexes for table `caches`
--
ALTER TABLE `caches`
  ADD PRIMARY KEY (`name`),
  ADD KEY `expires` (`expires`);

--
-- Indexes for table `fieldgroups`
--
ALTER TABLE `fieldgroups`
  ADD PRIMARY KEY (`id`),
  ADD UNIQUE KEY `name` (`name`);

--
-- Indexes for table `fieldgroups_fields`
--
ALTER TABLE `fieldgroups_fields`
  ADD PRIMARY KEY (`fieldgroups_id`,`fields_id`);

--
-- Indexes for table `fields`
--
ALTER TABLE `fields`
  ADD PRIMARY KEY (`id`),
  ADD UNIQUE KEY `name` (`name`),
  ADD KEY `type` (`type`);

--
-- Indexes for table `field_about_cta_job`
--
ALTER TABLE `field_about_cta_job`
  ADD PRIMARY KEY (`pages_id`),
  ADD KEY `data_exact` (`data`(250));
ALTER TABLE `field_about_cta_job` ADD FULLTEXT KEY `data` (`data`);

--
-- Indexes for table `field_admin_theme`
--
ALTER TABLE `field_admin_theme`
  ADD PRIMARY KEY (`pages_id`),
  ADD KEY `data` (`data`);

--
-- Indexes for table `field_body`
--
ALTER TABLE `field_body`
  ADD PRIMARY KEY (`pages_id`);
ALTER TABLE `field_body` ADD FULLTEXT KEY `data` (`data`);

--
-- Indexes for table `field_button_caption`
--
ALTER TABLE `field_button_caption`
  ADD PRIMARY KEY (`pages_id`),
  ADD KEY `data_exact` (`data`(250));
ALTER TABLE `field_button_caption` ADD FULLTEXT KEY `data` (`data`);

--
-- Indexes for table `field_categories`
--
ALTER TABLE `field_categories`
  ADD PRIMARY KEY (`pages_id`,`sort`),
  ADD KEY `data` (`data`,`pages_id`,`sort`);

--
-- Indexes for table `field_comments`
--
ALTER TABLE `field_comments`
  ADD PRIMARY KEY (`id`),
  ADD KEY `pages_id_sort` (`pages_id`,`sort`),
  ADD KEY `status` (`status`,`email`(191)),
  ADD KEY `pages_id` (`pages_id`,`status`,`created`),
  ADD KEY `created` (`created`,`status`),
  ADD KEY `code` (`code`),
  ADD KEY `subcode` (`subcode`);
ALTER TABLE `field_comments` ADD FULLTEXT KEY `data` (`data`);

--
-- Indexes for table `field_comments_votes`
--
ALTER TABLE `field_comments_votes`
  ADD PRIMARY KEY (`comment_id`,`ip`,`vote`),
  ADD KEY `created` (`created`);

--
-- Indexes for table `field_contact_band`
--
ALTER TABLE `field_contact_band`
  ADD PRIMARY KEY (`pages_id`),
  ADD KEY `data_exact` (`data`(250));
ALTER TABLE `field_contact_band` ADD FULLTEXT KEY `data` (`data`);

--
-- Indexes for table `field_contact_page_addresses`
--
ALTER TABLE `field_contact_page_addresses`
  ADD PRIMARY KEY (`pages_id`),
  ADD KEY `data_exact` (`data`(250));
ALTER TABLE `field_contact_page_addresses` ADD FULLTEXT KEY `data` (`data`);

--
-- Indexes for table `field_contact_part`
--
ALTER TABLE `field_contact_part`
  ADD PRIMARY KEY (`pages_id`,`sort`);
ALTER TABLE `field_contact_part` ADD FULLTEXT KEY `data` (`data`);

--
-- Indexes for table `field_contact_part_2`
--
ALTER TABLE `field_contact_part_2`
  ADD PRIMARY KEY (`pages_id`,`sort`);
ALTER TABLE `field_contact_part_2` ADD FULLTEXT KEY `data` (`data`);

--
-- Indexes for table `field_date`
--
ALTER TABLE `field_date`
  ADD PRIMARY KEY (`pages_id`),
  ADD KEY `data` (`data`);

--
-- Indexes for table `field_email`
--
ALTER TABLE `field_email`
  ADD PRIMARY KEY (`pages_id`),
  ADD KEY `data_exact` (`data`);
ALTER TABLE `field_email` ADD FULLTEXT KEY `data` (`data`);

--
-- Indexes for table `field_headline`
--
ALTER TABLE `field_headline`
  ADD PRIMARY KEY (`pages_id`);
ALTER TABLE `field_headline` ADD FULLTEXT KEY `data` (`data`);

--
-- Indexes for table `field_home_cta`
--
ALTER TABLE `field_home_cta`
  ADD PRIMARY KEY (`pages_id`),
  ADD KEY `data_exact` (`data`(250));
ALTER TABLE `field_home_cta` ADD FULLTEXT KEY `data` (`data`);

--
-- Indexes for table `field_images`
--
ALTER TABLE `field_images`
  ADD PRIMARY KEY (`pages_id`,`sort`),
  ADD KEY `data` (`data`),
  ADD KEY `modified` (`modified`),
  ADD KEY `created` (`created`);
ALTER TABLE `field_images` ADD FULLTEXT KEY `description` (`description`);
ALTER TABLE `field_images` ADD FULLTEXT KEY `filedata` (`filedata`);

--
-- Indexes for table `field_image_alt_text`
--
ALTER TABLE `field_image_alt_text`
  ADD PRIMARY KEY (`pages_id`),
  ADD KEY `data_exact` (`data`(250));
ALTER TABLE `field_image_alt_text` ADD FULLTEXT KEY `data` (`data`);

--
-- Indexes for table `field_image_name`
--
ALTER TABLE `field_image_name`
  ADD PRIMARY KEY (`pages_id`),
  ADD KEY `data_exact` (`data`(250));
ALTER TABLE `field_image_name` ADD FULLTEXT KEY `data` (`data`);

--
-- Indexes for table `field_image_thumb_name`
--
ALTER TABLE `field_image_thumb_name`
  ADD PRIMARY KEY (`pages_id`),
  ADD KEY `data_exact` (`data`(250));
ALTER TABLE `field_image_thumb_name` ADD FULLTEXT KEY `data` (`data`);

--
-- Indexes for table `field_image_url_link`
--
ALTER TABLE `field_image_url_link`
  ADD PRIMARY KEY (`pages_id`),
  ADD KEY `data_exact` (`data`(250));
ALTER TABLE `field_image_url_link` ADD FULLTEXT KEY `data` (`data`);

--
-- Indexes for table `field_inactive`
--
ALTER TABLE `field_inactive`
  ADD PRIMARY KEY (`pages_id`),
  ADD KEY `data` (`data`);

--
-- Indexes for table `field_nav_menu_only_drop_down`
--
ALTER TABLE `field_nav_menu_only_drop_down`
  ADD PRIMARY KEY (`pages_id`),
  ADD KEY `data` (`data`);

--
-- Indexes for table `field_num_text`
--
ALTER TABLE `field_num_text`
  ADD PRIMARY KEY (`pages_id`),
  ADD KEY `data_exact` (`data`(250));
ALTER TABLE `field_num_text` ADD FULLTEXT KEY `data` (`data`);

--
-- Indexes for table `field_page_content_repeater`
--
ALTER TABLE `field_page_content_repeater`
  ADD PRIMARY KEY (`pages_id`),
  ADD KEY `data_exact` (`data`(1)),
  ADD KEY `count` (`count`,`pages_id`),
  ADD KEY `parent_id` (`parent_id`,`pages_id`);
ALTER TABLE `field_page_content_repeater` ADD FULLTEXT KEY `data` (`data`);

--
-- Indexes for table `field_pass`
--
ALTER TABLE `field_pass`
  ADD PRIMARY KEY (`pages_id`),
  ADD KEY `data` (`data`);

--
-- Indexes for table `field_permissions`
--
ALTER TABLE `field_permissions`
  ADD PRIMARY KEY (`pages_id`,`sort`),
  ADD KEY `data` (`data`,`pages_id`,`sort`);

--
-- Indexes for table `field_price_table_4c`
--
ALTER TABLE `field_price_table_4c`
  ADD PRIMARY KEY (`data`),
  ADD UNIQUE KEY `pages_id` (`pages_id`,`sort`);
ALTER TABLE `field_price_table_4c` ADD FULLTEXT KEY `quantity` (`quantity`);
ALTER TABLE `field_price_table_4c` ADD FULLTEXT KEY `option_01` (`option_01`);
ALTER TABLE `field_price_table_4c` ADD FULLTEXT KEY `option_02` (`option_02`);
ALTER TABLE `field_price_table_4c` ADD FULLTEXT KEY `option_03` (`option_03`);

--
-- Indexes for table `field_price_table_repeater`
--
ALTER TABLE `field_price_table_repeater`
  ADD PRIMARY KEY (`pages_id`),
  ADD KEY `data_exact` (`data`(1)),
  ADD KEY `count` (`count`,`pages_id`),
  ADD KEY `parent_id` (`parent_id`,`pages_id`);
ALTER TABLE `field_price_table_repeater` ADD FULLTEXT KEY `data` (`data`);

--
-- Indexes for table `field_print_product_cates`
--
ALTER TABLE `field_print_product_cates`
  ADD PRIMARY KEY (`pages_id`,`sort`),
  ADD KEY `data` (`data`,`pages_id`,`sort`);

--
-- Indexes for table `field_print_product_cate_teasing_texts`
--
ALTER TABLE `field_print_product_cate_teasing_texts`
  ADD PRIMARY KEY (`pages_id`),
  ADD KEY `data_exact` (`data`(250));
ALTER TABLE `field_print_product_cate_teasing_texts` ADD FULLTEXT KEY `data` (`data`);

--
-- Indexes for table `field_print_service_cate_teasing_texts`
--
ALTER TABLE `field_print_service_cate_teasing_texts`
  ADD PRIMARY KEY (`pages_id`),
  ADD KEY `data_exact` (`data`(250));
ALTER TABLE `field_print_service_cate_teasing_texts` ADD FULLTEXT KEY `data` (`data`);

--
-- Indexes for table `field_print_service_page_cta_text`
--
ALTER TABLE `field_print_service_page_cta_text`
  ADD PRIMARY KEY (`pages_id`),
  ADD KEY `data_exact` (`data`(250));
ALTER TABLE `field_print_service_page_cta_text` ADD FULLTEXT KEY `data` (`data`);

--
-- Indexes for table `field_process`
--
ALTER TABLE `field_process`
  ADD PRIMARY KEY (`pages_id`),
  ADD KEY `data` (`data`);

--
-- Indexes for table `field_quote_content`
--
ALTER TABLE `field_quote_content`
  ADD PRIMARY KEY (`pages_id`),
  ADD KEY `data_exact` (`data`(250));
ALTER TABLE `field_quote_content` ADD FULLTEXT KEY `data` (`data`);

--
-- Indexes for table `field_quote_writer`
--
ALTER TABLE `field_quote_writer`
  ADD PRIMARY KEY (`pages_id`),
  ADD KEY `data_exact` (`data`(250));
ALTER TABLE `field_quote_writer` ADD FULLTEXT KEY `data` (`data`);

--
-- Indexes for table `field_quote_writer_title`
--
ALTER TABLE `field_quote_writer_title`
  ADD PRIMARY KEY (`pages_id`),
  ADD KEY `data_exact` (`data`(250));
ALTER TABLE `field_quote_writer_title` ADD FULLTEXT KEY `data` (`data`);

--
-- Indexes for table `field_repeater_matrix_type`
--
ALTER TABLE `field_repeater_matrix_type`
  ADD PRIMARY KEY (`pages_id`),
  ADD KEY `data` (`data`);

--
-- Indexes for table `field_roles`
--
ALTER TABLE `field_roles`
  ADD PRIMARY KEY (`pages_id`,`sort`),
  ADD KEY `data` (`data`,`pages_id`,`sort`);

--
-- Indexes for table `field_settings_logo`
--
ALTER TABLE `field_settings_logo`
  ADD PRIMARY KEY (`pages_id`),
  ADD KEY `data_exact` (`data`(250));
ALTER TABLE `field_settings_logo` ADD FULLTEXT KEY `data` (`data`);

--
-- Indexes for table `field_setting_hanna_codes`
--
ALTER TABLE `field_setting_hanna_codes`
  ADD PRIMARY KEY (`pages_id`),
  ADD KEY `data_exact` (`data`(250));
ALTER TABLE `field_setting_hanna_codes` ADD FULLTEXT KEY `data` (`data`);

--
-- Indexes for table `field_sidebar`
--
ALTER TABLE `field_sidebar`
  ADD PRIMARY KEY (`pages_id`);
ALTER TABLE `field_sidebar` ADD FULLTEXT KEY `data` (`data`);

--
-- Indexes for table `field_summary`
--
ALTER TABLE `field_summary`
  ADD PRIMARY KEY (`pages_id`);
ALTER TABLE `field_summary` ADD FULLTEXT KEY `data` (`data`);

--
-- Indexes for table `field_table_3col`
--
ALTER TABLE `field_table_3col`
  ADD PRIMARY KEY (`data`),
  ADD UNIQUE KEY `pages_id` (`pages_id`,`sort`);
ALTER TABLE `field_table_3col` ADD FULLTEXT KEY `column_01` (`column_01`);
ALTER TABLE `field_table_3col` ADD FULLTEXT KEY `column_02` (`column_02`);
ALTER TABLE `field_table_3col` ADD FULLTEXT KEY `column_03` (`column_03`);

--
-- Indexes for table `field_table_bottom_content`
--
ALTER TABLE `field_table_bottom_content`
  ADD PRIMARY KEY (`pages_id`),
  ADD KEY `data_exact` (`data`(250));
ALTER TABLE `field_table_bottom_content` ADD FULLTEXT KEY `data` (`data`);

--
-- Indexes for table `field_table_heading_3c`
--
ALTER TABLE `field_table_heading_3c`
  ADD PRIMARY KEY (`pages_id`),
  ADD KEY `data_exact` (`data`(250));
ALTER TABLE `field_table_heading_3c` ADD FULLTEXT KEY `data` (`data`);

--
-- Indexes for table `field_table_heading_4c`
--
ALTER TABLE `field_table_heading_4c`
  ADD PRIMARY KEY (`pages_id`),
  ADD KEY `data_exact` (`data`(250));
ALTER TABLE `field_table_heading_4c` ADD FULLTEXT KEY `data` (`data`);

--
-- Indexes for table `field_table_top_content`
--
ALTER TABLE `field_table_top_content`
  ADD PRIMARY KEY (`pages_id`),
  ADD KEY `data_exact` (`data`(250));
ALTER TABLE `field_table_top_content` ADD FULLTEXT KEY `data` (`data`);

--
-- Indexes for table `field_title`
--
ALTER TABLE `field_title`
  ADD PRIMARY KEY (`pages_id`),
  ADD KEY `data_exact` (`data`(191));
ALTER TABLE `field_title` ADD FULLTEXT KEY `data` (`data`);

--
-- Indexes for table `field_tooltip_text`
--
ALTER TABLE `field_tooltip_text`
  ADD PRIMARY KEY (`pages_id`),
  ADD KEY `data_exact` (`data`(250));
ALTER TABLE `field_tooltip_text` ADD FULLTEXT KEY `data` (`data`);

--
-- Indexes for table `field_url_link`
--
ALTER TABLE `field_url_link`
  ADD PRIMARY KEY (`pages_id`),
  ADD KEY `data_exact` (`data`(250));
ALTER TABLE `field_url_link` ADD FULLTEXT KEY `data` (`data`);

--
-- Indexes for table `field_video_url_link`
--
ALTER TABLE `field_video_url_link`
  ADD PRIMARY KEY (`pages_id`),
  ADD KEY `data_exact` (`data`(250));
ALTER TABLE `field_video_url_link` ADD FULLTEXT KEY `data` (`data`);

--
-- Indexes for table `forms`
--
ALTER TABLE `forms`
  ADD PRIMARY KEY (`id`),
  ADD UNIQUE KEY `name` (`name`);

--
-- Indexes for table `forms_entries`
--
ALTER TABLE `forms_entries`
  ADD PRIMARY KEY (`id`),
  ADD KEY `forms_id` (`forms_id`,`flags`),
  ADD KEY `created_forms_id` (`created`,`forms_id`,`flags`),
  ADD KEY `modified_forms_id` (`modified`,`forms_id`,`flags`),
  ADD KEY `id_str` (`id`,`str`);

--
-- Indexes for table `hanna_code`
--
ALTER TABLE `hanna_code`
  ADD PRIMARY KEY (`id`),
  ADD UNIQUE KEY `name` (`name`);

--
-- Indexes for table `modules`
--
ALTER TABLE `modules`
  ADD PRIMARY KEY (`id`),
  ADD UNIQUE KEY `class` (`class`);

--
-- Indexes for table `pages`
--
ALTER TABLE `pages`
  ADD PRIMARY KEY (`id`),
  ADD UNIQUE KEY `name_parent_id` (`name`,`parent_id`),
  ADD KEY `parent_id` (`parent_id`),
  ADD KEY `templates_id` (`templates_id`),
  ADD KEY `modified` (`modified`),
  ADD KEY `created` (`created`),
  ADD KEY `status` (`status`),
  ADD KEY `published` (`published`);

--
-- Indexes for table `pages_access`
--
ALTER TABLE `pages_access`
  ADD PRIMARY KEY (`pages_id`),
  ADD KEY `templates_id` (`templates_id`);

--
-- Indexes for table `pages_parents`
--
ALTER TABLE `pages_parents`
  ADD PRIMARY KEY (`pages_id`,`parents_id`);

--
-- Indexes for table `pages_sortfields`
--
ALTER TABLE `pages_sortfields`
  ADD PRIMARY KEY (`pages_id`);

--
-- Indexes for table `page_path_history`
--
ALTER TABLE `page_path_history`
  ADD PRIMARY KEY (`path`),
  ADD KEY `pages_id` (`pages_id`),
  ADD KEY `created` (`created`);

--
-- Indexes for table `session_login_throttle`
--
ALTER TABLE `session_login_throttle`
  ADD PRIMARY KEY (`name`);

--
-- Indexes for table `templates`
--
ALTER TABLE `templates`
  ADD PRIMARY KEY (`id`),
  ADD UNIQUE KEY `name` (`name`),
  ADD KEY `fieldgroups_id` (`fieldgroups_id`);

--
-- AUTO_INCREMENT for dumped tables
--

--
-- AUTO_INCREMENT for table `fieldgroups`
--
ALTER TABLE `fieldgroups`
  MODIFY `id` int(10) UNSIGNED NOT NULL AUTO_INCREMENT, AUTO_INCREMENT=121;

--
-- AUTO_INCREMENT for table `fields`
--
ALTER TABLE `fields`
  MODIFY `id` int(10) UNSIGNED NOT NULL AUTO_INCREMENT, AUTO_INCREMENT=136;

--
-- AUTO_INCREMENT for table `field_comments`
--
ALTER TABLE `field_comments`
  MODIFY `id` int(10) UNSIGNED NOT NULL AUTO_INCREMENT, AUTO_INCREMENT=5;

--
-- AUTO_INCREMENT for table `field_price_table_4c`
--
ALTER TABLE `field_price_table_4c`
  MODIFY `data` int(10) UNSIGNED NOT NULL AUTO_INCREMENT, AUTO_INCREMENT=564;

--
-- AUTO_INCREMENT for table `field_table_3col`
--
ALTER TABLE `field_table_3col`
  MODIFY `data` int(10) UNSIGNED NOT NULL AUTO_INCREMENT, AUTO_INCREMENT=127;

--
-- AUTO_INCREMENT for table `forms`
--
ALTER TABLE `forms`
  MODIFY `id` int(10) UNSIGNED NOT NULL AUTO_INCREMENT, AUTO_INCREMENT=3;

--
-- AUTO_INCREMENT for table `forms_entries`
--
ALTER TABLE `forms_entries`
  MODIFY `id` int(10) UNSIGNED NOT NULL AUTO_INCREMENT, AUTO_INCREMENT=18;

--
-- AUTO_INCREMENT for table `hanna_code`
--
ALTER TABLE `hanna_code`
  MODIFY `id` int(10) UNSIGNED NOT NULL AUTO_INCREMENT, AUTO_INCREMENT=4;

--
-- AUTO_INCREMENT for table `modules`
--
ALTER TABLE `modules`
  MODIFY `id` int(10) UNSIGNED NOT NULL AUTO_INCREMENT, AUTO_INCREMENT=185;

--
-- AUTO_INCREMENT for table `pages`
--
ALTER TABLE `pages`
  MODIFY `id` int(10) UNSIGNED NOT NULL AUTO_INCREMENT, AUTO_INCREMENT=1237;

--
-- AUTO_INCREMENT for table `templates`
--
ALTER TABLE `templates`
  MODIFY `id` int(10) UNSIGNED NOT NULL AUTO_INCREMENT, AUTO_INCREMENT=67;
COMMIT;

/*!40101 SET CHARACTER_SET_CLIENT=@OLD_CHARACTER_SET_CLIENT */;
/*!40101 SET CHARACTER_SET_RESULTS=@OLD_CHARACTER_SET_RESULTS */;
/*!40101 SET COLLATION_CONNECTION=@OLD_COLLATION_CONNECTION */;
